ISO-10303-21;
HEADER;
FILE_DESCRIPTION(('STEP AP203'),'1');
FILE_NAME('731000133.stp','2025-12-03T03:07:39',('TraceParts'),('TraceParts S.A.S.'),'Spatial InterOp 3D',' ',' ');
FILE_SCHEMA(('CONFIG_CONTROL_DESIGN'));
ENDSEC;
DATA;
#1=DESIGN_CONTEXT('',#27,'design');
#2=APPLICATION_PROTOCOL_DEFINITION('INTERNATIONAL STANDARD','config_control_design',1994,#27);
#3=PRODUCT_CATEGORY_RELATIONSHIP('NONE','NONE',#28,#29);
#4=DATE_AND_TIME(#30,#31);
#5=DATE_TIME_ROLE('creation_date');
#6=DATE_TIME_ROLE('classification_date');
#7=PERSON_AND_ORGANIZATION_ROLE('creator');
#8=PERSON_AND_ORGANIZATION_ROLE('design_supplier');
#9=PERSON_AND_ORGANIZATION_ROLE('classification_officer');
#10=PERSON_AND_ORGANIZATION_ROLE('design_owner');
#11=APPROVAL_PERSON_ORGANIZATION(#32,#33,#34);
#12=APPROVAL_DATE_TIME(#4,#33);
#13=CC_DESIGN_APPROVAL(#33,(#35,#36,#37));
#14=CC_DESIGN_DATE_AND_TIME_ASSIGNMENT(#4,#5,(#37));
#15=CC_DESIGN_DATE_AND_TIME_ASSIGNMENT(#4,#6,(#35));
#16=CC_DESIGN_PERSON_AND_ORGANIZATION_ASSIGNMENT(#32,#10,(#38));
#17=CC_DESIGN_PERSON_AND_ORGANIZATION_ASSIGNMENT(#32,#7,(#37));
#18=CC_DESIGN_PERSON_AND_ORGANIZATION_ASSIGNMENT(#32,#7,(#36));
#19=CC_DESIGN_PERSON_AND_ORGANIZATION_ASSIGNMENT(#32,#8,(#36));
#20=CC_DESIGN_SECURITY_CLASSIFICATION(#35,(#36));
#21=CC_DESIGN_PERSON_AND_ORGANIZATION_ASSIGNMENT(#32,#9,(#35));
#22=SHAPE_DEFINITION_REPRESENTATION(#39,#40);
#23= (GEOMETRIC_REPRESENTATION_CONTEXT(3)GLOBAL_UNCERTAINTY_ASSIGNED_CONTEXT((#43))GLOBAL_UNIT_ASSIGNED_CONTEXT((#45,#46,#47))REPRESENTATION_CONTEXT('NONE','WORKSPACE'));
#27=APPLICATION_CONTEXT('CONFIGURATION CONTROLLED 3D DESIGNS OF MECHANICAL PARTS AND ASSEMBLIES');
#28=PRODUCT_CATEGORY('part','NONE');
#29=PRODUCT_RELATED_PRODUCT_CATEGORY('detail',' ',(#38));
#30=CALENDAR_DATE(2025,3,11);
#31=LOCAL_TIME(4,7,39.0,#49);
#32=PERSON_AND_ORGANIZATION(#50,#51);
#33=APPROVAL(#52,'SOLID MODEL');
#34=APPROVAL_ROLE('APPROVED');
#35=SECURITY_CLASSIFICATION('','',#53);
#36=PRODUCT_DEFINITION_FORMATION_WITH_SPECIFIED_SOURCE(' ','NONE',#38,.NOT_KNOWN.);
#37=PRODUCT_DEFINITION('','NONE',#36,#1);
#38=PRODUCT('1','','PART--DESC',(#54));
#39=PRODUCT_DEFINITION_SHAPE('NONE','NONE',#37);
#40=ADVANCED_BREP_SHAPE_REPRESENTATION('1',(#55,#56),#23);
#43=UNCERTAINTY_MEASURE_WITH_UNIT(LENGTH_MEASURE(1.0E-06),#45,'','');
#45= (CONVERSION_BASED_UNIT('MILLIMETRE',#59)LENGTH_UNIT()NAMED_UNIT(#62));
#46= (NAMED_UNIT(#64)PLANE_ANGLE_UNIT()SI_UNIT($,.RADIAN.));
#47= (NAMED_UNIT(#64)SOLID_ANGLE_UNIT()SI_UNIT($,.STERADIAN.));
#49=COORDINATED_UNIVERSAL_TIME_OFFSET(1,0,.AHEAD.);
#50=PERSON('','UNSPECIFIED',$,$,$,$);
#51=ORGANIZATION('UNSPECIFIED','UNSPECIFIED','UNSPECIFIED');
#52=APPROVAL_STATUS('approved');
#53=SECURITY_CLASSIFICATION_LEVEL('unclassified');
#54=MECHANICAL_CONTEXT('',#27,'mechanical');
#55=MANIFOLD_SOLID_BREP('1',#70);
#56=AXIS2_PLACEMENT_3D('',#71,#72,#73);
#59=LENGTH_MEASURE_WITH_UNIT(LENGTH_MEASURE(1.0),#74);
#62=DIMENSIONAL_EXPONENTS(1.0,0.0,0.0,0.0,0.0,0.0,0.0);
#64=DIMENSIONAL_EXPONENTS(0.0,0.0,0.0,0.0,0.0,0.0,0.0);
#70=CLOSED_SHELL('',(#75,#76,#77,#78,#79,#80,#81,#82,#83,#84,#85,#86,#87,#88,#89,#90,#91,#92,#93,#94,#95,#96,#97,#98,#99,#100,#101,#102,#103,#104,#105,#106,#107,#108,#109,#110,#111,#112,#113,#114,#115,#116,#117,#118,#119,#120,#121,#122,#123,#124,#125,#126,#127,#128,#129,#130,#131,#132,#133,#134,#135,#136,#137,#138,#139,#140,#141,#142,#143,#144,#145,#146,#147,#148,#149,#150,#151,#152,#153,#154,#155,#156,#157,#158,#159,#160,#161,#162,#163,#164,#165,#166,#167,#168,#169,#170,#171,#172,#173,#174,#175,#176,#177,#178,#179,#180,#181,#182,#183,#184,#185,#186,#187,#188,#189,#190,#191,#192,#193,#194,#195));
#71=CARTESIAN_POINT('',(0.0,0.0,0.0));
#72=DIRECTION('',(0.0,0.0,1.0));
#73=DIRECTION('',(1.0,0.0,0.0));
#74= (NAMED_UNIT(#62)LENGTH_UNIT()SI_UNIT(.MILLI.,.METRE.));
#75=ADVANCED_FACE('',(#197),#198,.F.);
#76=ADVANCED_FACE('',(#199),#200,.F.);
#77=ADVANCED_FACE('',(#201),#202,.F.);
#78=ADVANCED_FACE('',(#203),#204,.F.);
#79=ADVANCED_FACE('',(#205),#206,.F.);
#80=ADVANCED_FACE('',(#207),#208,.T.);
#81=ADVANCED_FACE('',(#209),#210,.T.);
#82=ADVANCED_FACE('',(#211),#212,.F.);
#83=ADVANCED_FACE('',(#213),#214,.T.);
#84=ADVANCED_FACE('',(#215),#216,.T.);
#85=ADVANCED_FACE('',(#217),#218,.F.);
#86=ADVANCED_FACE('',(#219),#220,.T.);
#87=ADVANCED_FACE('',(#221),#222,.T.);
#88=ADVANCED_FACE('',(#223),#224,.F.);
#89=ADVANCED_FACE('',(#225),#226,.T.);
#90=ADVANCED_FACE('',(#227),#228,.T.);
#91=ADVANCED_FACE('',(#229),#230,.T.);
#92=ADVANCED_FACE('',(#231),#232,.T.);
#93=ADVANCED_FACE('',(#233),#234,.F.);
#94=ADVANCED_FACE('',(#235),#236,.F.);
#95=ADVANCED_FACE('',(#237),#238,.T.);
#96=ADVANCED_FACE('',(#239),#240,.F.);
#97=ADVANCED_FACE('',(#241),#242,.F.);
#98=ADVANCED_FACE('',(#243),#244,.F.);
#99=ADVANCED_FACE('',(#245),#246,.T.);
#100=ADVANCED_FACE('',(#247),#248,.F.);
#101=ADVANCED_FACE('',(#249),#250,.T.);
#102=ADVANCED_FACE('',(#251),#252,.F.);
#103=ADVANCED_FACE('',(#253),#254,.F.);
#104=ADVANCED_FACE('',(#255),#256,.F.);
#105=ADVANCED_FACE('',(#257),#258,.F.);
#106=ADVANCED_FACE('',(#259),#260,.F.);
#107=ADVANCED_FACE('',(#261),#262,.T.);
#108=ADVANCED_FACE('',(#263),#264,.T.);
#109=ADVANCED_FACE('',(#265),#266,.F.);
#110=ADVANCED_FACE('',(#267),#268,.T.);
#111=ADVANCED_FACE('',(#269),#270,.T.);
#112=ADVANCED_FACE('',(#271),#272,.F.);
#113=ADVANCED_FACE('',(#273),#274,.T.);
#114=ADVANCED_FACE('',(#275),#276,.T.);
#115=ADVANCED_FACE('',(#277),#278,.F.);
#116=ADVANCED_FACE('',(#279),#280,.T.);
#117=ADVANCED_FACE('',(#281),#282,.T.);
#118=ADVANCED_FACE('',(#283),#284,.F.);
#119=ADVANCED_FACE('',(#285),#286,.T.);
#120=ADVANCED_FACE('',(#287),#288,.T.);
#121=ADVANCED_FACE('',(#289),#290,.T.);
#122=ADVANCED_FACE('',(#291),#292,.T.);
#123=ADVANCED_FACE('',(#293,#294),#295,.F.);
#124=ADVANCED_FACE('',(#296),#297,.F.);
#125=ADVANCED_FACE('',(#298,#299),#300,.F.);
#126=ADVANCED_FACE('',(#301),#302,.F.);
#127=ADVANCED_FACE('',(#303),#304,.F.);
#128=ADVANCED_FACE('',(#305),#306,.F.);
#129=ADVANCED_FACE('',(#307,#308),#309,.F.);
#130=ADVANCED_FACE('',(#310),#311,.F.);
#131=ADVANCED_FACE('',(#312),#313,.T.);
#132=ADVANCED_FACE('',(#314),#315,.F.);
#133=ADVANCED_FACE('',(#316),#317,.T.);
#134=ADVANCED_FACE('',(#318),#319,.F.);
#135=ADVANCED_FACE('',(#320),#321,.F.);
#136=ADVANCED_FACE('',(#322),#323,.T.);
#137=ADVANCED_FACE('',(#324),#325,.F.);
#138=ADVANCED_FACE('',(#326),#327,.T.);
#139=ADVANCED_FACE('',(#328,#329),#330,.T.);
#140=ADVANCED_FACE('',(#331,#332),#333,.T.);
#141=ADVANCED_FACE('',(#334),#335,.F.);
#142=ADVANCED_FACE('',(#336),#337,.T.);
#143=ADVANCED_FACE('',(#338),#339,.T.);
#144=ADVANCED_FACE('',(#340),#341,.T.);
#145=ADVANCED_FACE('',(#342),#343,.F.);
#146=ADVANCED_FACE('',(#344),#345,.T.);
#147=ADVANCED_FACE('',(#346,#347),#348,.F.);
#148=ADVANCED_FACE('',(#349),#350,.F.);
#149=ADVANCED_FACE('',(#351),#352,.F.);
#150=ADVANCED_FACE('',(#353),#354,.T.);
#151=ADVANCED_FACE('',(#355),#356,.T.);
#152=ADVANCED_FACE('',(#357),#358,.T.);
#153=ADVANCED_FACE('',(#359),#360,.T.);
#154=ADVANCED_FACE('',(#361),#362,.T.);
#155=ADVANCED_FACE('',(#363),#364,.T.);
#156=ADVANCED_FACE('',(#365),#366,.T.);
#157=ADVANCED_FACE('',(#367),#368,.T.);
#158=ADVANCED_FACE('',(#369,#370),#371,.F.);
#159=ADVANCED_FACE('',(#372),#373,.F.);
#160=ADVANCED_FACE('',(#374,#375),#376,.T.);
#161=ADVANCED_FACE('',(#377),#378,.T.);
#162=ADVANCED_FACE('',(#379,#380),#381,.T.);
#163=ADVANCED_FACE('',(#382),#383,.T.);
#164=ADVANCED_FACE('',(#384),#385,.F.);
#165=ADVANCED_FACE('',(#386),#387,.T.);
#166=ADVANCED_FACE('',(#388,#389),#390,.T.);
#167=ADVANCED_FACE('',(#391),#392,.T.);
#168=ADVANCED_FACE('',(#393,#394),#395,.T.);
#169=ADVANCED_FACE('',(#396),#397,.F.);
#170=ADVANCED_FACE('',(#398),#399,.F.);
#171=ADVANCED_FACE('',(#400),#401,.F.);
#172=ADVANCED_FACE('',(#402),#403,.F.);
#173=ADVANCED_FACE('',(#404),#405,.F.);
#174=ADVANCED_FACE('',(#406),#407,.F.);
#175=ADVANCED_FACE('',(#408),#409,.F.);
#176=ADVANCED_FACE('',(#410),#411,.F.);
#177=ADVANCED_FACE('',(#412),#413,.F.);
#178=ADVANCED_FACE('',(#414),#415,.F.);
#179=ADVANCED_FACE('',(#416),#417,.F.);
#180=ADVANCED_FACE('',(#418),#419,.F.);
#181=ADVANCED_FACE('',(#420),#421,.F.);
#182=ADVANCED_FACE('',(#422),#423,.F.);
#183=ADVANCED_FACE('',(#424),#425,.F.);
#184=ADVANCED_FACE('',(#426),#427,.T.);
#185=ADVANCED_FACE('',(#428),#429,.F.);
#186=ADVANCED_FACE('',(#430),#431,.F.);
#187=ADVANCED_FACE('',(#432),#433,.T.);
#188=ADVANCED_FACE('',(#434),#435,.F.);
#189=ADVANCED_FACE('',(#436),#437,.F.);
#190=ADVANCED_FACE('',(#438),#439,.T.);
#191=ADVANCED_FACE('',(#440),#441,.F.);
#192=ADVANCED_FACE('',(#442),#443,.F.);
#193=ADVANCED_FACE('',(#444),#445,.F.);
#194=ADVANCED_FACE('',(#446),#447,.T.);
#195=ADVANCED_FACE('',(#448,#449),#450,.F.);
#197=FACE_OUTER_BOUND('',#451,.T.);
#198=TOROIDAL_SURFACE('',#452,8.03225,3.40625);
#199=FACE_OUTER_BOUND('',#453,.T.);
#200=TOROIDAL_SURFACE('',#454,8.03225,3.40625);
#201=FACE_OUTER_BOUND('',#455,.T.);
#202=TOROIDAL_SURFACE('',#456,8.03225,3.40625);
#203=FACE_OUTER_BOUND('',#457,.T.);
#204=TOROIDAL_SURFACE('',#458,8.03225,3.40625);
#205=FACE_OUTER_BOUND('',#459,.T.);
#206=CYLINDRICAL_SURFACE('',#460,0.7112);
#207=FACE_OUTER_BOUND('',#461,.T.);
#208=CONICAL_SURFACE('',#462,1.0541,0.0282410772041359);
#209=FACE_OUTER_BOUND('',#463,.T.);
#210=CONICAL_SURFACE('',#464,1.0541,0.0282410772041359);
#211=FACE_OUTER_BOUND('',#465,.T.);
#212=CONICAL_SURFACE('',#466,0.7112,1.02974425867666);
#213=FACE_OUTER_BOUND('',#467,.T.);
#214=CYLINDRICAL_SURFACE('',#468,2.31);
#215=FACE_OUTER_BOUND('',#469,.T.);
#216=CONICAL_SURFACE('',#470,2.11,0.78539816339745);
#217=FACE_OUTER_BOUND('',#471,.T.);
#218=CYLINDRICAL_SURFACE('',#472,1.075);
#219=FACE_OUTER_BOUND('',#473,.T.);
#220=CYLINDRICAL_SURFACE('',#474,3.215);
#221=FACE_OUTER_BOUND('',#475,.T.);
#222=CONICAL_SURFACE('',#476,1.05,0.785398163397452);
#223=FACE_OUTER_BOUND('',#477,.T.);
#224=CYLINDRICAL_SURFACE('',#478,0.43);
#225=FACE_OUTER_BOUND('',#479,.T.);
#226=CYLINDRICAL_SURFACE('',#480,0.41);
#227=FACE_OUTER_BOUND('',#481,.T.);
#228=CONICAL_SURFACE('',#482,0.21,0.785398163397452);
#229=FACE_OUTER_BOUND('',#483,.T.);
#230=CYLINDRICAL_SURFACE('',#484,4.826);
#231=FACE_OUTER_BOUND('',#485,.T.);
#232=CYLINDRICAL_SURFACE('',#486,4.826);
#233=FACE_OUTER_BOUND('',#487,.T.);
#234=CYLINDRICAL_SURFACE('',#488,2.375);
#235=FACE_OUTER_BOUND('',#489,.T.);
#236=CYLINDRICAL_SURFACE('',#490,2.375);
#237=FACE_OUTER_BOUND('',#491,.T.);
#238=CYLINDRICAL_SURFACE('',#492,0.99);
#239=FACE_OUTER_BOUND('',#493,.T.);
#240=CYLINDRICAL_SURFACE('',#494,2.375);
#241=FACE_OUTER_BOUND('',#495,.T.);
#242=TOROIDAL_SURFACE('',#496,8.03225,3.40625);
#243=FACE_OUTER_BOUND('',#497,.T.);
#244=CYLINDRICAL_SURFACE('',#498,2.375);
#245=FACE_OUTER_BOUND('',#499,.T.);
#246=CYLINDRICAL_SURFACE('',#500,0.99);
#247=FACE_OUTER_BOUND('',#501,.T.);
#248=TOROIDAL_SURFACE('',#502,8.03225,3.40625);
#249=FACE_OUTER_BOUND('',#503,.T.);
#250=CYLINDRICAL_SURFACE('',#504,5.25);
#251=FACE_OUTER_BOUND('',#505,.T.);
#252=CYLINDRICAL_SURFACE('',#506,3.25);
#253=FACE_OUTER_BOUND('',#507,.T.);
#254=CONICAL_SURFACE('',#508,4.06,0.0165801131940943);
#255=FACE_OUTER_BOUND('',#509,.T.);
#256=CONICAL_SURFACE('',#510,4.19,0.427948496321481);
#257=FACE_OUTER_BOUND('',#511,.T.);
#258=CYLINDRICAL_SURFACE('',#512,4.25);
#259=FACE_OUTER_BOUND('',#513,.T.);
#260=CYLINDRICAL_SURFACE('',#514,1.31);
#261=FACE_OUTER_BOUND('',#515,.T.);
#262=CONICAL_SURFACE('',#516,4.626,0.785398163397448);
#263=FACE_OUTER_BOUND('',#517,.T.);
#264=CONICAL_SURFACE('',#518,5.25,1.0471975511966);
#265=FACE_OUTER_BOUND('',#519,.T.);
#266=PLANE('',#520);
#267=FACE_OUTER_BOUND('',#521,.T.);
#268=PLANE('',#522);
#269=FACE_OUTER_BOUND('',#523,.T.);
#270=PLANE('',#524);
#271=FACE_OUTER_BOUND('',#525,.T.);
#272=PLANE('',#526);
#273=FACE_OUTER_BOUND('',#527,.T.);
#274=PLANE('',#528);
#275=FACE_OUTER_BOUND('',#529,.T.);
#276=PLANE('',#530);
#277=FACE_OUTER_BOUND('',#531,.T.);
#278=PLANE('',#532);
#279=FACE_OUTER_BOUND('',#533,.T.);
#280=PLANE('',#534);
#281=FACE_OUTER_BOUND('',#535,.T.);
#282=PLANE('',#536);
#283=FACE_OUTER_BOUND('',#537,.T.);
#284=PLANE('',#538);
#285=FACE_OUTER_BOUND('',#539,.T.);
#286=PLANE('',#540);
#287=FACE_OUTER_BOUND('',#541,.T.);
#288=PLANE('',#542);
#289=FACE_OUTER_BOUND('',#543,.T.);
#290=CONICAL_SURFACE('',#544,5.25,1.0471975511966);
#291=FACE_OUTER_BOUND('',#545,.T.);
#292=CONICAL_SURFACE('',#546,4.626,0.785398163397448);
#293=FACE_BOUND('',#547,.T.);
#294=FACE_OUTER_BOUND('',#548,.T.);
#295=PLANE('',#549);
#296=FACE_OUTER_BOUND('',#550,.T.);
#297=CYLINDRICAL_SURFACE('',#551,1.31);
#298=FACE_OUTER_BOUND('',#552,.T.);
#299=FACE_BOUND('',#553,.T.);
#300=PLANE('',#554);
#301=FACE_OUTER_BOUND('',#555,.T.);
#302=CYLINDRICAL_SURFACE('',#556,4.25);
#303=FACE_OUTER_BOUND('',#557,.T.);
#304=CONICAL_SURFACE('',#558,4.19,0.427948496321481);
#305=FACE_OUTER_BOUND('',#559,.T.);
#306=CONICAL_SURFACE('',#560,4.06,0.0165801131940943);
#307=FACE_BOUND('',#561,.T.);
#308=FACE_OUTER_BOUND('',#562,.T.);
#309=PLANE('',#563);
#310=FACE_OUTER_BOUND('',#564,.T.);
#311=CYLINDRICAL_SURFACE('',#565,3.25);
#312=FACE_OUTER_BOUND('',#566,.T.);
#313=CYLINDRICAL_SURFACE('',#567,5.25);
#314=FACE_OUTER_BOUND('',#568,.T.);
#315=TOROIDAL_SURFACE('',#569,8.03225,3.40625);
#316=FACE_OUTER_BOUND('',#570,.T.);
#317=CYLINDRICAL_SURFACE('',#571,0.99);
#318=FACE_OUTER_BOUND('',#572,.T.);
#319=CYLINDRICAL_SURFACE('',#573,2.375);
#320=FACE_OUTER_BOUND('',#574,.T.);
#321=PLANE('',#575);
#322=FACE_OUTER_BOUND('',#576,.T.);
#323=PLANE('',#577);
#324=FACE_OUTER_BOUND('',#578,.T.);
#325=TOROIDAL_SURFACE('',#579,8.03225,3.40625);
#326=FACE_OUTER_BOUND('',#580,.T.);
#327=PLANE('',#581);
#328=FACE_OUTER_BOUND('',#582,.T.);
#329=FACE_BOUND('',#583,.T.);
#330=PLANE('',#584);
#331=FACE_BOUND('',#585,.T.);
#332=FACE_OUTER_BOUND('',#586,.T.);
#333=PLANE('',#587);
#334=FACE_OUTER_BOUND('',#588,.T.);
#335=CYLINDRICAL_SURFACE('',#589,2.375);
#336=FACE_OUTER_BOUND('',#590,.T.);
#337=CYLINDRICAL_SURFACE('',#591,0.99);
#338=FACE_OUTER_BOUND('',#592,.T.);
#339=PLANE('',#593);
#340=FACE_OUTER_BOUND('',#594,.T.);
#341=PLANE('',#595);
#342=FACE_OUTER_BOUND('',#596,.T.);
#343=CYLINDRICAL_SURFACE('',#597,2.375);
#344=FACE_OUTER_BOUND('',#598,.T.);
#345=PLANE('',#599);
#346=FACE_OUTER_BOUND('',#600,.T.);
#347=FACE_BOUND('',#601,.T.);
#348=PLANE('',#602);
#349=FACE_OUTER_BOUND('',#603,.T.);
#350=PLANE('',#604);
#351=FACE_OUTER_BOUND('',#605,.T.);
#352=CYLINDRICAL_SURFACE('',#606,2.375);
#353=FACE_OUTER_BOUND('',#607,.T.);
#354=CYLINDRICAL_SURFACE('',#608,4.826);
#355=FACE_OUTER_BOUND('',#609,.T.);
#356=CYLINDRICAL_SURFACE('',#610,4.826);
#357=FACE_OUTER_BOUND('',#611,.T.);
#358=PLANE('',#612);
#359=FACE_OUTER_BOUND('',#613,.T.);
#360=PLANE('',#614);
#361=FACE_OUTER_BOUND('',#615,.T.);
#362=PLANE('',#616);
#363=FACE_OUTER_BOUND('',#617,.T.);
#364=PLANE('',#618);
#365=FACE_OUTER_BOUND('',#619,.T.);
#366=CONICAL_SURFACE('',#620,0.21,0.785398163397452);
#367=FACE_OUTER_BOUND('',#621,.T.);
#368=CYLINDRICAL_SURFACE('',#622,0.41);
#369=FACE_BOUND('',#623,.T.);
#370=FACE_OUTER_BOUND('',#624,.T.);
#371=PLANE('',#625);
#372=FACE_OUTER_BOUND('',#626,.T.);
#373=CYLINDRICAL_SURFACE('',#627,0.43);
#374=FACE_BOUND('',#628,.T.);
#375=FACE_OUTER_BOUND('',#629,.T.);
#376=PLANE('',#630);
#377=FACE_OUTER_BOUND('',#631,.T.);
#378=CONICAL_SURFACE('',#632,1.05,0.785398163397452);
#379=FACE_BOUND('',#633,.T.);
#380=FACE_OUTER_BOUND('',#634,.T.);
#381=PLANE('',#635);
#382=FACE_OUTER_BOUND('',#636,.T.);
#383=CYLINDRICAL_SURFACE('',#637,3.215);
#384=FACE_OUTER_BOUND('',#638,.T.);
#385=CYLINDRICAL_SURFACE('',#639,1.075);
#386=FACE_OUTER_BOUND('',#640,.T.);
#387=CONICAL_SURFACE('',#641,2.11,0.78539816339745);
#388=FACE_BOUND('',#642,.T.);
#389=FACE_OUTER_BOUND('',#643,.T.);
#390=PLANE('',#644);
#391=FACE_OUTER_BOUND('',#645,.T.);
#392=CYLINDRICAL_SURFACE('',#646,2.31);
#393=FACE_BOUND('',#647,.T.);
#394=FACE_OUTER_BOUND('',#648,.T.);
#395=PLANE('',#649);
#396=FACE_OUTER_BOUND('',#650,.T.);
#397=CYLINDRICAL_SURFACE('',#651,0.7112);
#398=FACE_OUTER_BOUND('',#652,.T.);
#399=PLANE('',#653);
#400=FACE_OUTER_BOUND('',#654,.T.);
#401=CONICAL_SURFACE('',#655,0.7112,0.78539816339745);
#402=FACE_OUTER_BOUND('',#656,.T.);
#403=CYLINDRICAL_SURFACE('',#657,0.7112);
#404=FACE_OUTER_BOUND('',#658,.T.);
#405=PLANE('',#659);
#406=FACE_OUTER_BOUND('',#660,.T.);
#407=CONICAL_SURFACE('',#661,0.7112,0.78539816339745);
#408=FACE_OUTER_BOUND('',#662,.T.);
#409=CYLINDRICAL_SURFACE('',#663,0.7112);
#410=FACE_OUTER_BOUND('',#664,.T.);
#411=PLANE('',#665);
#412=FACE_OUTER_BOUND('',#666,.T.);
#413=CONICAL_SURFACE('',#667,0.7112,0.78539816339745);
#414=FACE_OUTER_BOUND('',#668,.T.);
#415=CONICAL_SURFACE('',#669,0.7112,1.02974425867666);
#416=FACE_OUTER_BOUND('',#670,.T.);
#417=CYLINDRICAL_SURFACE('',#671,0.7112);
#418=FACE_OUTER_BOUND('',#672,.T.);
#419=CONICAL_SURFACE('',#673,0.7112,0.78539816339745);
#420=FACE_OUTER_BOUND('',#674,.T.);
#421=PLANE('',#675);
#422=FACE_OUTER_BOUND('',#676,.T.);
#423=PLANE('',#677);
#424=FACE_OUTER_BOUND('',#678,.T.);
#425=PLANE('',#679);
#426=FACE_OUTER_BOUND('',#680,.T.);
#427=CONICAL_SURFACE('',#681,1.0541,0.0282410772041359);
#428=FACE_OUTER_BOUND('',#682,.T.);
#429=PLANE('',#683);
#430=FACE_OUTER_BOUND('',#684,.T.);
#431=PLANE('',#685);
#432=FACE_OUTER_BOUND('',#686,.T.);
#433=CONICAL_SURFACE('',#687,1.0541,0.0282410772041359);
#434=FACE_OUTER_BOUND('',#688,.T.);
#435=PLANE('',#689);
#436=FACE_OUTER_BOUND('',#690,.T.);
#437=PLANE('',#691);
#438=FACE_OUTER_BOUND('',#692,.T.);
#439=CONICAL_SURFACE('',#693,1.0541,0.0282410772041359);
#440=FACE_OUTER_BOUND('',#694,.T.);
#441=PLANE('',#695);
#442=FACE_OUTER_BOUND('',#696,.T.);
#443=CYLINDRICAL_SURFACE('',#697,0.7112);
#444=FACE_OUTER_BOUND('',#698,.T.);
#445=PLANE('',#699);
#446=FACE_OUTER_BOUND('',#700,.T.);
#447=CONICAL_SURFACE('',#701,1.0541,0.0282410772041359);
#448=FACE_BOUND('',#702,.T.);
#449=FACE_OUTER_BOUND('',#703,.T.);
#450=PLANE('',#704);
#451=EDGE_LOOP('',(#705,#706,#707,#708,#709));
#452=AXIS2_PLACEMENT_3D('',#710,#711,#712);
#453=EDGE_LOOP('',(#713,#714,#715,#716,#717));
#454=AXIS2_PLACEMENT_3D('',#718,#719,#720);
#455=EDGE_LOOP('',(#721,#722,#723,#724,#725));
#456=AXIS2_PLACEMENT_3D('',#726,#727,#728);
#457=EDGE_LOOP('',(#729,#730,#731,#732,#733));
#458=AXIS2_PLACEMENT_3D('',#734,#735,#736);
#459=EDGE_LOOP('',(#737,#738,#739,#740,#741,#742,#743,#744));
#460=AXIS2_PLACEMENT_3D('',#745,#746,#747);
#461=EDGE_LOOP('',(#748,#749,#750,#751));
#462=AXIS2_PLACEMENT_3D('',#752,#753,#754);
#463=EDGE_LOOP('',(#755,#756,#757,#758));
#464=AXIS2_PLACEMENT_3D('',#759,#760,#761);
#465=EDGE_LOOP('',(#762,#763,#764));
#466=AXIS2_PLACEMENT_3D('',#765,#766,#767);
#467=EDGE_LOOP('',(#768,#769,#770,#771,#772));
#468=AXIS2_PLACEMENT_3D('',#773,#774,#775);
#469=EDGE_LOOP('',(#776,#777,#778,#779));
#470=AXIS2_PLACEMENT_3D('',#780,#781,#782);
#471=EDGE_LOOP('',(#783,#784,#785,#786));
#472=AXIS2_PLACEMENT_3D('',#787,#788,#789);
#473=EDGE_LOOP('',(#790,#791,#792,#793));
#474=AXIS2_PLACEMENT_3D('',#794,#795,#796);
#475=EDGE_LOOP('',(#797,#798,#799,#800));
#476=AXIS2_PLACEMENT_3D('',#801,#802,#803);
#477=EDGE_LOOP('',(#804,#805,#806,#807,#808,#809));
#478=AXIS2_PLACEMENT_3D('',#810,#811,#812);
#479=EDGE_LOOP('',(#813,#814,#815,#816));
#480=AXIS2_PLACEMENT_3D('',#817,#818,#819);
#481=EDGE_LOOP('',(#820,#821,#822,#823));
#482=AXIS2_PLACEMENT_3D('',#824,#825,#826);
#483=EDGE_LOOP('',(#827,#828,#829,#830,#831,#832,#833,#834,#835,#836));
#484=AXIS2_PLACEMENT_3D('',#837,#838,#839);
#485=EDGE_LOOP('',(#840,#841,#842,#843,#844,#845,#846,#847,#848,#849));
#486=AXIS2_PLACEMENT_3D('',#850,#851,#852);
#487=EDGE_LOOP('',(#853,#854,#855));
#488=AXIS2_PLACEMENT_3D('',#856,#857,#858);
#489=EDGE_LOOP('',(#859,#860,#861));
#490=AXIS2_PLACEMENT_3D('',#862,#863,#864);
#491=EDGE_LOOP('',(#865,#866,#867,#868,#869));
#492=AXIS2_PLACEMENT_3D('',#870,#871,#872);
#493=EDGE_LOOP('',(#873,#874,#875));
#494=AXIS2_PLACEMENT_3D('',#876,#877,#878);
#495=EDGE_LOOP('',(#879,#880,#881,#882,#883));
#496=AXIS2_PLACEMENT_3D('',#884,#885,#886);
#497=EDGE_LOOP('',(#887,#888,#889));
#498=AXIS2_PLACEMENT_3D('',#890,#891,#892);
#499=EDGE_LOOP('',(#893,#894,#895,#896));
#500=AXIS2_PLACEMENT_3D('',#897,#898,#899);
#501=EDGE_LOOP('',(#900,#901,#902,#903,#904));
#502=AXIS2_PLACEMENT_3D('',#905,#906,#907);
#503=EDGE_LOOP('',(#908,#909,#910,#911,#912,#913,#914,#915,#916,#917,#918,#919));
#504=AXIS2_PLACEMENT_3D('',#920,#921,#922);
#505=EDGE_LOOP('',(#923,#924,#925,#926));
#506=AXIS2_PLACEMENT_3D('',#927,#928,#929);
#507=EDGE_LOOP('',(#930,#931,#932,#933));
#508=AXIS2_PLACEMENT_3D('',#934,#935,#936);
#509=EDGE_LOOP('',(#937,#938,#939,#940));
#510=AXIS2_PLACEMENT_3D('',#941,#942,#943);
#511=EDGE_LOOP('',(#944,#945,#946,#947,#948,#949,#950,#951,#952,#953,#954,#955));
#512=AXIS2_PLACEMENT_3D('',#956,#957,#958);
#513=EDGE_LOOP('',(#959,#960,#961,#962,#963));
#514=AXIS2_PLACEMENT_3D('',#964,#965,#966);
#515=EDGE_LOOP('',(#967,#968,#969,#970,#971));
#516=AXIS2_PLACEMENT_3D('',#972,#973,#974);
#517=EDGE_LOOP('',(#975,#976,#977,#978,#979));
#518=AXIS2_PLACEMENT_3D('',#980,#981,#982);
#519=EDGE_LOOP('',(#983,#984,#985,#986,#987,#988));
#520=AXIS2_PLACEMENT_3D('',#989,#990,#991);
#521=EDGE_LOOP('',(#992,#993,#994,#995));
#522=AXIS2_PLACEMENT_3D('',#996,#997,#998);
#523=EDGE_LOOP('',(#999,#1000,#1001,#1002));
#524=AXIS2_PLACEMENT_3D('',#1003,#1004,#1005);
#525=EDGE_LOOP('',(#1006,#1007,#1008,#1009));
#526=AXIS2_PLACEMENT_3D('',#1010,#1011,#1012);
#527=EDGE_LOOP('',(#1013,#1014,#1015,#1016));
#528=AXIS2_PLACEMENT_3D('',#1017,#1018,#1019);
#529=EDGE_LOOP('',(#1020,#1021,#1022,#1023));
#530=AXIS2_PLACEMENT_3D('',#1024,#1025,#1026);
#531=EDGE_LOOP('',(#1027,#1028,#1029,#1030));
#532=AXIS2_PLACEMENT_3D('',#1031,#1032,#1033);
#533=EDGE_LOOP('',(#1034,#1035,#1036,#1037));
#534=AXIS2_PLACEMENT_3D('',#1038,#1039,#1040);
#535=EDGE_LOOP('',(#1041,#1042,#1043,#1044));
#536=AXIS2_PLACEMENT_3D('',#1045,#1046,#1047);
#537=EDGE_LOOP('',(#1048,#1049,#1050,#1051,#1052,#1053));
#538=AXIS2_PLACEMENT_3D('',#1054,#1055,#1056);
#539=EDGE_LOOP('',(#1057,#1058,#1059,#1060));
#540=AXIS2_PLACEMENT_3D('',#1061,#1062,#1063);
#541=EDGE_LOOP('',(#1064,#1065,#1066,#1067));
#542=AXIS2_PLACEMENT_3D('',#1068,#1069,#1070);
#543=EDGE_LOOP('',(#1071,#1072,#1073,#1074,#1075));
#544=AXIS2_PLACEMENT_3D('',#1076,#1077,#1078);
#545=EDGE_LOOP('',(#1079,#1080,#1081,#1082,#1083));
#546=AXIS2_PLACEMENT_3D('',#1084,#1085,#1086);
#547=EDGE_LOOP('',(#1087,#1088));
#548=EDGE_LOOP('',(#1089,#1090));
#549=AXIS2_PLACEMENT_3D('',#1091,#1092,#1093);
#550=EDGE_LOOP('',(#1094,#1095,#1096,#1097));
#551=AXIS2_PLACEMENT_3D('',#1098,#1099,#1100);
#552=EDGE_LOOP('',(#1101,#1102));
#553=EDGE_LOOP('',(#1103,#1104));
#554=AXIS2_PLACEMENT_3D('',#1105,#1106,#1107);
#555=EDGE_LOOP('',(#1108,#1109,#1110,#1111,#1112,#1113,#1114,#1115,#1116,#1117,#1118,#1119));
#556=AXIS2_PLACEMENT_3D('',#1120,#1121,#1122);
#557=EDGE_LOOP('',(#1123,#1124,#1125,#1126));
#558=AXIS2_PLACEMENT_3D('',#1127,#1128,#1129);
#559=EDGE_LOOP('',(#1130,#1131,#1132,#1133));
#560=AXIS2_PLACEMENT_3D('',#1134,#1135,#1136);
#561=EDGE_LOOP('',(#1137,#1138));
#562=EDGE_LOOP('',(#1139,#1140));
#563=AXIS2_PLACEMENT_3D('',#1141,#1142,#1143);
#564=EDGE_LOOP('',(#1144,#1145,#1146,#1147));
#565=AXIS2_PLACEMENT_3D('',#1148,#1149,#1150);
#566=EDGE_LOOP('',(#1151,#1152,#1153,#1154,#1155,#1156,#1157,#1158,#1159,#1160,#1161,#1162));
#567=AXIS2_PLACEMENT_3D('',#1163,#1164,#1165);
#568=EDGE_LOOP('',(#1166,#1167,#1168,#1169,#1170));
#569=AXIS2_PLACEMENT_3D('',#1171,#1172,#1173);
#570=EDGE_LOOP('',(#1174,#1175,#1176,#1177,#1178));
#571=AXIS2_PLACEMENT_3D('',#1179,#1180,#1181);
#572=EDGE_LOOP('',(#1182,#1183,#1184));
#573=AXIS2_PLACEMENT_3D('',#1185,#1186,#1187);
#574=EDGE_LOOP('',(#1188,#1189,#1190));
#575=AXIS2_PLACEMENT_3D('',#1191,#1192,#1193);
#576=EDGE_LOOP('',(#1194,#1195,#1196,#1197));
#577=AXIS2_PLACEMENT_3D('',#1198,#1199,#1200);
#578=EDGE_LOOP('',(#1201,#1202,#1203,#1204,#1205));
#579=AXIS2_PLACEMENT_3D('',#1206,#1207,#1208);
#580=EDGE_LOOP('',(#1209,#1210,#1211));
#581=AXIS2_PLACEMENT_3D('',#1212,#1213,#1214);
#582=EDGE_LOOP('',(#1215,#1216,#1217,#1218,#1219,#1220,#1221,#1222,#1223,#1224,#1225,#1226,#1227,#1228));
#583=EDGE_LOOP('',(#1229,#1230));
#584=AXIS2_PLACEMENT_3D('',#1231,#1232,#1233);
#585=EDGE_LOOP('',(#1234,#1235));
#586=EDGE_LOOP('',(#1236,#1237));
#587=AXIS2_PLACEMENT_3D('',#1238,#1239,#1240);
#588=EDGE_LOOP('',(#1241,#1242,#1243));
#589=AXIS2_PLACEMENT_3D('',#1244,#1245,#1246);
#590=EDGE_LOOP('',(#1247,#1248,#1249,#1250));
#591=AXIS2_PLACEMENT_3D('',#1251,#1252,#1253);
#592=EDGE_LOOP('',(#1254,#1255,#1256));
#593=AXIS2_PLACEMENT_3D('',#1257,#1258,#1259);
#594=EDGE_LOOP('',(#1260,#1261,#1262));
#595=AXIS2_PLACEMENT_3D('',#1263,#1264,#1265);
#596=EDGE_LOOP('',(#1266,#1267,#1268));
#597=AXIS2_PLACEMENT_3D('',#1269,#1270,#1271);
#598=EDGE_LOOP('',(#1272,#1273,#1274));
#599=AXIS2_PLACEMENT_3D('',#1275,#1276,#1277);
#600=EDGE_LOOP('',(#1278,#1279,#1280,#1281,#1282,#1283,#1284,#1285,#1286,#1287,#1288,#1289,#1290,#1291));
#601=EDGE_LOOP('',(#1292,#1293));
#602=AXIS2_PLACEMENT_3D('',#1294,#1295,#1296);
#603=EDGE_LOOP('',(#1297,#1298,#1299));
#604=AXIS2_PLACEMENT_3D('',#1300,#1301,#1302);
#605=EDGE_LOOP('',(#1303,#1304,#1305));
#606=AXIS2_PLACEMENT_3D('',#1306,#1307,#1308);
#607=EDGE_LOOP('',(#1309,#1310,#1311,#1312,#1313,#1314,#1315,#1316,#1317,#1318));
#608=AXIS2_PLACEMENT_3D('',#1319,#1320,#1321);
#609=EDGE_LOOP('',(#1322,#1323,#1324,#1325,#1326,#1327,#1328,#1329,#1330,#1331));
#610=AXIS2_PLACEMENT_3D('',#1332,#1333,#1334);
#611=EDGE_LOOP('',(#1335,#1336,#1337,#1338));
#612=AXIS2_PLACEMENT_3D('',#1339,#1340,#1341);
#613=EDGE_LOOP('',(#1342,#1343,#1344,#1345));
#614=AXIS2_PLACEMENT_3D('',#1346,#1347,#1348);
#615=EDGE_LOOP('',(#1349,#1350,#1351,#1352));
#616=AXIS2_PLACEMENT_3D('',#1353,#1354,#1355);
#617=EDGE_LOOP('',(#1356,#1357));
#618=AXIS2_PLACEMENT_3D('',#1358,#1359,#1360);
#619=EDGE_LOOP('',(#1361,#1362,#1363,#1364));
#620=AXIS2_PLACEMENT_3D('',#1365,#1366,#1367);
#621=EDGE_LOOP('',(#1368,#1369,#1370,#1371));
#622=AXIS2_PLACEMENT_3D('',#1372,#1373,#1374);
#623=EDGE_LOOP('',(#1375,#1376));
#624=EDGE_LOOP('',(#1377,#1378,#1379));
#625=AXIS2_PLACEMENT_3D('',#1380,#1381,#1382);
#626=EDGE_LOOP('',(#1383,#1384,#1385,#1386));
#627=AXIS2_PLACEMENT_3D('',#1387,#1388,#1389);
#628=EDGE_LOOP('',(#1390,#1391,#1392));
#629=EDGE_LOOP('',(#1393,#1394));
#630=AXIS2_PLACEMENT_3D('',#1395,#1396,#1397);
#631=EDGE_LOOP('',(#1398,#1399,#1400,#1401));
#632=AXIS2_PLACEMENT_3D('',#1402,#1403,#1404);
#633=EDGE_LOOP('',(#1405,#1406));
#634=EDGE_LOOP('',(#1407,#1408,#1409));
#635=AXIS2_PLACEMENT_3D('',#1410,#1411,#1412);
#636=EDGE_LOOP('',(#1413,#1414,#1415,#1416));
#637=AXIS2_PLACEMENT_3D('',#1417,#1418,#1419);
#638=EDGE_LOOP('',(#1420,#1421,#1422,#1423));
#639=AXIS2_PLACEMENT_3D('',#1424,#1425,#1426);
#640=EDGE_LOOP('',(#1427,#1428,#1429,#1430));
#641=AXIS2_PLACEMENT_3D('',#1431,#1432,#1433);
#642=EDGE_LOOP('',(#1434,#1435,#1436));
#643=EDGE_LOOP('',(#1437,#1438));
#644=AXIS2_PLACEMENT_3D('',#1439,#1440,#1441);
#645=EDGE_LOOP('',(#1442,#1443,#1444,#1445));
#646=AXIS2_PLACEMENT_3D('',#1446,#1447,#1448);
#647=EDGE_LOOP('',(#1449,#1450));
#648=EDGE_LOOP('',(#1451,#1452));
#649=AXIS2_PLACEMENT_3D('',#1453,#1454,#1455);
#650=EDGE_LOOP('',(#1456,#1457,#1458,#1459,#1460));
#651=AXIS2_PLACEMENT_3D('',#1461,#1462,#1463);
#652=EDGE_LOOP('',(#1464,#1465,#1466,#1467,#1468));
#653=AXIS2_PLACEMENT_3D('',#1469,#1470,#1471);
#654=EDGE_LOOP('',(#1472,#1473,#1474,#1475));
#655=AXIS2_PLACEMENT_3D('',#1476,#1477,#1478);
#656=EDGE_LOOP('',(#1479,#1480,#1481,#1482));
#657=AXIS2_PLACEMENT_3D('',#1483,#1484,#1485);
#658=EDGE_LOOP('',(#1486,#1487,#1488,#1489));
#659=AXIS2_PLACEMENT_3D('',#1490,#1491,#1492);
#660=EDGE_LOOP('',(#1493,#1494,#1495,#1496));
#661=AXIS2_PLACEMENT_3D('',#1497,#1498,#1499);
#662=EDGE_LOOP('',(#1500,#1501,#1502,#1503,#1504));
#663=AXIS2_PLACEMENT_3D('',#1505,#1506,#1507);
#664=EDGE_LOOP('',(#1508,#1509,#1510,#1511,#1512));
#665=AXIS2_PLACEMENT_3D('',#1513,#1514,#1515);
#666=EDGE_LOOP('',(#1516,#1517,#1518,#1519));
#667=AXIS2_PLACEMENT_3D('',#1520,#1521,#1522);
#668=EDGE_LOOP('',(#1523,#1524,#1525));
#669=AXIS2_PLACEMENT_3D('',#1526,#1527,#1528);
#670=EDGE_LOOP('',(#1529,#1530,#1531,#1532));
#671=AXIS2_PLACEMENT_3D('',#1533,#1534,#1535);
#672=EDGE_LOOP('',(#1536,#1537,#1538,#1539));
#673=AXIS2_PLACEMENT_3D('',#1540,#1541,#1542);
#674=EDGE_LOOP('',(#1543,#1544,#1545,#1546));
#675=AXIS2_PLACEMENT_3D('',#1547,#1548,#1549);
#676=EDGE_LOOP('',(#1550,#1551,#1552,#1553,#1554));
#677=AXIS2_PLACEMENT_3D('',#1555,#1556,#1557);
#678=EDGE_LOOP('',(#1558,#1559,#1560,#1561,#1562));
#679=AXIS2_PLACEMENT_3D('',#1563,#1564,#1565);
#680=EDGE_LOOP('',(#1566,#1567,#1568,#1569));
#681=AXIS2_PLACEMENT_3D('',#1570,#1571,#1572);
#682=EDGE_LOOP('',(#1573,#1574,#1575,#1576,#1577));
#683=AXIS2_PLACEMENT_3D('',#1578,#1579,#1580);
#684=EDGE_LOOP('',(#1581,#1582,#1583,#1584,#1585));
#685=AXIS2_PLACEMENT_3D('',#1586,#1587,#1588);
#686=EDGE_LOOP('',(#1589,#1590,#1591,#1592));
#687=AXIS2_PLACEMENT_3D('',#1593,#1594,#1595);
#688=EDGE_LOOP('',(#1596,#1597,#1598,#1599,#1600));
#689=AXIS2_PLACEMENT_3D('',#1601,#1602,#1603);
#690=EDGE_LOOP('',(#1604,#1605,#1606,#1607,#1608));
#691=AXIS2_PLACEMENT_3D('',#1609,#1610,#1611);
#692=EDGE_LOOP('',(#1612,#1613,#1614,#1615));
#693=AXIS2_PLACEMENT_3D('',#1616,#1617,#1618);
#694=EDGE_LOOP('',(#1619,#1620,#1621,#1622,#1623));
#695=AXIS2_PLACEMENT_3D('',#1624,#1625,#1626);
#696=EDGE_LOOP('',(#1627,#1628,#1629,#1630,#1631,#1632,#1633,#1634));
#697=AXIS2_PLACEMENT_3D('',#1635,#1636,#1637);
#698=EDGE_LOOP('',(#1638,#1639,#1640,#1641,#1642));
#699=AXIS2_PLACEMENT_3D('',#1643,#1644,#1645);
#700=EDGE_LOOP('',(#1646,#1647,#1648,#1649));
#701=AXIS2_PLACEMENT_3D('',#1650,#1651,#1652);
#702=EDGE_LOOP('',(#1653,#1654,#1655,#1656,#1657,#1658,#1659,#1660,#1661,#1662,#1663,#1664,#1665,#1666,#1667,#1668,#1669,#1670));
#703=EDGE_LOOP('',(#1671,#1672));
#704=AXIS2_PLACEMENT_3D('',#1673,#1674,#1675);
#705=ORIENTED_EDGE('',*,*,#1676,.F.);
#706=ORIENTED_EDGE('',*,*,#1677,.T.);
#707=ORIENTED_EDGE('',*,*,#1678,.T.);
#708=ORIENTED_EDGE('',*,*,#1679,.T.);
#709=ORIENTED_EDGE('',*,*,#1680,.T.);
#710=CARTESIAN_POINT('',(1.55773357969764E-15,-2.59616547010345E-16,-4.24));
#711=DIRECTION('',(-3.96585912347442E-16,6.12303176911189E-17,1.0));
#712=DIRECTION('',(1.0,-1.55095120774051E-16,3.96585912347442E-16));
#713=ORIENTED_EDGE('',*,*,#1681,.F.);
#714=ORIENTED_EDGE('',*,*,#1682,.T.);
#715=ORIENTED_EDGE('',*,*,#1683,.T.);
#716=ORIENTED_EDGE('',*,*,#1684,.T.);
#717=ORIENTED_EDGE('',*,*,#1685,.T.);
#718=CARTESIAN_POINT('',(1.55773357969764E-15,-2.59616547010345E-16,-4.24));
#719=DIRECTION('',(-3.96585912347442E-16,6.12303176911189E-17,1.0));
#720=DIRECTION('',(1.0,-1.55095120774051E-16,3.96585912347442E-16));
#721=ORIENTED_EDGE('',*,*,#1686,.F.);
#722=ORIENTED_EDGE('',*,*,#1685,.F.);
#723=ORIENTED_EDGE('',*,*,#1687,.T.);
#724=ORIENTED_EDGE('',*,*,#1688,.F.);
#725=ORIENTED_EDGE('',*,*,#1689,.F.);
#726=CARTESIAN_POINT('',(1.55773357969764E-15,-2.59616547010345E-16,-4.24));
#727=DIRECTION('',(-3.96585912347442E-16,6.12303176911189E-17,1.0));
#728=DIRECTION('',(1.0,-1.55095120774051E-16,3.96585912347442E-16));
#729=ORIENTED_EDGE('',*,*,#1690,.F.);
#730=ORIENTED_EDGE('',*,*,#1691,.F.);
#731=ORIENTED_EDGE('',*,*,#1692,.F.);
#732=ORIENTED_EDGE('',*,*,#1693,.T.);
#733=ORIENTED_EDGE('',*,*,#1677,.F.);
#734=CARTESIAN_POINT('',(1.55773357969764E-15,-2.59616547010345E-16,-4.24));
#735=DIRECTION('',(-3.96585912347442E-16,6.12303176911189E-17,1.0));
#736=DIRECTION('',(1.0,-1.55095120774051E-16,3.96585912347442E-16));
#737=ORIENTED_EDGE('',*,*,#1694,.F.);
#738=ORIENTED_EDGE('',*,*,#1695,.T.);
#739=ORIENTED_EDGE('',*,*,#1696,.T.);
#740=ORIENTED_EDGE('',*,*,#1697,.T.);
#741=ORIENTED_EDGE('',*,*,#1698,.T.);
#742=ORIENTED_EDGE('',*,*,#1699,.T.);
#743=ORIENTED_EDGE('',*,*,#1700,.F.);
#744=ORIENTED_EDGE('',*,*,#1701,.F.);
#745=CARTESIAN_POINT('',(-2.4630066696208E-15,4.68306211369863E-16,6.66561722801357));
#746=DIRECTION('',(2.69108936687666E-16,-3.42538634318112E-17,-1.0));
#747=DIRECTION('',(1.0,3.36782422117355E-19,2.69108936687666E-16));
#748=ORIENTED_EDGE('',*,*,#1702,.F.);
#749=ORIENTED_EDGE('',*,*,#1703,.T.);
#750=ORIENTED_EDGE('',*,*,#1704,.T.);
#751=ORIENTED_EDGE('',*,*,#1705,.T.);
#752=CARTESIAN_POINT('',(1.53367753929568E-15,-3.31569756321722E-16,-8.18593046902606));
#753=DIRECTION('',(-2.68918092907937E-17,-9.54841811229302E-17,-1.0));
#754=DIRECTION('',(-1.0,-2.22381387347149E-16,2.68918092907938E-17));
#755=ORIENTED_EDGE('',*,*,#1706,.F.);
#756=ORIENTED_EDGE('',*,*,#1707,.T.);
#757=ORIENTED_EDGE('',*,*,#1708,.T.);
#758=ORIENTED_EDGE('',*,*,#1709,.T.);
#759=CARTESIAN_POINT('',(1.53367753929568E-15,-3.31569756321722E-16,-8.18593046902606));
#760=DIRECTION('',(-2.68918092907937E-17,-9.54841811229302E-17,-1.0));
#761=DIRECTION('',(-1.0,-2.22381387347149E-16,2.68918092907938E-17));
#762=ORIENTED_EDGE('',*,*,#1710,.F.);
#763=ORIENTED_EDGE('',*,*,#1711,.F.);
#764=ORIENTED_EDGE('',*,*,#1701,.T.);
#765=CARTESIAN_POINT('',(1.65530194297889E-15,-5.58977876588593E-17,-8.63788277198643));
#766=DIRECTION('',(-2.82653399985119E-16,3.4253863431811E-17,1.0));
#767=DIRECTION('',(1.0,3.36782422117355E-19,2.82653399985119E-16));
#768=ORIENTED_EDGE('',*,*,#1712,.F.);
#769=ORIENTED_EDGE('',*,*,#1713,.F.);
#770=ORIENTED_EDGE('',*,*,#1714,.F.);
#771=ORIENTED_EDGE('',*,*,#1715,.F.);
#772=ORIENTED_EDGE('',*,*,#1716,.T.);
#773=CARTESIAN_POINT('',(1.25255317108141E-15,6.27900075416229E-15,-8.7402));
#774=DIRECTION('',(2.44929359829471E-16,1.17145536458252E-15,-1.0));
#775=DIRECTION('',(2.86923812515996E-31,-1.0,-1.17145536458252E-15));
#776=ORIENTED_EDGE('',*,*,#1717,.F.);
#777=ORIENTED_EDGE('',*,*,#1718,.F.);
#778=ORIENTED_EDGE('',*,*,#1719,.F.);
#779=ORIENTED_EDGE('',*,*,#1716,.F.);
#780=CARTESIAN_POINT('',(-6.02681976045479E-17,-1.4637067577343E-29,-3.3802));
#781=DIRECTION('',(2.44929359829471E-16,1.17145536458252E-15,-1.0));
#782=DIRECTION('',(-2.86923812515996E-31,1.0,1.17145536458252E-15));
#783=ORIENTED_EDGE('',*,*,#1720,.F.);
#784=ORIENTED_EDGE('',*,*,#1721,.F.);
#785=ORIENTED_EDGE('',*,*,#1722,.F.);
#786=ORIENTED_EDGE('',*,*,#1723,.F.);
#787=CARTESIAN_POINT('',(-6.02681976045479E-17,-1.4637067577343E-29,-3.3802));
#788=DIRECTION('',(-2.44929359829471E-16,-1.17145536458252E-15,1.0));
#789=DIRECTION('',(1.0,0.0,2.44929359829471E-16));
#790=ORIENTED_EDGE('',*,*,#1724,.F.);
#791=ORIENTED_EDGE('',*,*,#1725,.F.);
#792=ORIENTED_EDGE('',*,*,#1726,.F.);
#793=ORIENTED_EDGE('',*,*,#1727,.F.);
#794=CARTESIAN_POINT('',(-6.02681976045479E-17,-1.4637067577343E-29,-3.3802));
#795=DIRECTION('',(-2.44929359829471E-16,-1.17145536458252E-15,1.0));
#796=DIRECTION('',(1.0,-3.59298343441127E-47,2.44929359829471E-16));
#797=ORIENTED_EDGE('',*,*,#1728,.F.);
#798=ORIENTED_EDGE('',*,*,#1729,.F.);
#799=ORIENTED_EDGE('',*,*,#1730,.F.);
#800=ORIENTED_EDGE('',*,*,#1731,.F.);
#801=CARTESIAN_POINT('',(4.25783641618902E-15,2.06527580775898E-14,-21.0102));
#802=DIRECTION('',(-2.44929359829471E-16,-1.20611344311959E-15,1.0));
#803=DIRECTION('',(2.95412593505E-31,-1.0,-1.20611344311959E-15));
#804=ORIENTED_EDGE('',*,*,#1732,.F.);
#805=ORIENTED_EDGE('',*,*,#1733,.F.);
#806=ORIENTED_EDGE('',*,*,#1734,.F.);
#807=ORIENTED_EDGE('',*,*,#1735,.F.);
#808=ORIENTED_EDGE('',*,*,#1736,.F.);
#809=ORIENTED_EDGE('',*,*,#1737,.F.);
#810=CARTESIAN_POINT('',(4.25783641618902E-15,2.06527580775898E-14,-21.0102));
#811=DIRECTION('',(2.44929359829471E-16,1.17145536458252E-15,-1.0));
#812=DIRECTION('',(2.86923812515996E-31,-1.0,-1.17145536458252E-15));
#813=ORIENTED_EDGE('',*,*,#1738,.F.);
#814=ORIENTED_EDGE('',*,*,#1739,.T.);
#815=ORIENTED_EDGE('',*,*,#1740,.F.);
#816=ORIENTED_EDGE('',*,*,#1741,.T.);
#817=CARTESIAN_POINT('',(6.59425825800772E-15,-2.12714522802569E-15,-26.9908827719869));
#818=DIRECTION('',(2.69108936687666E-16,-9.54841811229301E-17,-1.0));
#819=DIRECTION('',(-1.0,-3.36782422117355E-19,-2.69108936687666E-16));
#820=ORIENTED_EDGE('',*,*,#1742,.F.);
#821=ORIENTED_EDGE('',*,*,#1743,.F.);
#822=ORIENTED_EDGE('',*,*,#1744,.F.);
#823=ORIENTED_EDGE('',*,*,#1739,.F.);
#824=CARTESIAN_POINT('',(6.59425825800772E-15,-2.12714522802569E-15,-26.9908827719869));
#825=DIRECTION('',(-2.37890469998088E-16,9.54841811229301E-17,1.0));
#826=DIRECTION('',(-1.0,-3.36782422117352E-19,-2.37890469998088E-16));
#827=ORIENTED_EDGE('',*,*,#1745,.F.);
#828=ORIENTED_EDGE('',*,*,#1746,.F.);
#829=ORIENTED_EDGE('',*,*,#1747,.T.);
#830=ORIENTED_EDGE('',*,*,#1678,.F.);
#831=ORIENTED_EDGE('',*,*,#1693,.F.);
#832=ORIENTED_EDGE('',*,*,#1748,.F.);
#833=ORIENTED_EDGE('',*,*,#1749,.F.);
#834=ORIENTED_EDGE('',*,*,#1750,.F.);
#835=ORIENTED_EDGE('',*,*,#1751,.F.);
#836=ORIENTED_EDGE('',*,*,#1752,.F.);
#837=CARTESIAN_POINT('',(5.83222555999938E-15,-1.54074395550979E-30,-19.812));
#838=DIRECTION('',(-3.0615967752059E-16,-2.99939573804721E-32,1.0));
#839=DIRECTION('',(1.22460635382238E-16,-1.0,7.49855125712045E-33));
#840=ORIENTED_EDGE('',*,*,#1753,.F.);
#841=ORIENTED_EDGE('',*,*,#1754,.T.);
#842=ORIENTED_EDGE('',*,*,#1755,.T.);
#843=ORIENTED_EDGE('',*,*,#1756,.F.);
#844=ORIENTED_EDGE('',*,*,#1757,.F.);
#845=ORIENTED_EDGE('',*,*,#1758,.F.);
#846=ORIENTED_EDGE('',*,*,#1759,.T.);
#847=ORIENTED_EDGE('',*,*,#1760,.T.);
#848=ORIENTED_EDGE('',*,*,#1761,.T.);
#849=ORIENTED_EDGE('',*,*,#1762,.F.);
#850=CARTESIAN_POINT('',(5.83222555999938E-15,-1.54074395550979E-30,-19.812));
#851=DIRECTION('',(-3.0615967752059E-16,-2.99939573804721E-32,1.0));
#852=DIRECTION('',(1.22460635382238E-16,-1.0,7.49855125712045E-33));
#853=ORIENTED_EDGE('',*,*,#1763,.F.);
#854=ORIENTED_EDGE('',*,*,#1762,.T.);
#855=ORIENTED_EDGE('',*,*,#1764,.F.);
#856=CARTESIAN_POINT('',(-2.22990426053374E-16,-4.545,-4.24));
#857=DIRECTION('',(2.77555756156289E-16,1.0,6.79815536723445E-32));
#858=DIRECTION('',(-2.44929359829471E-16,0.0,1.0));
#859=ORIENTED_EDGE('',*,*,#1765,.F.);
#860=ORIENTED_EDGE('',*,*,#1766,.T.);
#861=ORIENTED_EDGE('',*,*,#1757,.T.);
#862=CARTESIAN_POINT('',(-2.22990426053374E-16,-4.545,-4.24));
#863=DIRECTION('',(2.77555756156289E-16,1.0,6.79815536723445E-32));
#864=DIRECTION('',(-2.44929359829471E-16,0.0,1.0));
#865=ORIENTED_EDGE('',*,*,#1767,.F.);
#866=ORIENTED_EDGE('',*,*,#1768,.F.);
#867=ORIENTED_EDGE('',*,*,#1769,.F.);
#868=ORIENTED_EDGE('',*,*,#1770,.F.);
#869=ORIENTED_EDGE('',*,*,#1771,.T.);
#870=CARTESIAN_POINT('',(-2.22990426053374E-16,-4.545,-4.24));
#871=DIRECTION('',(2.77555756156289E-16,1.0,6.79815536723445E-32));
#872=DIRECTION('',(-2.44929359829471E-16,0.0,1.0));
#873=ORIENTED_EDGE('',*,*,#1772,.F.);
#874=ORIENTED_EDGE('',*,*,#1773,.F.);
#875=ORIENTED_EDGE('',*,*,#1746,.T.);
#876=CARTESIAN_POINT('',(-2.22990426053374E-16,-4.545,-4.24));
#877=DIRECTION('',(2.77555756156289E-16,1.0,6.79815536723445E-32));
#878=DIRECTION('',(-2.44929359829471E-16,0.0,1.0));
#879=ORIENTED_EDGE('',*,*,#1690,.T.);
#880=ORIENTED_EDGE('',*,*,#1774,.F.);
#881=ORIENTED_EDGE('',*,*,#1759,.F.);
#882=ORIENTED_EDGE('',*,*,#1775,.F.);
#883=ORIENTED_EDGE('',*,*,#1776,.F.);
#884=CARTESIAN_POINT('',(1.55773357969764E-15,-2.59616547010345E-16,-4.24));
#885=DIRECTION('',(-3.96585912347442E-16,6.12303176911189E-17,1.0));
#886=DIRECTION('',(1.0,-1.55095120774051E-16,3.96585912347442E-16));
#887=ORIENTED_EDGE('',*,*,#1777,.F.);
#888=ORIENTED_EDGE('',*,*,#1749,.T.);
#889=ORIENTED_EDGE('',*,*,#1778,.T.);
#890=CARTESIAN_POINT('',(-2.22990426053374E-16,-4.545,-4.24));
#891=DIRECTION('',(2.77555756156289E-16,1.0,6.79815536723445E-32));
#892=DIRECTION('',(-2.44929359829471E-16,0.0,1.0));
#893=ORIENTED_EDGE('',*,*,#1779,.F.);
#894=ORIENTED_EDGE('',*,*,#1780,.T.);
#895=ORIENTED_EDGE('',*,*,#1781,.F.);
#896=ORIENTED_EDGE('',*,*,#1782,.F.);
#897=CARTESIAN_POINT('',(-2.22990426053374E-16,-4.545,-4.24));
#898=DIRECTION('',(2.77555756156289E-16,1.0,6.79815536723445E-32));
#899=DIRECTION('',(-2.44929359829471E-16,0.0,1.0));
#900=ORIENTED_EDGE('',*,*,#1686,.T.);
#901=ORIENTED_EDGE('',*,*,#1783,.F.);
#902=ORIENTED_EDGE('',*,*,#1784,.F.);
#903=ORIENTED_EDGE('',*,*,#1785,.F.);
#904=ORIENTED_EDGE('',*,*,#1786,.F.);
#905=CARTESIAN_POINT('',(1.55773357969764E-15,-2.59616547010345E-16,-4.24));
#906=DIRECTION('',(-3.96585912347442E-16,6.12303176911189E-17,1.0));
#907=DIRECTION('',(1.0,-1.55095120774051E-16,3.96585912347442E-16));
#908=ORIENTED_EDGE('',*,*,#1787,.F.);
#909=ORIENTED_EDGE('',*,*,#1788,.T.);
#910=ORIENTED_EDGE('',*,*,#1789,.F.);
#911=ORIENTED_EDGE('',*,*,#1790,.F.);
#912=ORIENTED_EDGE('',*,*,#1791,.F.);
#913=ORIENTED_EDGE('',*,*,#1792,.F.);
#914=ORIENTED_EDGE('',*,*,#1793,.T.);
#915=ORIENTED_EDGE('',*,*,#1794,.F.);
#916=ORIENTED_EDGE('',*,*,#1795,.F.);
#917=ORIENTED_EDGE('',*,*,#1796,.F.);
#918=ORIENTED_EDGE('',*,*,#1797,.T.);
#919=ORIENTED_EDGE('',*,*,#1798,.T.);
#920=CARTESIAN_POINT('',(4.05768014333638E-15,-1.54074395550979E-30,-20.193));
#921=DIRECTION('',(-2.44929359829471E-16,-0.0,1.0));
#922=DIRECTION('',(1.0,0.0,2.44929359829471E-16));
#923=ORIENTED_EDGE('',*,*,#1799,.F.);
#924=ORIENTED_EDGE('',*,*,#1800,.F.);
#925=ORIENTED_EDGE('',*,*,#1801,.F.);
#926=ORIENTED_EDGE('',*,*,#1802,.T.);
#927=CARTESIAN_POINT('',(4.57374630449707E-15,1.54074395550979E-30,-22.3));
#928=DIRECTION('',(-2.44929359829471E-16,0.0,1.0));
#929=DIRECTION('',(-1.0,0.0,-2.44929359829471E-16));
#930=ORIENTED_EDGE('',*,*,#1803,.F.);
#931=ORIENTED_EDGE('',*,*,#1804,.T.);
#932=ORIENTED_EDGE('',*,*,#1805,.F.);
#933=ORIENTED_EDGE('',*,*,#1806,.F.);
#934=CARTESIAN_POINT('',(1.17167749646572E-15,0.0,-8.41));
#935=DIRECTION('',(1.09971115781449E-15,-0.0,1.0));
#936=DIRECTION('',(1.0,0.0,-1.09971115781449E-15));
#937=ORIENTED_EDGE('',*,*,#1807,.F.);
#938=ORIENTED_EDGE('',*,*,#1808,.F.);
#939=ORIENTED_EDGE('',*,*,#1809,.F.);
#940=ORIENTED_EDGE('',*,*,#1804,.F.);
#941=CARTESIAN_POINT('',(-7.48568684597327E-16,-1.54074395550979E-30,-0.57));
#942=DIRECTION('',(-3.35371720069477E-16,-0.0,1.0));
#943=DIRECTION('',(1.0,0.0,3.35371720069477E-16));
#944=ORIENTED_EDGE('',*,*,#1810,.F.);
#945=ORIENTED_EDGE('',*,*,#1811,.F.);
#946=ORIENTED_EDGE('',*,*,#1812,.F.);
#947=ORIENTED_EDGE('',*,*,#1813,.T.);
#948=ORIENTED_EDGE('',*,*,#1814,.T.);
#949=ORIENTED_EDGE('',*,*,#1815,.T.);
#950=ORIENTED_EDGE('',*,*,#1816,.F.);
#951=ORIENTED_EDGE('',*,*,#1817,.T.);
#952=ORIENTED_EDGE('',*,*,#1818,.T.);
#953=ORIENTED_EDGE('',*,*,#1819,.T.);
#954=ORIENTED_EDGE('',*,*,#1820,.F.);
#955=ORIENTED_EDGE('',*,*,#1821,.T.);
#956=CARTESIAN_POINT('',(4.57374630449707E-15,1.54074395550979E-30,-22.3));
#957=DIRECTION('',(-2.44929359829471E-16,0.0,1.0));
#958=DIRECTION('',(-1.0,0.0,-2.44929359829471E-16));
#959=ORIENTED_EDGE('',*,*,#1822,.F.);
#960=ORIENTED_EDGE('',*,*,#1823,.F.);
#961=ORIENTED_EDGE('',*,*,#1824,.F.);
#962=ORIENTED_EDGE('',*,*,#1825,.T.);
#963=ORIENTED_EDGE('',*,*,#1826,.T.);
#964=CARTESIAN_POINT('',(4.57374630449707E-15,1.54074395550979E-30,-22.3));
#965=DIRECTION('',(-2.44929359829471E-16,0.0,1.0));
#966=DIRECTION('',(-1.0,0.0,-2.44929359829471E-16));
#967=ORIENTED_EDGE('',*,*,#1827,.F.);
#968=ORIENTED_EDGE('',*,*,#1828,.F.);
#969=ORIENTED_EDGE('',*,*,#1829,.F.);
#970=ORIENTED_EDGE('',*,*,#1830,.F.);
#971=ORIENTED_EDGE('',*,*,#1755,.F.);
#972=CARTESIAN_POINT('',(0.0,0.0,0.0));
#973=DIRECTION('',(2.44929359829471E-16,-0.0,-1.0));
#974=DIRECTION('',(-1.0,0.0,-2.44929359829471E-16));
#975=ORIENTED_EDGE('',*,*,#1831,.F.);
#976=ORIENTED_EDGE('',*,*,#1751,.T.);
#977=ORIENTED_EDGE('',*,*,#1832,.T.);
#978=ORIENTED_EDGE('',*,*,#1833,.F.);
#979=ORIENTED_EDGE('',*,*,#1834,.F.);
#980=CARTESIAN_POINT('',(2.96818451115259E-15,0.0,-15.7447965141364));
#981=DIRECTION('',(2.46926392776695E-16,-0.0,-1.0));
#982=DIRECTION('',(-1.0,0.0,-2.46926392776695E-16));
#983=ORIENTED_EDGE('',*,*,#1819,.F.);
#984=ORIENTED_EDGE('',*,*,#1835,.F.);
#985=ORIENTED_EDGE('',*,*,#1836,.F.);
#986=ORIENTED_EDGE('',*,*,#1798,.F.);
#987=ORIENTED_EDGE('',*,*,#1837,.F.);
#988=ORIENTED_EDGE('',*,*,#1838,.F.);
#989=CARTESIAN_POINT('',(6.61309271539571E-15,-4.62223186652937E-30,-27.0));
#990=DIRECTION('',(-2.44929359829471E-16,0.0,1.0));
#991=DIRECTION('',(1.0,0.0,2.44929359829471E-16));
#992=ORIENTED_EDGE('',*,*,#1835,.T.);
#993=ORIENTED_EDGE('',*,*,#1818,.F.);
#994=ORIENTED_EDGE('',*,*,#1839,.F.);
#995=ORIENTED_EDGE('',*,*,#1840,.T.);
#996=CARTESIAN_POINT('',(-5.22613624009172,0.5,-22.3));
#997=DIRECTION('',(2.15622065024841E-16,1.0,1.32030435879107E-32));
#998=DIRECTION('',(-1.0,2.15622065024841E-16,-6.12323399573676E-17));
#999=ORIENTED_EDGE('',*,*,#1837,.T.);
#1000=ORIENTED_EDGE('',*,*,#1797,.F.);
#1001=ORIENTED_EDGE('',*,*,#1841,.F.);
#1002=ORIENTED_EDGE('',*,*,#1842,.T.);
#1003=CARTESIAN_POINT('',(-4.22048575403353,-0.5,-22.3));
#1004=DIRECTION('',(-2.15622065024841E-16,-1.0,-1.32030435879107E-32));
#1005=DIRECTION('',(-1.0,2.15622065024841E-16,-6.12323399573676E-17));
#1006=ORIENTED_EDGE('',*,*,#1843,.F.);
#1007=ORIENTED_EDGE('',*,*,#1844,.F.);
#1008=ORIENTED_EDGE('',*,*,#1845,.F.);
#1009=ORIENTED_EDGE('',*,*,#1815,.F.);
#1010=CARTESIAN_POINT('',(6.61309271539571E-15,-4.62223186652937E-30,-27.0));
#1011=DIRECTION('',(-2.44929359829471E-16,0.0,1.0));
#1012=DIRECTION('',(1.0,0.0,2.44929359829471E-16));
#1013=ORIENTED_EDGE('',*,*,#1845,.T.);
#1014=ORIENTED_EDGE('',*,*,#1846,.F.);
#1015=ORIENTED_EDGE('',*,*,#1847,.F.);
#1016=ORIENTED_EDGE('',*,*,#1816,.T.);
#1017=CARTESIAN_POINT('',(0.500000000000001,-4.22048575403353,-22.3));
#1018=DIRECTION('',(1.0,-2.15622065024841E-16,2.44929359829471E-16));
#1019=DIRECTION('',(-2.15622065024841E-16,-1.0,-1.32030435879107E-32));
#1020=ORIENTED_EDGE('',*,*,#1843,.T.);
#1021=ORIENTED_EDGE('',*,*,#1814,.F.);
#1022=ORIENTED_EDGE('',*,*,#1848,.F.);
#1023=ORIENTED_EDGE('',*,*,#1849,.T.);
#1024=CARTESIAN_POINT('',(-0.499999999999999,-5.22613624009172,-22.3));
#1025=DIRECTION('',(-1.0,2.15622065024841E-16,-2.44929359829471E-16));
#1026=DIRECTION('',(-2.44929359829471E-16,0.0,1.0));
#1027=ORIENTED_EDGE('',*,*,#1850,.T.);
#1028=ORIENTED_EDGE('',*,*,#1851,.T.);
#1029=ORIENTED_EDGE('',*,*,#1852,.T.);
#1030=ORIENTED_EDGE('',*,*,#1794,.T.);
#1031=CARTESIAN_POINT('',(6.61309271539571E-15,-4.62223186652937E-30,-27.0));
#1032=DIRECTION('',(-2.44929359829471E-16,0.0,1.0));
#1033=DIRECTION('',(1.0,0.0,2.44929359829471E-16));
#1034=ORIENTED_EDGE('',*,*,#1852,.F.);
#1035=ORIENTED_EDGE('',*,*,#1853,.F.);
#1036=ORIENTED_EDGE('',*,*,#1854,.T.);
#1037=ORIENTED_EDGE('',*,*,#1795,.T.);
#1038=CARTESIAN_POINT('',(0.500000000000001,-4.22048575403353,-22.3));
#1039=DIRECTION('',(1.0,-2.15622065024841E-16,2.44929359829471E-16));
#1040=DIRECTION('',(-2.15622065024841E-16,-1.0,-1.32030435879107E-32));
#1041=ORIENTED_EDGE('',*,*,#1850,.F.);
#1042=ORIENTED_EDGE('',*,*,#1793,.F.);
#1043=ORIENTED_EDGE('',*,*,#1855,.T.);
#1044=ORIENTED_EDGE('',*,*,#1856,.T.);
#1045=CARTESIAN_POINT('',(-0.499999999999999,-5.22613624009172,-22.3));
#1046=DIRECTION('',(-1.0,2.15622065024841E-16,-2.44929359829471E-16));
#1047=DIRECTION('',(-2.44929359829471E-16,0.0,1.0));
#1048=ORIENTED_EDGE('',*,*,#1790,.T.);
#1049=ORIENTED_EDGE('',*,*,#1857,.T.);
#1050=ORIENTED_EDGE('',*,*,#1858,.T.);
#1051=ORIENTED_EDGE('',*,*,#1811,.T.);
#1052=ORIENTED_EDGE('',*,*,#1859,.T.);
#1053=ORIENTED_EDGE('',*,*,#1860,.T.);
#1054=CARTESIAN_POINT('',(6.61309271539571E-15,-4.62223186652937E-30,-27.0));
#1055=DIRECTION('',(-2.44929359829471E-16,0.0,1.0));
#1056=DIRECTION('',(1.0,0.0,2.44929359829471E-16));
#1057=ORIENTED_EDGE('',*,*,#1860,.F.);
#1058=ORIENTED_EDGE('',*,*,#1861,.F.);
#1059=ORIENTED_EDGE('',*,*,#1862,.T.);
#1060=ORIENTED_EDGE('',*,*,#1791,.T.);
#1061=CARTESIAN_POINT('',(-4.22048575403353,-0.5,-22.3));
#1062=DIRECTION('',(-2.15622065024841E-16,-1.0,-1.32030435879107E-32));
#1063=DIRECTION('',(-1.0,2.15622065024841E-16,-6.12323399573676E-17));
#1064=ORIENTED_EDGE('',*,*,#1858,.F.);
#1065=ORIENTED_EDGE('',*,*,#1863,.F.);
#1066=ORIENTED_EDGE('',*,*,#1864,.T.);
#1067=ORIENTED_EDGE('',*,*,#1812,.T.);
#1068=CARTESIAN_POINT('',(-5.22613624009172,0.5,-22.3));
#1069=DIRECTION('',(2.15622065024841E-16,1.0,1.32030435879107E-32));
#1070=DIRECTION('',(-1.0,2.15622065024841E-16,-6.12323399573676E-17));
#1071=ORIENTED_EDGE('',*,*,#1831,.T.);
#1072=ORIENTED_EDGE('',*,*,#1788,.F.);
#1073=ORIENTED_EDGE('',*,*,#1833,.T.);
#1074=ORIENTED_EDGE('',*,*,#1865,.T.);
#1075=ORIENTED_EDGE('',*,*,#1752,.T.);
#1076=CARTESIAN_POINT('',(2.96818451115259E-15,0.0,-15.7447965141364));
#1077=DIRECTION('',(2.46926392776695E-16,-0.0,-1.0));
#1078=DIRECTION('',(-1.0,0.0,-2.46926392776695E-16));
#1079=ORIENTED_EDGE('',*,*,#1827,.T.);
#1080=ORIENTED_EDGE('',*,*,#1754,.F.);
#1081=ORIENTED_EDGE('',*,*,#1866,.F.);
#1082=ORIENTED_EDGE('',*,*,#1829,.T.);
#1083=ORIENTED_EDGE('',*,*,#1867,.F.);
#1084=CARTESIAN_POINT('',(0.0,0.0,0.0));
#1085=DIRECTION('',(2.44929359829471E-16,-0.0,-1.0));
#1086=DIRECTION('',(-1.0,0.0,-2.44929359829471E-16));
#1087=ORIENTED_EDGE('',*,*,#1868,.T.);
#1088=ORIENTED_EDGE('',*,*,#1727,.T.);
#1089=ORIENTED_EDGE('',*,*,#1869,.T.);
#1090=ORIENTED_EDGE('',*,*,#1800,.T.);
#1091=CARTESIAN_POINT('',(2.14313189850787E-15,-1.31,-8.75));
#1092=DIRECTION('',(2.44929359829471E-16,0.0,-1.0));
#1093=DIRECTION('',(1.0,0.0,2.44929359829471E-16));
#1094=ORIENTED_EDGE('',*,*,#1822,.T.);
#1095=ORIENTED_EDGE('',*,*,#1870,.T.);
#1096=ORIENTED_EDGE('',*,*,#1824,.T.);
#1097=ORIENTED_EDGE('',*,*,#1871,.F.);
#1098=CARTESIAN_POINT('',(4.57374630449707E-15,1.54074395550979E-30,-22.3));
#1099=DIRECTION('',(-2.44929359829471E-16,0.0,1.0));
#1100=DIRECTION('',(-1.0,0.0,-2.44929359829471E-16));
#1101=ORIENTED_EDGE('',*,*,#1872,.F.);
#1102=ORIENTED_EDGE('',*,*,#1821,.F.);
#1103=ORIENTED_EDGE('',*,*,#1871,.T.);
#1104=ORIENTED_EDGE('',*,*,#1823,.T.);
#1105=CARTESIAN_POINT('',(5.14351655641888E-15,-4.25,-21.0));
#1106=DIRECTION('',(-2.44929359829471E-16,0.0,1.0));
#1107=DIRECTION('',(1.0,0.0,2.44929359829471E-16));
#1108=ORIENTED_EDGE('',*,*,#1810,.T.);
#1109=ORIENTED_EDGE('',*,*,#1872,.T.);
#1110=ORIENTED_EDGE('',*,*,#1820,.T.);
#1111=ORIENTED_EDGE('',*,*,#1838,.T.);
#1112=ORIENTED_EDGE('',*,*,#1842,.F.);
#1113=ORIENTED_EDGE('',*,*,#1873,.T.);
#1114=ORIENTED_EDGE('',*,*,#1853,.T.);
#1115=ORIENTED_EDGE('',*,*,#1851,.F.);
#1116=ORIENTED_EDGE('',*,*,#1856,.F.);
#1117=ORIENTED_EDGE('',*,*,#1874,.T.);
#1118=ORIENTED_EDGE('',*,*,#1861,.T.);
#1119=ORIENTED_EDGE('',*,*,#1859,.F.);
#1120=CARTESIAN_POINT('',(4.57374630449707E-15,1.54074395550979E-30,-22.3));
#1121=DIRECTION('',(-2.44929359829471E-16,0.0,1.0));
#1122=DIRECTION('',(-1.0,0.0,-2.44929359829471E-16));
#1123=ORIENTED_EDGE('',*,*,#1807,.T.);
#1124=ORIENTED_EDGE('',*,*,#1875,.F.);
#1125=ORIENTED_EDGE('',*,*,#1809,.T.);
#1126=ORIENTED_EDGE('',*,*,#1876,.F.);
#1127=CARTESIAN_POINT('',(-7.48568684597327E-16,-1.54074395550979E-30,-0.57));
#1128=DIRECTION('',(-3.35371720069477E-16,-0.0,1.0));
#1129=DIRECTION('',(1.0,0.0,3.35371720069477E-16));
#1130=ORIENTED_EDGE('',*,*,#1803,.T.);
#1131=ORIENTED_EDGE('',*,*,#1877,.F.);
#1132=ORIENTED_EDGE('',*,*,#1805,.T.);
#1133=ORIENTED_EDGE('',*,*,#1875,.T.);
#1134=CARTESIAN_POINT('',(1.17167749646572E-15,0.0,-8.41));
#1135=DIRECTION('',(1.09971115781449E-15,-0.0,1.0));
#1136=DIRECTION('',(1.0,0.0,-1.09971115781449E-15));
#1137=ORIENTED_EDGE('',*,*,#1878,.F.);
#1138=ORIENTED_EDGE('',*,*,#1802,.F.);
#1139=ORIENTED_EDGE('',*,*,#1877,.T.);
#1140=ORIENTED_EDGE('',*,*,#1806,.T.);
#1141=CARTESIAN_POINT('',(2.05985591616585E-15,-3.25,-8.41));
#1142=DIRECTION('',(2.44929359829471E-16,0.0,-1.0));
#1143=DIRECTION('',(1.0,0.0,2.44929359829471E-16));
#1144=ORIENTED_EDGE('',*,*,#1799,.T.);
#1145=ORIENTED_EDGE('',*,*,#1878,.T.);
#1146=ORIENTED_EDGE('',*,*,#1801,.T.);
#1147=ORIENTED_EDGE('',*,*,#1869,.F.);
#1148=CARTESIAN_POINT('',(4.57374630449707E-15,1.54074395550979E-30,-22.3));
#1149=DIRECTION('',(-2.44929359829471E-16,0.0,1.0));
#1150=DIRECTION('',(-1.0,0.0,-2.44929359829471E-16));
#1151=ORIENTED_EDGE('',*,*,#1787,.T.);
#1152=ORIENTED_EDGE('',*,*,#1836,.T.);
#1153=ORIENTED_EDGE('',*,*,#1840,.F.);
#1154=ORIENTED_EDGE('',*,*,#1879,.F.);
#1155=ORIENTED_EDGE('',*,*,#1846,.T.);
#1156=ORIENTED_EDGE('',*,*,#1844,.T.);
#1157=ORIENTED_EDGE('',*,*,#1849,.F.);
#1158=ORIENTED_EDGE('',*,*,#1880,.F.);
#1159=ORIENTED_EDGE('',*,*,#1863,.T.);
#1160=ORIENTED_EDGE('',*,*,#1857,.F.);
#1161=ORIENTED_EDGE('',*,*,#1789,.T.);
#1162=ORIENTED_EDGE('',*,*,#1834,.T.);
#1163=CARTESIAN_POINT('',(4.05768014333638E-15,-1.54074395550979E-30,-20.193));
#1164=DIRECTION('',(-2.44929359829471E-16,-0.0,1.0));
#1165=DIRECTION('',(1.0,0.0,2.44929359829471E-16));
#1166=ORIENTED_EDGE('',*,*,#1681,.T.);
#1167=ORIENTED_EDGE('',*,*,#1786,.T.);
#1168=ORIENTED_EDGE('',*,*,#1881,.F.);
#1169=ORIENTED_EDGE('',*,*,#1882,.T.);
#1170=ORIENTED_EDGE('',*,*,#1883,.T.);
#1171=CARTESIAN_POINT('',(1.55773357969764E-15,-2.59616547010345E-16,-4.24));
#1172=DIRECTION('',(-3.96585912347442E-16,6.12303176911189E-17,1.0));
#1173=DIRECTION('',(1.0,-1.55095120774051E-16,3.96585912347442E-16));
#1174=ORIENTED_EDGE('',*,*,#1779,.T.);
#1175=ORIENTED_EDGE('',*,*,#1884,.F.);
#1176=ORIENTED_EDGE('',*,*,#1885,.F.);
#1177=ORIENTED_EDGE('',*,*,#1781,.T.);
#1178=ORIENTED_EDGE('',*,*,#1886,.T.);
#1179=CARTESIAN_POINT('',(-2.22990426053374E-16,-4.545,-4.24));
#1180=DIRECTION('',(2.77555756156289E-16,1.0,6.79815536723445E-32));
#1181=DIRECTION('',(-2.44929359829471E-16,0.0,1.0));
#1182=ORIENTED_EDGE('',*,*,#1777,.T.);
#1183=ORIENTED_EDGE('',*,*,#1887,.T.);
#1184=ORIENTED_EDGE('',*,*,#1888,.T.);
#1185=CARTESIAN_POINT('',(-2.22990426053374E-16,-4.545,-4.24));
#1186=DIRECTION('',(2.77555756156289E-16,1.0,6.79815536723445E-32));
#1187=DIRECTION('',(-2.44929359829471E-16,0.0,1.0));
#1188=ORIENTED_EDGE('',*,*,#1889,.T.);
#1189=ORIENTED_EDGE('',*,*,#1682,.F.);
#1190=ORIENTED_EDGE('',*,*,#1883,.F.);
#1191=CARTESIAN_POINT('',(0.0,0.0,0.0));
#1192=DIRECTION('',(-0.942641491092178,-0.333806859233771,-2.30880576961904E-16));
#1193=DIRECTION('',(0.333806859233771,-0.942641491092178,2.04397750847034E-17));
#1194=ORIENTED_EDGE('',*,*,#1879,.T.);
#1195=ORIENTED_EDGE('',*,*,#1839,.T.);
#1196=ORIENTED_EDGE('',*,*,#1817,.F.);
#1197=ORIENTED_EDGE('',*,*,#1847,.T.);
#1198=CARTESIAN_POINT('',(5.46192472419719E-15,-6.6,-22.3));
#1199=DIRECTION('',(2.44929359829471E-16,0.0,-1.0));
#1200=DIRECTION('',(1.0,0.0,2.44929359829471E-16));
#1201=ORIENTED_EDGE('',*,*,#1676,.T.);
#1202=ORIENTED_EDGE('',*,*,#1890,.T.);
#1203=ORIENTED_EDGE('',*,*,#1891,.T.);
#1204=ORIENTED_EDGE('',*,*,#1760,.F.);
#1205=ORIENTED_EDGE('',*,*,#1774,.T.);
#1206=CARTESIAN_POINT('',(1.55773357969764E-15,-2.59616547010345E-16,-4.24));
#1207=DIRECTION('',(-3.96585912347442E-16,6.12303176911189E-17,1.0));
#1208=DIRECTION('',(1.0,-1.55095120774051E-16,3.96585912347442E-16));
#1209=ORIENTED_EDGE('',*,*,#1884,.T.);
#1210=ORIENTED_EDGE('',*,*,#1782,.T.);
#1211=ORIENTED_EDGE('',*,*,#1885,.T.);
#1212=CARTESIAN_POINT('',(-1.52655665885959E-15,-5.5,-9.34746362994737E-32));
#1213=DIRECTION('',(-2.77555756156289E-16,-1.0,6.12303176911189E-17));
#1214=DIRECTION('',(-1.0,2.77555756156289E-16,-6.12323399573676E-17));
#1215=ORIENTED_EDGE('',*,*,#1892,.T.);
#1216=ORIENTED_EDGE('',*,*,#1893,.T.);
#1217=ORIENTED_EDGE('',*,*,#1764,.T.);
#1218=ORIENTED_EDGE('',*,*,#1761,.F.);
#1219=ORIENTED_EDGE('',*,*,#1891,.F.);
#1220=ORIENTED_EDGE('',*,*,#1894,.F.);
#1221=ORIENTED_EDGE('',*,*,#1679,.F.);
#1222=ORIENTED_EDGE('',*,*,#1747,.F.);
#1223=ORIENTED_EDGE('',*,*,#1773,.T.);
#1224=ORIENTED_EDGE('',*,*,#1895,.T.);
#1225=ORIENTED_EDGE('',*,*,#1896,.T.);
#1226=ORIENTED_EDGE('',*,*,#1683,.F.);
#1227=ORIENTED_EDGE('',*,*,#1889,.F.);
#1228=ORIENTED_EDGE('',*,*,#1882,.F.);
#1229=ORIENTED_EDGE('',*,*,#1886,.F.);
#1230=ORIENTED_EDGE('',*,*,#1780,.F.);
#1231=CARTESIAN_POINT('',(-1.26149091173033E-15,-4.545,-7.72440403602012E-32));
#1232=DIRECTION('',(-2.77555756156289E-16,-1.0,6.12303176911189E-17));
#1233=DIRECTION('',(-1.0,2.77555756156289E-16,-6.12323399573676E-17));
#1234=ORIENTED_EDGE('',*,*,#1808,.T.);
#1235=ORIENTED_EDGE('',*,*,#1876,.T.);
#1236=ORIENTED_EDGE('',*,*,#1828,.T.);
#1237=ORIENTED_EDGE('',*,*,#1867,.T.);
#1238=CARTESIAN_POINT('',(0.0,0.0,0.0));
#1239=DIRECTION('',(-2.44929359829471E-16,0.0,1.0));
#1240=DIRECTION('',(1.0,0.0,2.44929359829471E-16));
#1241=ORIENTED_EDGE('',*,*,#1772,.T.);
#1242=ORIENTED_EDGE('',*,*,#1897,.T.);
#1243=ORIENTED_EDGE('',*,*,#1895,.F.);
#1244=CARTESIAN_POINT('',(-2.22990426053374E-16,-4.545,-4.24));
#1245=DIRECTION('',(2.77555756156289E-16,1.0,6.79815536723445E-32));
#1246=DIRECTION('',(-2.44929359829471E-16,0.0,1.0));
#1247=ORIENTED_EDGE('',*,*,#1767,.T.);
#1248=ORIENTED_EDGE('',*,*,#1898,.T.);
#1249=ORIENTED_EDGE('',*,*,#1770,.T.);
#1250=ORIENTED_EDGE('',*,*,#1899,.F.);
#1251=CARTESIAN_POINT('',(-2.22990426053374E-16,-4.545,-4.24));
#1252=DIRECTION('',(2.77555756156289E-16,1.0,6.79815536723445E-32));
#1253=DIRECTION('',(-2.44929359829471E-16,0.0,1.0));
#1254=ORIENTED_EDGE('',*,*,#1768,.T.);
#1255=ORIENTED_EDGE('',*,*,#1899,.T.);
#1256=ORIENTED_EDGE('',*,*,#1769,.T.);
#1257=CARTESIAN_POINT('',(4.14367424811E-15,5.5,-4.24));
#1258=DIRECTION('',(2.77555756156289E-16,1.0,-6.12303176911189E-17));
#1259=DIRECTION('',(-1.0,2.77555756156289E-16,-6.12323399573676E-17));
#1260=ORIENTED_EDGE('',*,*,#1900,.T.);
#1261=ORIENTED_EDGE('',*,*,#1783,.T.);
#1262=ORIENTED_EDGE('',*,*,#1689,.T.);
#1263=CARTESIAN_POINT('',(0.0,0.0,0.0));
#1264=DIRECTION('',(0.942641491092178,-0.333806859233771,2.30880576961904E-16));
#1265=DIRECTION('',(-6.12323399573676E-17,5.18744381463296E-16,1.0));
#1266=ORIENTED_EDGE('',*,*,#1765,.T.);
#1267=ORIENTED_EDGE('',*,*,#1901,.T.);
#1268=ORIENTED_EDGE('',*,*,#1902,.T.);
#1269=CARTESIAN_POINT('',(-2.22990426053374E-16,-4.545,-4.24));
#1270=DIRECTION('',(2.77555756156289E-16,1.0,6.79815536723445E-32));
#1271=DIRECTION('',(-2.44929359829471E-16,0.0,1.0));
#1272=ORIENTED_EDGE('',*,*,#1903,.T.);
#1273=ORIENTED_EDGE('',*,*,#1691,.T.);
#1274=ORIENTED_EDGE('',*,*,#1776,.T.);
#1275=CARTESIAN_POINT('',(0.0,0.0,0.0));
#1276=DIRECTION('',(-0.942641491092178,-0.333806859233771,-2.30880576961904E-16));
#1277=DIRECTION('',(0.333806859233771,-0.942641491092178,2.04397750847034E-17));
#1278=ORIENTED_EDGE('',*,*,#1758,.T.);
#1279=ORIENTED_EDGE('',*,*,#1766,.F.);
#1280=ORIENTED_EDGE('',*,*,#1902,.F.);
#1281=ORIENTED_EDGE('',*,*,#1904,.F.);
#1282=ORIENTED_EDGE('',*,*,#1784,.T.);
#1283=ORIENTED_EDGE('',*,*,#1900,.F.);
#1284=ORIENTED_EDGE('',*,*,#1688,.T.);
#1285=ORIENTED_EDGE('',*,*,#1905,.F.);
#1286=ORIENTED_EDGE('',*,*,#1887,.F.);
#1287=ORIENTED_EDGE('',*,*,#1778,.F.);
#1288=ORIENTED_EDGE('',*,*,#1748,.T.);
#1289=ORIENTED_EDGE('',*,*,#1692,.T.);
#1290=ORIENTED_EDGE('',*,*,#1903,.F.);
#1291=ORIENTED_EDGE('',*,*,#1775,.T.);
#1292=ORIENTED_EDGE('',*,*,#1771,.F.);
#1293=ORIENTED_EDGE('',*,*,#1898,.F.);
#1294=CARTESIAN_POINT('',(12.0164161269963,4.545,-2.87791090423187));
#1295=DIRECTION('',(0.0,-1.0,-0.0));
#1296=DIRECTION('',(-1.0,0.0,-6.12323399573676E-17));
#1297=ORIENTED_EDGE('',*,*,#1894,.T.);
#1298=ORIENTED_EDGE('',*,*,#1890,.F.);
#1299=ORIENTED_EDGE('',*,*,#1680,.F.);
#1300=CARTESIAN_POINT('',(0.0,0.0,0.0));
#1301=DIRECTION('',(0.942641491092178,-0.333806859233771,2.30880576961904E-16));
#1302=DIRECTION('',(-6.12323399573676E-17,5.18744381463296E-16,1.0));
#1303=ORIENTED_EDGE('',*,*,#1763,.T.);
#1304=ORIENTED_EDGE('',*,*,#1893,.F.);
#1305=ORIENTED_EDGE('',*,*,#1906,.T.);
#1306=CARTESIAN_POINT('',(-2.22990426053374E-16,-4.545,-4.24));
#1307=DIRECTION('',(2.77555756156289E-16,1.0,6.79815536723445E-32));
#1308=DIRECTION('',(-2.44929359829471E-16,0.0,1.0));
#1309=ORIENTED_EDGE('',*,*,#1753,.T.);
#1310=ORIENTED_EDGE('',*,*,#1906,.F.);
#1311=ORIENTED_EDGE('',*,*,#1892,.F.);
#1312=ORIENTED_EDGE('',*,*,#1881,.T.);
#1313=ORIENTED_EDGE('',*,*,#1785,.T.);
#1314=ORIENTED_EDGE('',*,*,#1904,.T.);
#1315=ORIENTED_EDGE('',*,*,#1901,.F.);
#1316=ORIENTED_EDGE('',*,*,#1756,.T.);
#1317=ORIENTED_EDGE('',*,*,#1830,.T.);
#1318=ORIENTED_EDGE('',*,*,#1866,.T.);
#1319=CARTESIAN_POINT('',(5.83222555999938E-15,-1.54074395550979E-30,-19.812));
#1320=DIRECTION('',(-3.0615967752059E-16,-2.99939573804721E-32,1.0));
#1321=DIRECTION('',(1.22460635382238E-16,-1.0,7.49855125712045E-33));
#1322=ORIENTED_EDGE('',*,*,#1745,.T.);
#1323=ORIENTED_EDGE('',*,*,#1865,.F.);
#1324=ORIENTED_EDGE('',*,*,#1832,.F.);
#1325=ORIENTED_EDGE('',*,*,#1750,.T.);
#1326=ORIENTED_EDGE('',*,*,#1888,.F.);
#1327=ORIENTED_EDGE('',*,*,#1905,.T.);
#1328=ORIENTED_EDGE('',*,*,#1687,.F.);
#1329=ORIENTED_EDGE('',*,*,#1684,.F.);
#1330=ORIENTED_EDGE('',*,*,#1896,.F.);
#1331=ORIENTED_EDGE('',*,*,#1897,.F.);
#1332=CARTESIAN_POINT('',(5.83222555999938E-15,-1.54074395550979E-30,-19.812));
#1333=DIRECTION('',(-3.0615967752059E-16,-2.99939573804721E-32,1.0));
#1334=DIRECTION('',(1.22460635382238E-16,-1.0,7.49855125712045E-33));
#1335=ORIENTED_EDGE('',*,*,#1855,.F.);
#1336=ORIENTED_EDGE('',*,*,#1792,.T.);
#1337=ORIENTED_EDGE('',*,*,#1862,.F.);
#1338=ORIENTED_EDGE('',*,*,#1874,.F.);
#1339=CARTESIAN_POINT('',(5.46192472419719E-15,-6.6,-22.3));
#1340=DIRECTION('',(2.44929359829471E-16,0.0,-1.0));
#1341=DIRECTION('',(1.0,0.0,2.44929359829471E-16));
#1342=ORIENTED_EDGE('',*,*,#1880,.T.);
#1343=ORIENTED_EDGE('',*,*,#1848,.T.);
#1344=ORIENTED_EDGE('',*,*,#1813,.F.);
#1345=ORIENTED_EDGE('',*,*,#1864,.F.);
#1346=CARTESIAN_POINT('',(5.46192472419719E-15,-6.6,-22.3));
#1347=DIRECTION('',(2.44929359829471E-16,0.0,-1.0));
#1348=DIRECTION('',(1.0,0.0,2.44929359829471E-16));
#1349=ORIENTED_EDGE('',*,*,#1873,.F.);
#1350=ORIENTED_EDGE('',*,*,#1841,.T.);
#1351=ORIENTED_EDGE('',*,*,#1796,.T.);
#1352=ORIENTED_EDGE('',*,*,#1854,.F.);
#1353=CARTESIAN_POINT('',(5.46192472419719E-15,-6.6,-22.3));
#1354=DIRECTION('',(2.44929359829471E-16,0.0,-1.0));
#1355=DIRECTION('',(1.0,0.0,2.44929359829471E-16));
#1356=ORIENTED_EDGE('',*,*,#1743,.T.);
#1357=ORIENTED_EDGE('',*,*,#1907,.T.);
#1358=CARTESIAN_POINT('',(6.59425825800772E-15,-2.12714522802569E-15,-26.9908827719869));
#1359=DIRECTION('',(2.69108936687666E-16,-9.54841811229301E-17,-1.0));
#1360=DIRECTION('',(1.0,0.0,2.69108936687666E-16));
#1361=ORIENTED_EDGE('',*,*,#1742,.T.);
#1362=ORIENTED_EDGE('',*,*,#1908,.F.);
#1363=ORIENTED_EDGE('',*,*,#1744,.T.);
#1364=ORIENTED_EDGE('',*,*,#1907,.F.);
#1365=CARTESIAN_POINT('',(6.59425825800772E-15,-2.12714522802569E-15,-26.9908827719869));
#1366=DIRECTION('',(-2.37890469998088E-16,9.54841811229301E-17,1.0));
#1367=DIRECTION('',(-1.0,-3.36782422117352E-19,-2.37890469998088E-16));
#1368=ORIENTED_EDGE('',*,*,#1738,.T.);
#1369=ORIENTED_EDGE('',*,*,#1909,.T.);
#1370=ORIENTED_EDGE('',*,*,#1740,.T.);
#1371=ORIENTED_EDGE('',*,*,#1908,.T.);
#1372=CARTESIAN_POINT('',(6.59425825800772E-15,-2.12714522802569E-15,-26.9908827719869));
#1373=DIRECTION('',(2.69108936687666E-16,-9.54841811229301E-17,-1.0));
#1374=DIRECTION('',(-1.0,-3.36782422117355E-19,-2.69108936687666E-16));
#1375=ORIENTED_EDGE('',*,*,#1741,.F.);
#1376=ORIENTED_EDGE('',*,*,#1909,.F.);
#1377=ORIENTED_EDGE('',*,*,#1733,.T.);
#1378=ORIENTED_EDGE('',*,*,#1910,.T.);
#1379=ORIENTED_EDGE('',*,*,#1734,.T.);
#1380=CARTESIAN_POINT('',(4.93098128923457E-15,-1.53698779476193E-15,-20.8102));
#1381=DIRECTION('',(-2.69108936687666E-16,9.54841811229301E-17,1.0));
#1382=DIRECTION('',(1.0,0.0,2.69108936687666E-16));
#1383=ORIENTED_EDGE('',*,*,#1732,.T.);
#1384=ORIENTED_EDGE('',*,*,#1911,.F.);
#1385=ORIENTED_EDGE('',*,*,#1735,.T.);
#1386=ORIENTED_EDGE('',*,*,#1910,.F.);
#1387=CARTESIAN_POINT('',(4.25783641618902E-15,2.06527580775898E-14,-21.0102));
#1388=DIRECTION('',(2.44929359829471E-16,1.17145536458252E-15,-1.0));
#1389=DIRECTION('',(2.86923812515996E-31,-1.0,-1.17145536458252E-15));
#1390=ORIENTED_EDGE('',*,*,#1736,.T.);
#1391=ORIENTED_EDGE('',*,*,#1911,.T.);
#1392=ORIENTED_EDGE('',*,*,#1737,.T.);
#1393=ORIENTED_EDGE('',*,*,#1729,.T.);
#1394=ORIENTED_EDGE('',*,*,#1912,.T.);
#1395=CARTESIAN_POINT('',(4.25783641618902E-15,2.06527580775898E-14,-21.0102));
#1396=DIRECTION('',(2.44929359829471E-16,1.17145536458252E-15,-1.0));
#1397=DIRECTION('',(-7.17309531289989E-32,1.0,1.17145536458252E-15));
#1398=ORIENTED_EDGE('',*,*,#1728,.T.);
#1399=ORIENTED_EDGE('',*,*,#1913,.F.);
#1400=ORIENTED_EDGE('',*,*,#1730,.T.);
#1401=ORIENTED_EDGE('',*,*,#1912,.F.);
#1402=CARTESIAN_POINT('',(4.25783641618902E-15,2.06527580775898E-14,-21.0102));
#1403=DIRECTION('',(-2.44929359829471E-16,-1.20611344311959E-15,1.0));
#1404=DIRECTION('',(2.95412593505E-31,-1.0,-1.20611344311959E-15));
#1405=ORIENTED_EDGE('',*,*,#1913,.T.);
#1406=ORIENTED_EDGE('',*,*,#1731,.T.);
#1407=ORIENTED_EDGE('',*,*,#1826,.F.);
#1408=ORIENTED_EDGE('',*,*,#1825,.F.);
#1409=ORIENTED_EDGE('',*,*,#1870,.F.);
#1410=CARTESIAN_POINT('',(4.20885054422312E-15,2.04184670046733E-14,-20.8102));
#1411=DIRECTION('',(2.44929359829471E-16,1.17145536458252E-15,-1.0));
#1412=DIRECTION('',(-7.17309531289989E-32,1.0,1.17145536458252E-15));
#1413=ORIENTED_EDGE('',*,*,#1724,.T.);
#1414=ORIENTED_EDGE('',*,*,#1868,.F.);
#1415=ORIENTED_EDGE('',*,*,#1726,.T.);
#1416=ORIENTED_EDGE('',*,*,#1914,.F.);
#1417=CARTESIAN_POINT('',(-6.02681976045479E-17,-1.4637067577343E-29,-3.3802));
#1418=DIRECTION('',(-2.44929359829471E-16,-1.17145536458252E-15,1.0));
#1419=DIRECTION('',(1.0,-3.59298343441127E-47,2.44929359829471E-16));
#1420=ORIENTED_EDGE('',*,*,#1720,.T.);
#1421=ORIENTED_EDGE('',*,*,#1915,.F.);
#1422=ORIENTED_EDGE('',*,*,#1722,.T.);
#1423=ORIENTED_EDGE('',*,*,#1916,.F.);
#1424=CARTESIAN_POINT('',(-6.02681976045479E-17,-1.4637067577343E-29,-3.3802));
#1425=DIRECTION('',(-2.44929359829471E-16,-1.17145536458252E-15,1.0));
#1426=DIRECTION('',(1.0,0.0,2.44929359829471E-16));
#1427=ORIENTED_EDGE('',*,*,#1717,.T.);
#1428=ORIENTED_EDGE('',*,*,#1917,.F.);
#1429=ORIENTED_EDGE('',*,*,#1719,.T.);
#1430=ORIENTED_EDGE('',*,*,#1918,.F.);
#1431=CARTESIAN_POINT('',(-6.02681976045479E-17,-1.4637067577343E-29,-3.3802));
#1432=DIRECTION('',(2.44929359829471E-16,1.17145536458252E-15,-1.0));
#1433=DIRECTION('',(-2.86923812515996E-31,1.0,1.17145536458252E-15));
#1434=ORIENTED_EDGE('',*,*,#1713,.T.);
#1435=ORIENTED_EDGE('',*,*,#1919,.T.);
#1436=ORIENTED_EDGE('',*,*,#1714,.T.);
#1437=ORIENTED_EDGE('',*,*,#1914,.T.);
#1438=ORIENTED_EDGE('',*,*,#1725,.T.);
#1439=CARTESIAN_POINT('',(1.25255317108141E-15,6.27900075416229E-15,-8.7402));
#1440=DIRECTION('',(-2.44929359829471E-16,-1.17145536458252E-15,1.0));
#1441=DIRECTION('',(-7.17309531289989E-32,1.0,1.17145536458252E-15));
#1442=ORIENTED_EDGE('',*,*,#1712,.T.);
#1443=ORIENTED_EDGE('',*,*,#1917,.T.);
#1444=ORIENTED_EDGE('',*,*,#1715,.T.);
#1445=ORIENTED_EDGE('',*,*,#1919,.F.);
#1446=CARTESIAN_POINT('',(1.25255317108141E-15,6.27900075416229E-15,-8.7402));
#1447=DIRECTION('',(2.44929359829471E-16,1.17145536458252E-15,-1.0));
#1448=DIRECTION('',(2.86923812515996E-31,-1.0,-1.17145536458252E-15));
#1449=ORIENTED_EDGE('',*,*,#1723,.T.);
#1450=ORIENTED_EDGE('',*,*,#1915,.T.);
#1451=ORIENTED_EDGE('',*,*,#1718,.T.);
#1452=ORIENTED_EDGE('',*,*,#1918,.T.);
#1453=CARTESIAN_POINT('',(-6.02681976045479E-17,-1.4637067577343E-29,-3.3802));
#1454=DIRECTION('',(-2.44929359829471E-16,-1.17145536458252E-15,1.0));
#1455=DIRECTION('',(-7.17309531289989E-32,1.0,1.17145536458252E-15));
#1456=ORIENTED_EDGE('',*,*,#1695,.F.);
#1457=ORIENTED_EDGE('',*,*,#1920,.F.);
#1458=ORIENTED_EDGE('',*,*,#1921,.T.);
#1459=ORIENTED_EDGE('',*,*,#1922,.T.);
#1460=ORIENTED_EDGE('',*,*,#1923,.F.);
#1461=CARTESIAN_POINT('',(-0.418980930745667,5.34442941535762E-16,6.63110903062575));
#1462=DIRECTION('',(0.0282373233689119,2.19496062483068E-16,-0.999601247282615));
#1463=DIRECTION('',(0.706824820436068,0.707106781186548,0.0199668028367151));
#1464=ORIENTED_EDGE('',*,*,#1709,.F.);
#1465=ORIENTED_EDGE('',*,*,#1924,.T.);
#1466=ORIENTED_EDGE('',*,*,#1925,.F.);
#1467=ORIENTED_EDGE('',*,*,#1926,.T.);
#1468=ORIENTED_EDGE('',*,*,#1927,.F.);
#1469=CARTESIAN_POINT('',(3.78891254229467,-1.93073993394475,-3.35055153494862));
#1470=DIRECTION('',(0.0282373233689117,-1.30131066231618E-16,-0.999601247282615));
#1471=DIRECTION('',(-4.60847738758725E-15,-1.0,-3.03026797878239E-31));
#1472=ORIENTED_EDGE('',*,*,#1928,.T.);
#1473=ORIENTED_EDGE('',*,*,#1922,.F.);
#1474=ORIENTED_EDGE('',*,*,#1929,.T.);
#1475=ORIENTED_EDGE('',*,*,#1925,.T.);
#1476=CARTESIAN_POINT('',(-0.126710515215748,1.02497086517103E-16,-3.71526367937295));
#1477=DIRECTION('',(-0.0282373233689116,-1.88629428696386E-17,0.999601247282615));
#1478=DIRECTION('',(-0.706824820436068,0.707106781186547,-0.0199668028367147));
#1479=ORIENTED_EDGE('',*,*,#1697,.F.);
#1480=ORIENTED_EDGE('',*,*,#1930,.T.);
#1481=ORIENTED_EDGE('',*,*,#1931,.T.);
#1482=ORIENTED_EDGE('',*,*,#1932,.F.);
#1483=CARTESIAN_POINT('',(-1.95376518568511E-15,-0.418980930745664,6.63110903062575));
#1484=DIRECTION('',(-4.28703247037242E-17,0.0282373233689116,-0.999601247282615));
#1485=DIRECTION('',(-0.707106781186548,0.706824820436068,0.0199668028367147));
#1486=ORIENTED_EDGE('',*,*,#1933,.F.);
#1487=ORIENTED_EDGE('',*,*,#1934,.T.);
#1488=ORIENTED_EDGE('',*,*,#1935,.F.);
#1489=ORIENTED_EDGE('',*,*,#1936,.T.);
#1490=CARTESIAN_POINT('',(1.93073993394475,3.78891254229467,-3.35055153494862));
#1491=DIRECTION('',(3.0715603540522E-16,0.0282373233689113,-0.999601247282615));
#1492=DIRECTION('',(-1.0,8.7100363159982E-15,-6.12323399573677E-17));
#1493=ORIENTED_EDGE('',*,*,#1937,.T.);
#1494=ORIENTED_EDGE('',*,*,#1931,.F.);
#1495=ORIENTED_EDGE('',*,*,#1938,.T.);
#1496=ORIENTED_EDGE('',*,*,#1935,.T.);
#1497=CARTESIAN_POINT('',(3.28432868103015E-16,-0.126710515215748,-3.71526367937295));
#1498=DIRECTION('',(-1.78340550767493E-16,-0.0282373233689113,0.999601247282615));
#1499=DIRECTION('',(-0.707106781186548,-0.706824820436068,-0.0199668028367146));
#1500=ORIENTED_EDGE('',*,*,#1939,.F.);
#1501=ORIENTED_EDGE('',*,*,#1699,.F.);
#1502=ORIENTED_EDGE('',*,*,#1940,.T.);
#1503=ORIENTED_EDGE('',*,*,#1941,.T.);
#1504=ORIENTED_EDGE('',*,*,#1942,.F.);
#1505=CARTESIAN_POINT('',(0.418980930745663,1.56905178712327E-15,6.63110903062575));
#1506=DIRECTION('',(-0.0282373233689114,-3.75544044404624E-16,-0.999601247282615));
#1507=DIRECTION('',(-0.706824820436068,-0.707106781186548,0.0199668028367148));
#1508=ORIENTED_EDGE('',*,*,#1943,.F.);
#1509=ORIENTED_EDGE('',*,*,#1944,.T.);
#1510=ORIENTED_EDGE('',*,*,#1945,.F.);
#1511=ORIENTED_EDGE('',*,*,#1946,.T.);
#1512=ORIENTED_EDGE('',*,*,#1703,.F.);
#1513=CARTESIAN_POINT('',(-3.78891254229467,1.93073993394475,-3.35055153494862));
#1514=DIRECTION('',(-0.0282373233689111,-5.72916999089085E-17,-0.999601247282615));
#1515=DIRECTION('',(2.02893522025482E-15,-1.0,1.26266474657563E-31));
#1516=ORIENTED_EDGE('',*,*,#1947,.T.);
#1517=ORIENTED_EDGE('',*,*,#1941,.F.);
#1518=ORIENTED_EDGE('',*,*,#1948,.T.);
#1519=ORIENTED_EDGE('',*,*,#1945,.T.);
#1520=CARTESIAN_POINT('',(0.126710515215748,7.90335565425151E-17,-3.71526367937295));
#1521=DIRECTION('',(0.0282373233689111,1.95488680648982E-16,0.999601247282615));
#1522=DIRECTION('',(0.706824820436068,-0.707106781186548,-0.0199668028367142));
#1523=ORIENTED_EDGE('',*,*,#1710,.T.);
#1524=ORIENTED_EDGE('',*,*,#1949,.T.);
#1525=ORIENTED_EDGE('',*,*,#1711,.T.);
#1526=CARTESIAN_POINT('',(1.65530194297889E-15,-5.58977876588593E-17,-8.63788277198643));
#1527=DIRECTION('',(-2.82653399985119E-16,3.4253863431811E-17,1.0));
#1528=DIRECTION('',(1.0,3.36782422117355E-19,2.82653399985119E-16));
#1529=ORIENTED_EDGE('',*,*,#1950,.T.);
#1530=ORIENTED_EDGE('',*,*,#1951,.T.);
#1531=ORIENTED_EDGE('',*,*,#1952,.T.);
#1532=ORIENTED_EDGE('',*,*,#1953,.F.);
#1533=CARTESIAN_POINT('',(-3.00174069003087E-15,0.418980930745666,6.63110903062575));
#1534=DIRECTION('',(5.55599408160265E-16,-0.0282373233689117,-0.999601247282615));
#1535=DIRECTION('',(0.707106781186548,-0.706824820436068,0.0199668028367152));
#1536=ORIENTED_EDGE('',*,*,#1954,.T.);
#1537=ORIENTED_EDGE('',*,*,#1952,.F.);
#1538=ORIENTED_EDGE('',*,*,#1955,.T.);
#1539=ORIENTED_EDGE('',*,*,#1956,.T.);
#1540=CARTESIAN_POINT('',(3.15420903021654E-16,0.126710515215748,-3.71526367937295));
#1541=DIRECTION('',(-3.94406987274263E-16,0.0282373233689114,0.999601247282615));
#1542=DIRECTION('',(0.707106781186547,0.706824820436068,-0.0199668028367144));
#1543=ORIENTED_EDGE('',*,*,#1957,.F.);
#1544=ORIENTED_EDGE('',*,*,#1958,.T.);
#1545=ORIENTED_EDGE('',*,*,#1956,.F.);
#1546=ORIENTED_EDGE('',*,*,#1959,.T.);
#1547=CARTESIAN_POINT('',(-1.93073993394475,-3.78891254229467,-3.35055153494862));
#1548=DIRECTION('',(2.34316669082511E-16,-0.0282373233689115,-0.999601247282615));
#1549=DIRECTION('',(-1.0,-6.13049414866569E-15,-6.12323399573676E-17));
#1550=ORIENTED_EDGE('',*,*,#1954,.F.);
#1551=ORIENTED_EDGE('',*,*,#1958,.F.);
#1552=ORIENTED_EDGE('',*,*,#1960,.F.);
#1553=ORIENTED_EDGE('',*,*,#1961,.T.);
#1554=ORIENTED_EDGE('',*,*,#1953,.T.);
#1555=CARTESIAN_POINT('',(-1.0075735549445,0.926385543779964,-3.42912043289454));
#1556=DIRECTION('',(-0.706824820436068,-0.707106781186548,0.0199668028367144));
#1557=DIRECTION('',(-0.707247775613061,0.70696575864067,-4.21541897772878E-17));
#1558=ORIENTED_EDGE('',*,*,#1962,.F.);
#1559=ORIENTED_EDGE('',*,*,#1926,.F.);
#1560=ORIENTED_EDGE('',*,*,#1929,.F.);
#1561=ORIENTED_EDGE('',*,*,#1921,.F.);
#1562=ORIENTED_EDGE('',*,*,#1963,.T.);
#1563=CARTESIAN_POINT('',(-0.22436427456371,0.305832218617007,-3.44894363448525));
#1564=DIRECTION('',(0.707106781186548,0.706824820436068,0.0199668028367147));
#1565=DIRECTION('',(5.86957754615238E-17,0.0282373233689115,-0.999601247282615));
#1566=ORIENTED_EDGE('',*,*,#1706,.T.);
#1567=ORIENTED_EDGE('',*,*,#1927,.T.);
#1568=ORIENTED_EDGE('',*,*,#1962,.T.);
#1569=ORIENTED_EDGE('',*,*,#1964,.T.);
#1570=CARTESIAN_POINT('',(1.53367753929568E-15,-3.31569756321722E-16,-8.18593046902606));
#1571=DIRECTION('',(-2.68918092907937E-17,-9.54841811229302E-17,-1.0));
#1572=DIRECTION('',(-1.0,-2.22381387347149E-16,2.68918092907938E-17));
#1573=ORIENTED_EDGE('',*,*,#1928,.F.);
#1574=ORIENTED_EDGE('',*,*,#1924,.F.);
#1575=ORIENTED_EDGE('',*,*,#1708,.F.);
#1576=ORIENTED_EDGE('',*,*,#1965,.T.);
#1577=ORIENTED_EDGE('',*,*,#1923,.T.);
#1578=CARTESIAN_POINT('',(0.305832218617007,0.22436427456371,-3.44894363448525));
#1579=DIRECTION('',(0.706824820436068,-0.707106781186548,0.0199668028367148));
#1580=DIRECTION('',(-5.86967966441636E-17,0.0282260726320108,0.999601565036676));
#1581=ORIENTED_EDGE('',*,*,#1966,.F.);
#1582=ORIENTED_EDGE('',*,*,#1936,.F.);
#1583=ORIENTED_EDGE('',*,*,#1938,.F.);
#1584=ORIENTED_EDGE('',*,*,#1930,.F.);
#1585=ORIENTED_EDGE('',*,*,#1967,.T.);
#1586=CARTESIAN_POINT('',(0.926385543779964,1.0075735549445,-3.42912043289454));
#1587=DIRECTION('',(-0.707106781186548,0.706824820436068,0.0199668028367144));
#1588=DIRECTION('',(0.0282260726320102,0.0,0.999601565036676));
#1589=ORIENTED_EDGE('',*,*,#1966,.T.);
#1590=ORIENTED_EDGE('',*,*,#1968,.T.);
#1591=ORIENTED_EDGE('',*,*,#1969,.T.);
#1592=ORIENTED_EDGE('',*,*,#1933,.T.);
#1593=CARTESIAN_POINT('',(1.53367753929568E-15,-3.31569756321722E-16,-8.18593046902606));
#1594=DIRECTION('',(-2.68918092907937E-17,-9.54841811229302E-17,-1.0));
#1595=DIRECTION('',(-1.0,-2.22381387347149E-16,2.68918092907938E-17));
#1596=ORIENTED_EDGE('',*,*,#1937,.F.);
#1597=ORIENTED_EDGE('',*,*,#1934,.F.);
#1598=ORIENTED_EDGE('',*,*,#1969,.F.);
#1599=ORIENTED_EDGE('',*,*,#1970,.T.);
#1600=ORIENTED_EDGE('',*,*,#1932,.T.);
#1601=CARTESIAN_POINT('',(-0.22436427456371,0.305832218617007,-3.44894363448525));
#1602=DIRECTION('',(0.707106781186548,0.706824820436068,0.0199668028367147));
#1603=DIRECTION('',(5.86957754615238E-17,0.0282373233689115,-0.999601247282615));
#1604=ORIENTED_EDGE('',*,*,#1704,.F.);
#1605=ORIENTED_EDGE('',*,*,#1946,.F.);
#1606=ORIENTED_EDGE('',*,*,#1948,.F.);
#1607=ORIENTED_EDGE('',*,*,#1940,.F.);
#1608=ORIENTED_EDGE('',*,*,#1971,.T.);
#1609=CARTESIAN_POINT('',(-1.0075735549445,0.926385543779964,-3.42912043289454));
#1610=DIRECTION('',(-0.706824820436068,-0.707106781186548,0.0199668028367144));
#1611=DIRECTION('',(-0.707247775613061,0.70696575864067,-4.21541897772878E-17));
#1612=ORIENTED_EDGE('',*,*,#1702,.T.);
#1613=ORIENTED_EDGE('',*,*,#1972,.T.);
#1614=ORIENTED_EDGE('',*,*,#1973,.T.);
#1615=ORIENTED_EDGE('',*,*,#1943,.T.);
#1616=CARTESIAN_POINT('',(1.53367753929568E-15,-3.31569756321722E-16,-8.18593046902606));
#1617=DIRECTION('',(-2.68918092907937E-17,-9.54841811229302E-17,-1.0));
#1618=DIRECTION('',(-1.0,-2.22381387347149E-16,2.68918092907938E-17));
#1619=ORIENTED_EDGE('',*,*,#1947,.F.);
#1620=ORIENTED_EDGE('',*,*,#1944,.F.);
#1621=ORIENTED_EDGE('',*,*,#1973,.F.);
#1622=ORIENTED_EDGE('',*,*,#1974,.T.);
#1623=ORIENTED_EDGE('',*,*,#1942,.T.);
#1624=CARTESIAN_POINT('',(0.926385543779964,1.0075735549445,-3.42912043289454));
#1625=DIRECTION('',(-0.707106781186548,0.706824820436068,0.0199668028367144));
#1626=DIRECTION('',(0.0282260726320102,0.0,0.999601565036676));
#1627=ORIENTED_EDGE('',*,*,#1694,.T.);
#1628=ORIENTED_EDGE('',*,*,#1949,.F.);
#1629=ORIENTED_EDGE('',*,*,#1700,.T.);
#1630=ORIENTED_EDGE('',*,*,#1939,.T.);
#1631=ORIENTED_EDGE('',*,*,#1975,.T.);
#1632=ORIENTED_EDGE('',*,*,#1950,.F.);
#1633=ORIENTED_EDGE('',*,*,#1976,.T.);
#1634=ORIENTED_EDGE('',*,*,#1920,.T.);
#1635=CARTESIAN_POINT('',(-2.4630066696208E-15,4.68306211369863E-16,6.66561722801357));
#1636=DIRECTION('',(2.69108936687666E-16,-3.42538634318112E-17,-1.0));
#1637=DIRECTION('',(1.0,3.36782422117355E-19,2.69108936687666E-16));
#1638=ORIENTED_EDGE('',*,*,#1977,.F.);
#1639=ORIENTED_EDGE('',*,*,#1959,.F.);
#1640=ORIENTED_EDGE('',*,*,#1955,.F.);
#1641=ORIENTED_EDGE('',*,*,#1951,.F.);
#1642=ORIENTED_EDGE('',*,*,#1978,.T.);
#1643=CARTESIAN_POINT('',(0.305832218617007,0.22436427456371,-3.44894363448525));
#1644=DIRECTION('',(0.706824820436068,-0.707106781186548,0.0199668028367148));
#1645=DIRECTION('',(-5.86967966441636E-17,0.0282260726320108,0.999601565036676));
#1646=ORIENTED_EDGE('',*,*,#1977,.T.);
#1647=ORIENTED_EDGE('',*,*,#1979,.T.);
#1648=ORIENTED_EDGE('',*,*,#1960,.T.);
#1649=ORIENTED_EDGE('',*,*,#1957,.T.);
#1650=CARTESIAN_POINT('',(1.53367753929568E-15,-3.31569756321722E-16,-8.18593046902606));
#1651=DIRECTION('',(-2.68918092907937E-17,-9.54841811229302E-17,-1.0));
#1652=DIRECTION('',(-1.0,-2.22381387347149E-16,2.68918092907938E-17));
#1653=ORIENTED_EDGE('',*,*,#1979,.F.);
#1654=ORIENTED_EDGE('',*,*,#1978,.F.);
#1655=ORIENTED_EDGE('',*,*,#1975,.F.);
#1656=ORIENTED_EDGE('',*,*,#1974,.F.);
#1657=ORIENTED_EDGE('',*,*,#1972,.F.);
#1658=ORIENTED_EDGE('',*,*,#1705,.F.);
#1659=ORIENTED_EDGE('',*,*,#1971,.F.);
#1660=ORIENTED_EDGE('',*,*,#1698,.F.);
#1661=ORIENTED_EDGE('',*,*,#1970,.F.);
#1662=ORIENTED_EDGE('',*,*,#1968,.F.);
#1663=ORIENTED_EDGE('',*,*,#1967,.F.);
#1664=ORIENTED_EDGE('',*,*,#1696,.F.);
#1665=ORIENTED_EDGE('',*,*,#1965,.F.);
#1666=ORIENTED_EDGE('',*,*,#1707,.F.);
#1667=ORIENTED_EDGE('',*,*,#1964,.F.);
#1668=ORIENTED_EDGE('',*,*,#1963,.F.);
#1669=ORIENTED_EDGE('',*,*,#1976,.F.);
#1670=ORIENTED_EDGE('',*,*,#1961,.F.);
#1671=ORIENTED_EDGE('',*,*,#1721,.T.);
#1672=ORIENTED_EDGE('',*,*,#1916,.T.);
#1673=CARTESIAN_POINT('',(1.53191033477413E-15,1.0541,-8.18068277198643));
#1674=DIRECTION('',(2.69108936687666E-16,-9.54841811229301E-17,-1.0));
#1675=DIRECTION('',(1.0,0.0,2.69108936687666E-16));
#1676=EDGE_CURVE('',#1980,#1981,#1982,.T.);
#1677=EDGE_CURVE('',#1980,#1983,#1984,.T.);
#1678=EDGE_CURVE('',#1983,#1985,#1986,.T.);
#1679=EDGE_CURVE('',#1985,#1987,#1988,.T.);
#1680=EDGE_CURVE('',#1987,#1981,#1989,.T.);
#1681=EDGE_CURVE('',#1990,#1991,#1992,.T.);
#1682=EDGE_CURVE('',#1990,#1993,#1994,.T.);
#1683=EDGE_CURVE('',#1993,#1995,#1996,.T.);
#1684=EDGE_CURVE('',#1995,#1997,#1998,.T.);
#1685=EDGE_CURVE('',#1997,#1991,#1999,.T.);
#1686=EDGE_CURVE('',#1991,#2000,#2001,.T.);
#1687=EDGE_CURVE('',#1997,#2002,#2003,.T.);
#1688=EDGE_CURVE('',#2004,#2002,#2005,.T.);
#1689=EDGE_CURVE('',#2000,#2004,#2006,.T.);
#1690=EDGE_CURVE('',#2007,#1980,#2008,.T.);
#1691=EDGE_CURVE('',#2009,#2007,#2010,.T.);
#1692=EDGE_CURVE('',#2011,#2009,#2012,.T.);
#1693=EDGE_CURVE('',#2011,#1983,#2013,.T.);
#1694=EDGE_CURVE('',#2014,#2015,#2016,.T.);
#1695=EDGE_CURVE('',#2014,#2017,#2018,.T.);
#1696=EDGE_CURVE('',#2017,#2019,#2020,.T.);
#1697=EDGE_CURVE('',#2019,#2021,#2022,.T.);
#1698=EDGE_CURVE('',#2021,#2023,#2024,.T.);
#1699=EDGE_CURVE('',#2023,#2025,#2026,.T.);
#1700=EDGE_CURVE('',#2027,#2025,#2028,.T.);
#1701=EDGE_CURVE('',#2015,#2027,#2029,.T.);
#1702=EDGE_CURVE('',#2030,#2031,#2032,.T.);
#1703=EDGE_CURVE('',#2030,#2033,#2034,.T.);
#1704=EDGE_CURVE('',#2033,#2035,#2036,.T.);
#1705=EDGE_CURVE('',#2035,#2031,#2037,.F.);
#1706=EDGE_CURVE('',#2038,#2039,#2040,.T.);
#1707=EDGE_CURVE('',#2038,#2041,#2042,.F.);
#1708=EDGE_CURVE('',#2041,#2043,#2044,.T.);
#1709=EDGE_CURVE('',#2043,#2039,#2045,.T.);
#1710=EDGE_CURVE('',#2046,#2027,#2047,.T.);
#1711=EDGE_CURVE('',#2015,#2046,#2048,.T.);
#1712=EDGE_CURVE('',#2049,#2050,#2051,.T.);
#1713=EDGE_CURVE('',#2052,#2049,#2053,.T.);
#1714=EDGE_CURVE('',#2054,#2052,#2055,.T.);
#1715=EDGE_CURVE('',#2056,#2054,#2057,.T.);
#1716=EDGE_CURVE('',#2056,#2050,#2058,.T.);
#1717=EDGE_CURVE('',#2059,#2056,#2060,.T.);
#1718=EDGE_CURVE('',#2061,#2059,#2062,.T.);
#1719=EDGE_CURVE('',#2050,#2061,#2063,.T.);
#1720=EDGE_CURVE('',#2064,#2065,#2066,.T.);
#1721=EDGE_CURVE('',#2067,#2064,#2068,.F.);
#1722=EDGE_CURVE('',#2069,#2067,#2070,.T.);
#1723=EDGE_CURVE('',#2065,#2069,#2071,.T.);
#1724=EDGE_CURVE('',#2072,#2073,#2074,.T.);
#1725=EDGE_CURVE('',#2075,#2072,#2076,.T.);
#1726=EDGE_CURVE('',#2077,#2075,#2078,.T.);
#1727=EDGE_CURVE('',#2073,#2077,#2079,.T.);
#1728=EDGE_CURVE('',#2080,#2081,#2082,.T.);
#1729=EDGE_CURVE('',#2083,#2080,#2084,.T.);
#1730=EDGE_CURVE('',#2085,#2083,#2086,.T.);
#1731=EDGE_CURVE('',#2081,#2085,#2087,.T.);
#1732=EDGE_CURVE('',#2088,#2089,#2090,.T.);
#1733=EDGE_CURVE('',#2091,#2088,#2092,.F.);
#1734=EDGE_CURVE('',#2093,#2091,#2094,.F.);
#1735=EDGE_CURVE('',#2095,#2093,#2096,.T.);
#1736=EDGE_CURVE('',#2097,#2095,#2098,.T.);
#1737=EDGE_CURVE('',#2089,#2097,#2099,.T.);
#1738=EDGE_CURVE('',#2100,#2101,#2102,.T.);
#1739=EDGE_CURVE('',#2100,#2103,#2104,.T.);
#1740=EDGE_CURVE('',#2105,#2103,#2106,.T.);
#1741=EDGE_CURVE('',#2105,#2101,#2107,.F.);
#1742=EDGE_CURVE('',#2108,#2100,#2109,.T.);
#1743=EDGE_CURVE('',#2110,#2108,#2111,.T.);
#1744=EDGE_CURVE('',#2103,#2110,#2112,.T.);
#1745=EDGE_CURVE('',#2113,#2114,#2115,.T.);
#1746=EDGE_CURVE('',#2116,#2113,#2117,.T.);
#1747=EDGE_CURVE('',#2116,#1985,#2118,.T.);
#1748=EDGE_CURVE('',#2119,#2011,#2120,.T.);
#1749=EDGE_CURVE('',#2121,#2119,#2122,.T.);
#1750=EDGE_CURVE('',#2123,#2121,#2124,.T.);
#1751=EDGE_CURVE('',#2125,#2123,#2126,.T.);
#1752=EDGE_CURVE('',#2114,#2125,#2127,.T.);
#1753=EDGE_CURVE('',#2128,#2129,#2130,.T.);
#1754=EDGE_CURVE('',#2128,#2131,#2132,.T.);
#1755=EDGE_CURVE('',#2131,#2133,#2134,.T.);
#1756=EDGE_CURVE('',#2135,#2133,#2136,.T.);
#1757=EDGE_CURVE('',#2137,#2135,#2138,.T.);
#1758=EDGE_CURVE('',#2139,#2137,#2140,.T.);
#1759=EDGE_CURVE('',#2139,#2141,#2142,.T.);
#1760=EDGE_CURVE('',#2141,#2143,#2144,.T.);
#1761=EDGE_CURVE('',#2143,#2145,#2146,.T.);
#1762=EDGE_CURVE('',#2129,#2145,#2147,.T.);
#1763=EDGE_CURVE('',#2129,#2148,#2149,.T.);
#1764=EDGE_CURVE('',#2148,#2145,#2150,.T.);
#1765=EDGE_CURVE('',#2151,#2135,#2152,.T.);
#1766=EDGE_CURVE('',#2151,#2137,#2153,.T.);
#1767=EDGE_CURVE('',#2154,#2155,#2156,.T.);
#1768=EDGE_CURVE('',#2157,#2154,#2158,.T.);
#1769=EDGE_CURVE('',#2159,#2157,#2160,.T.);
#1770=EDGE_CURVE('',#2161,#2159,#2162,.T.);
#1771=EDGE_CURVE('',#2161,#2155,#2163,.T.);
#1772=EDGE_CURVE('',#2164,#2113,#2165,.T.);
#1773=EDGE_CURVE('',#2116,#2164,#2166,.T.);
#1774=EDGE_CURVE('',#2141,#1980,#2167,.T.);
#1775=EDGE_CURVE('',#2168,#2139,#2169,.T.);
#1776=EDGE_CURVE('',#2007,#2168,#2170,.T.);
#1777=EDGE_CURVE('',#2121,#2171,#2172,.T.);
#1778=EDGE_CURVE('',#2119,#2171,#2173,.T.);
#1779=EDGE_CURVE('',#2174,#2175,#2176,.T.);
#1780=EDGE_CURVE('',#2174,#2177,#2178,.T.);
#1781=EDGE_CURVE('',#2179,#2177,#2180,.T.);
#1782=EDGE_CURVE('',#2175,#2179,#2181,.T.);
#1783=EDGE_CURVE('',#2182,#2000,#2183,.T.);
#1784=EDGE_CURVE('',#2184,#2182,#2185,.T.);
#1785=EDGE_CURVE('',#2186,#2184,#2187,.T.);
#1786=EDGE_CURVE('',#1991,#2186,#2188,.T.);
#1787=EDGE_CURVE('',#2189,#2190,#2191,.T.);
#1788=EDGE_CURVE('',#2189,#2192,#2193,.T.);
#1789=EDGE_CURVE('',#2194,#2192,#2195,.T.);
#1790=EDGE_CURVE('',#2196,#2194,#2197,.T.);
#1791=EDGE_CURVE('',#2198,#2196,#2199,.T.);
#1792=EDGE_CURVE('',#2200,#2198,#2201,.T.);
#1793=EDGE_CURVE('',#2200,#2202,#2203,.T.);
#1794=EDGE_CURVE('',#2204,#2202,#2205,.T.);
#1795=EDGE_CURVE('',#2206,#2204,#2207,.T.);
#1796=EDGE_CURVE('',#2208,#2206,#2209,.T.);
#1797=EDGE_CURVE('',#2208,#2210,#2211,.T.);
#1798=EDGE_CURVE('',#2210,#2190,#2212,.T.);
#1799=EDGE_CURVE('',#2213,#2214,#2215,.T.);
#1800=EDGE_CURVE('',#2216,#2213,#2217,.F.);
#1801=EDGE_CURVE('',#2218,#2216,#2219,.T.);
#1802=EDGE_CURVE('',#2218,#2214,#2220,.T.);
#1803=EDGE_CURVE('',#2221,#2222,#2223,.T.);
#1804=EDGE_CURVE('',#2221,#2224,#2225,.T.);
#1805=EDGE_CURVE('',#2226,#2224,#2227,.T.);
#1806=EDGE_CURVE('',#2222,#2226,#2228,.T.);
#1807=EDGE_CURVE('',#2229,#2221,#2230,.T.);
#1808=EDGE_CURVE('',#2231,#2229,#2232,.T.);
#1809=EDGE_CURVE('',#2224,#2231,#2233,.T.);
#1810=EDGE_CURVE('',#2234,#2235,#2236,.T.);
#1811=EDGE_CURVE('',#2237,#2234,#2238,.T.);
#1812=EDGE_CURVE('',#2239,#2237,#2240,.T.);
#1813=EDGE_CURVE('',#2239,#2241,#2242,.T.);
#1814=EDGE_CURVE('',#2241,#2243,#2244,.T.);
#1815=EDGE_CURVE('',#2243,#2245,#2246,.T.);
#1816=EDGE_CURVE('',#2247,#2245,#2248,.T.);
#1817=EDGE_CURVE('',#2247,#2249,#2250,.T.);
#1818=EDGE_CURVE('',#2249,#2251,#2252,.T.);
#1819=EDGE_CURVE('',#2251,#2253,#2254,.T.);
#1820=EDGE_CURVE('',#2255,#2253,#2256,.T.);
#1821=EDGE_CURVE('',#2255,#2235,#2257,.T.);
#1822=EDGE_CURVE('',#2258,#2259,#2260,.T.);
#1823=EDGE_CURVE('',#2261,#2258,#2262,.T.);
#1824=EDGE_CURVE('',#2263,#2261,#2264,.T.);
#1825=EDGE_CURVE('',#2263,#2265,#2266,.F.);
#1826=EDGE_CURVE('',#2265,#2259,#2267,.F.);
#1827=EDGE_CURVE('',#2268,#2131,#2269,.T.);
#1828=EDGE_CURVE('',#2270,#2268,#2271,.T.);
#1829=EDGE_CURVE('',#2272,#2270,#2273,.T.);
#1830=EDGE_CURVE('',#2133,#2272,#2274,.T.);
#1831=EDGE_CURVE('',#2125,#2192,#2275,.T.);
#1832=EDGE_CURVE('',#2123,#2276,#2277,.T.);
#1833=EDGE_CURVE('',#2189,#2276,#2278,.T.);
#1834=EDGE_CURVE('',#2192,#2189,#2279,.T.);
#1835=EDGE_CURVE('',#2280,#2251,#2281,.T.);
#1836=EDGE_CURVE('',#2190,#2280,#2282,.T.);
#1837=EDGE_CURVE('',#2283,#2210,#2284,.T.);
#1838=EDGE_CURVE('',#2253,#2283,#2285,.T.);
#1839=EDGE_CURVE('',#2286,#2249,#2287,.T.);
#1840=EDGE_CURVE('',#2286,#2280,#2288,.T.);
#1841=EDGE_CURVE('',#2289,#2208,#2290,.T.);
#1842=EDGE_CURVE('',#2289,#2283,#2291,.T.);
#1843=EDGE_CURVE('',#2292,#2243,#2293,.T.);
#1844=EDGE_CURVE('',#2294,#2292,#2295,.T.);
#1845=EDGE_CURVE('',#2245,#2294,#2296,.T.);
#1846=EDGE_CURVE('',#2297,#2294,#2298,.T.);
#1847=EDGE_CURVE('',#2247,#2297,#2299,.T.);
#1848=EDGE_CURVE('',#2300,#2241,#2301,.T.);
#1849=EDGE_CURVE('',#2300,#2292,#2302,.T.);
#1850=EDGE_CURVE('',#2202,#2303,#2304,.T.);
#1851=EDGE_CURVE('',#2303,#2305,#2306,.T.);
#1852=EDGE_CURVE('',#2305,#2204,#2307,.T.);
#1853=EDGE_CURVE('',#2308,#2305,#2309,.T.);
#1854=EDGE_CURVE('',#2308,#2206,#2310,.T.);
#1855=EDGE_CURVE('',#2200,#2311,#2312,.T.);
#1856=EDGE_CURVE('',#2311,#2303,#2313,.T.);
#1857=EDGE_CURVE('',#2194,#2314,#2315,.T.);
#1858=EDGE_CURVE('',#2314,#2237,#2316,.T.);
#1859=EDGE_CURVE('',#2234,#2317,#2318,.T.);
#1860=EDGE_CURVE('',#2317,#2196,#2319,.T.);
#1861=EDGE_CURVE('',#2320,#2317,#2321,.T.);
#1862=EDGE_CURVE('',#2320,#2198,#2322,.T.);
#1863=EDGE_CURVE('',#2323,#2314,#2324,.T.);
#1864=EDGE_CURVE('',#2323,#2239,#2325,.T.);
#1865=EDGE_CURVE('',#2276,#2114,#2326,.T.);
#1866=EDGE_CURVE('',#2272,#2128,#2327,.T.);
#1867=EDGE_CURVE('',#2268,#2270,#2328,.T.);
#1868=EDGE_CURVE('',#2077,#2073,#2329,.T.);
#1869=EDGE_CURVE('',#2213,#2216,#2330,.F.);
#1870=EDGE_CURVE('',#2259,#2263,#2331,.F.);
#1871=EDGE_CURVE('',#2258,#2261,#2332,.T.);
#1872=EDGE_CURVE('',#2235,#2255,#2333,.T.);
#1873=EDGE_CURVE('',#2289,#2308,#2334,.T.);
#1874=EDGE_CURVE('',#2311,#2320,#2335,.T.);
#1875=EDGE_CURVE('',#2224,#2221,#2336,.T.);
#1876=EDGE_CURVE('',#2229,#2231,#2337,.T.);
#1877=EDGE_CURVE('',#2226,#2222,#2338,.T.);
#1878=EDGE_CURVE('',#2214,#2218,#2339,.T.);
#1879=EDGE_CURVE('',#2297,#2286,#2340,.T.);
#1880=EDGE_CURVE('',#2323,#2300,#2341,.T.);
#1881=EDGE_CURVE('',#2342,#2186,#2343,.T.);
#1882=EDGE_CURVE('',#2342,#2344,#2345,.T.);
#1883=EDGE_CURVE('',#2344,#1990,#2346,.T.);
#1884=EDGE_CURVE('',#2347,#2175,#2348,.T.);
#1885=EDGE_CURVE('',#2179,#2347,#2349,.T.);
#1886=EDGE_CURVE('',#2177,#2174,#2350,.T.);
#1887=EDGE_CURVE('',#2171,#2351,#2352,.T.);
#1888=EDGE_CURVE('',#2351,#2121,#2353,.T.);
#1889=EDGE_CURVE('',#2344,#1993,#2354,.T.);
#1890=EDGE_CURVE('',#1981,#2355,#2356,.T.);
#1891=EDGE_CURVE('',#2355,#2143,#2357,.T.);
#1892=EDGE_CURVE('',#2342,#2358,#2359,.T.);
#1893=EDGE_CURVE('',#2358,#2148,#2360,.T.);
#1894=EDGE_CURVE('',#1987,#2355,#2361,.T.);
#1895=EDGE_CURVE('',#2164,#2362,#2363,.T.);
#1896=EDGE_CURVE('',#2362,#1995,#2364,.T.);
#1897=EDGE_CURVE('',#2113,#2362,#2365,.T.);
#1898=EDGE_CURVE('',#2155,#2161,#2366,.T.);
#1899=EDGE_CURVE('',#2154,#2159,#2367,.T.);
#1900=EDGE_CURVE('',#2004,#2182,#2368,.T.);
#1901=EDGE_CURVE('',#2135,#2369,#2370,.T.);
#1902=EDGE_CURVE('',#2369,#2151,#2371,.T.);
#1903=EDGE_CURVE('',#2168,#2009,#2372,.T.);
#1904=EDGE_CURVE('',#2184,#2369,#2373,.T.);
#1905=EDGE_CURVE('',#2351,#2002,#2374,.T.);
#1906=EDGE_CURVE('',#2358,#2129,#2375,.T.);
#1907=EDGE_CURVE('',#2108,#2110,#2376,.T.);
#1908=EDGE_CURVE('',#2103,#2100,#2377,.T.);
#1909=EDGE_CURVE('',#2101,#2105,#2378,.F.);
#1910=EDGE_CURVE('',#2088,#2093,#2379,.F.);
#1911=EDGE_CURVE('',#2095,#2089,#2380,.T.);
#1912=EDGE_CURVE('',#2080,#2083,#2381,.T.);
#1913=EDGE_CURVE('',#2085,#2081,#2382,.T.);
#1914=EDGE_CURVE('',#2072,#2075,#2383,.T.);
#1915=EDGE_CURVE('',#2069,#2065,#2384,.T.);
#1916=EDGE_CURVE('',#2064,#2067,#2385,.F.);
#1917=EDGE_CURVE('',#2050,#2056,#2386,.T.);
#1918=EDGE_CURVE('',#2059,#2061,#2387,.T.);
#1919=EDGE_CURVE('',#2049,#2054,#2388,.T.);
#1920=EDGE_CURVE('',#2389,#2014,#2390,.T.);
#1921=EDGE_CURVE('',#2389,#2391,#2392,.T.);
#1922=EDGE_CURVE('',#2391,#2393,#2394,.T.);
#1923=EDGE_CURVE('',#2017,#2393,#2395,.T.);
#1924=EDGE_CURVE('',#2043,#2396,#2397,.T.);
#1925=EDGE_CURVE('',#2398,#2396,#2399,.T.);
#1926=EDGE_CURVE('',#2398,#2400,#2401,.T.);
#1927=EDGE_CURVE('',#2039,#2400,#2402,.T.);
#1928=EDGE_CURVE('',#2396,#2393,#2403,.T.);
#1929=EDGE_CURVE('',#2391,#2398,#2404,.T.);
#1930=EDGE_CURVE('',#2019,#2405,#2406,.T.);
#1931=EDGE_CURVE('',#2405,#2407,#2408,.T.);
#1932=EDGE_CURVE('',#2021,#2407,#2409,.T.);
#1933=EDGE_CURVE('',#2410,#2411,#2412,.T.);
#1934=EDGE_CURVE('',#2410,#2413,#2414,.T.);
#1935=EDGE_CURVE('',#2415,#2413,#2416,.T.);
#1936=EDGE_CURVE('',#2415,#2411,#2417,.T.);
#1937=EDGE_CURVE('',#2413,#2407,#2418,.T.);
#1938=EDGE_CURVE('',#2405,#2415,#2419,.T.);
#1939=EDGE_CURVE('',#2025,#2420,#2421,.T.);
#1940=EDGE_CURVE('',#2023,#2422,#2423,.T.);
#1941=EDGE_CURVE('',#2422,#2424,#2425,.T.);
#1942=EDGE_CURVE('',#2420,#2424,#2426,.T.);
#1943=EDGE_CURVE('',#2427,#2030,#2428,.T.);
#1944=EDGE_CURVE('',#2427,#2429,#2430,.T.);
#1945=EDGE_CURVE('',#2431,#2429,#2432,.T.);
#1946=EDGE_CURVE('',#2431,#2033,#2433,.T.);
#1947=EDGE_CURVE('',#2429,#2424,#2434,.T.);
#1948=EDGE_CURVE('',#2422,#2431,#2435,.T.);
#1949=EDGE_CURVE('',#2027,#2015,#2436,.T.);
#1950=EDGE_CURVE('',#2437,#2438,#2439,.T.);
#1951=EDGE_CURVE('',#2438,#2440,#2441,.T.);
#1952=EDGE_CURVE('',#2440,#2442,#2443,.T.);
#1953=EDGE_CURVE('',#2437,#2442,#2444,.T.);
#1954=EDGE_CURVE('',#2445,#2442,#2446,.T.);
#1955=EDGE_CURVE('',#2440,#2447,#2448,.T.);
#1956=EDGE_CURVE('',#2447,#2445,#2449,.T.);
#1957=EDGE_CURVE('',#2450,#2451,#2452,.T.);
#1958=EDGE_CURVE('',#2450,#2445,#2453,.T.);
#1959=EDGE_CURVE('',#2447,#2451,#2454,.T.);
#1960=EDGE_CURVE('',#2455,#2450,#2456,.T.);
#1961=EDGE_CURVE('',#2455,#2437,#2457,.T.);
#1962=EDGE_CURVE('',#2400,#2458,#2459,.T.);
#1963=EDGE_CURVE('',#2389,#2458,#2460,.T.);
#1964=EDGE_CURVE('',#2458,#2038,#2461,.F.);
#1965=EDGE_CURVE('',#2041,#2017,#2462,.T.);
#1966=EDGE_CURVE('',#2411,#2463,#2464,.T.);
#1967=EDGE_CURVE('',#2019,#2463,#2465,.T.);
#1968=EDGE_CURVE('',#2463,#2466,#2467,.F.);
#1969=EDGE_CURVE('',#2466,#2410,#2468,.T.);
#1970=EDGE_CURVE('',#2466,#2021,#2469,.T.);
#1971=EDGE_CURVE('',#2023,#2035,#2470,.T.);
#1972=EDGE_CURVE('',#2031,#2471,#2472,.F.);
#1973=EDGE_CURVE('',#2471,#2427,#2473,.T.);
#1974=EDGE_CURVE('',#2471,#2420,#2474,.T.);
#1975=EDGE_CURVE('',#2420,#2438,#2475,.T.);
#1976=EDGE_CURVE('',#2437,#2389,#2476,.T.);
#1977=EDGE_CURVE('',#2451,#2477,#2478,.T.);
#1978=EDGE_CURVE('',#2438,#2477,#2479,.T.);
#1979=EDGE_CURVE('',#2477,#2455,#2480,.F.);
#1980=VERTEX_POINT('',#2481);
#1981=VERTEX_POINT('',#2482);
#1982=CIRCLE('',#2483,4.626);
#1983=VERTEX_POINT('',#2484);
#1984=CIRCLE('',#2485,3.40625);
#1985=VERTEX_POINT('',#2486);
#1986=CIRCLE('',#2487,4.826);
#1987=VERTEX_POINT('',#2488);
#1988=LINE('',#2489,#2490);
#1989=CIRCLE('',#2491,3.40625);
#1990=VERTEX_POINT('',#2492);
#1991=VERTEX_POINT('',#2493);
#1992=CIRCLE('',#2494,4.626);
#1993=VERTEX_POINT('',#2495);
#1994=CIRCLE('',#2496,3.40625);
#1995=VERTEX_POINT('',#2497);
#1996=LINE('',#2498,#2499);
#1997=VERTEX_POINT('',#2500);
#1998=CIRCLE('',#2501,4.826);
#1999=CIRCLE('',#2502,3.40625);
#2000=VERTEX_POINT('',#2503);
#2001=CIRCLE('',#2504,4.626);
#2002=VERTEX_POINT('',#2505);
#2003=CIRCLE('',#2506,4.826);
#2004=VERTEX_POINT('',#2507);
#2005=LINE('',#2508,#2509);
#2006=CIRCLE('',#2510,3.40625);
#2007=VERTEX_POINT('',#2511);
#2008=CIRCLE('',#2512,4.626);
#2009=VERTEX_POINT('',#2513);
#2010=CIRCLE('',#2514,3.40625);
#2011=VERTEX_POINT('',#2515);
#2012=LINE('',#2516,#2517);
#2013=CIRCLE('',#2518,4.826);
#2014=VERTEX_POINT('',#2519);
#2015=VERTEX_POINT('',#2520);
#2016=LINE('',#2521,#2522);
#2017=VERTEX_POINT('',#2523);
#2018=CIRCLE('',#2524,0.7112);
#2019=VERTEX_POINT('',#2525);
#2020=CIRCLE('',#2526,0.7112);
#2021=VERTEX_POINT('',#2527);
#2022=CIRCLE('',#2528,0.7112);
#2023=VERTEX_POINT('',#2529);
#2024=CIRCLE('',#2530,0.7112);
#2025=VERTEX_POINT('',#2531);
#2026=CIRCLE('',#2532,0.7112);
#2027=VERTEX_POINT('',#2533);
#2028=LINE('',#2534,#2535);
#2029=CIRCLE('',#2536,0.7112);
#2030=VERTEX_POINT('',#2537);
#2031=VERTEX_POINT('',#2538);
#2032=LINE('',#2539,#2540);
#2033=VERTEX_POINT('',#2541);
#2034=ELLIPSE('',#2542,0.920898658421332,0.920531154492458);
#2035=VERTEX_POINT('',#2543);
#2036=B_SPLINE_CURVE_WITH_KNOTS('',3,(#2544,#2545,#2546,#2547,#2548,#2549,#2550,#2551,#2552,#2553),.UNSPECIFIED.,.F.,.F.,(4,2,2,2,4),(0.0,0.249999968411073,0.49999995149716,0.749999959856601,1.0),.UNSPECIFIED.);
#2037=CIRCLE('',#2554,1.05395175997063);
#2038=VERTEX_POINT('',#2555);
#2039=VERTEX_POINT('',#2556);
#2040=LINE('',#2557,#2558);
#2041=VERTEX_POINT('',#2559);
#2042=CIRCLE('',#2560,1.05395175997063);
#2043=VERTEX_POINT('',#2561);
#2044=B_SPLINE_CURVE_WITH_KNOTS('',3,(#2562,#2563,#2564,#2565,#2566,#2567,#2568,#2569,#2570,#2571),.UNSPECIFIED.,.F.,.F.,(4,2,2,2,4),(0.0,0.250000040143409,0.500000048502841,0.750000031588931,1.0),.UNSPECIFIED.);
#2045=ELLIPSE('',#2572,0.920898658421332,0.920531154492458);
#2046=VERTEX_POINT('',#2573);
#2047=LINE('',#2574,#2575);
#2048=LINE('',#2576,#2577);
#2049=VERTEX_POINT('',#2578);
#2050=VERTEX_POINT('',#2579);
#2051=LINE('',#2580,#2581);
#2052=VERTEX_POINT('',#2582);
#2053=CIRCLE('',#2583,2.31);
#2054=VERTEX_POINT('',#2584);
#2055=CIRCLE('',#2585,2.31);
#2056=VERTEX_POINT('',#2586);
#2057=LINE('',#2587,#2588);
#2058=CIRCLE('',#2589,2.31);
#2059=VERTEX_POINT('',#2590);
#2060=LINE('',#2591,#2592);
#2061=VERTEX_POINT('',#2593);
#2062=CIRCLE('',#2594,2.11);
#2063=LINE('',#2595,#2596);
#2064=VERTEX_POINT('',#2597);
#2065=VERTEX_POINT('',#2598);
#2066=LINE('',#2599,#2600);
#2067=VERTEX_POINT('',#2601);
#2068=CIRCLE('',#2602,1.075);
#2069=VERTEX_POINT('',#2603);
#2070=LINE('',#2604,#2605);
#2071=CIRCLE('',#2606,1.075);
#2072=VERTEX_POINT('',#2607);
#2073=VERTEX_POINT('',#2608);
#2074=LINE('',#2609,#2610);
#2075=VERTEX_POINT('',#2611);
#2076=CIRCLE('',#2612,3.215);
#2077=VERTEX_POINT('',#2613);
#2078=LINE('',#2614,#2615);
#2079=CIRCLE('',#2616,3.215);
#2080=VERTEX_POINT('',#2617);
#2081=VERTEX_POINT('',#2618);
#2082=LINE('',#2619,#2620);
#2083=VERTEX_POINT('',#2621);
#2084=CIRCLE('',#2622,1.05);
#2085=VERTEX_POINT('',#2623);
#2086=LINE('',#2624,#2625);
#2087=CIRCLE('',#2626,1.25);
#2088=VERTEX_POINT('',#2627);
#2089=VERTEX_POINT('',#2628);
#2090=LINE('',#2629,#2630);
#2091=VERTEX_POINT('',#2631);
#2092=CIRCLE('',#2632,0.43);
#2093=VERTEX_POINT('',#2633);
#2094=CIRCLE('',#2634,0.43);
#2095=VERTEX_POINT('',#2635);
#2096=LINE('',#2636,#2637);
#2097=VERTEX_POINT('',#2638);
#2098=CIRCLE('',#2639,0.43);
#2099=CIRCLE('',#2640,0.43);
#2100=VERTEX_POINT('',#2641);
#2101=VERTEX_POINT('',#2642);
#2102=LINE('',#2643,#2644);
#2103=VERTEX_POINT('',#2645);
#2104=CIRCLE('',#2646,0.41);
#2105=VERTEX_POINT('',#2647);
#2106=LINE('',#2648,#2649);
#2107=CIRCLE('',#2650,0.41);
#2108=VERTEX_POINT('',#2651);
#2109=LINE('',#2652,#2653);
#2110=VERTEX_POINT('',#2654);
#2111=CIRCLE('',#2655,0.21);
#2112=LINE('',#2656,#2657);
#2113=VERTEX_POINT('',#2658);
#2114=VERTEX_POINT('',#2659);
#2115=LINE('',#2660,#2661);
#2116=VERTEX_POINT('',#2662);
#2117=B_SPLINE_CURVE_WITH_KNOTS('',3,(#2663,#2664,#2665,#2666,#2667),.UNSPECIFIED.,.F.,.F.,(4,1,4),(4.25471655961513E-18,0.00180362799815551,0.00360725599631102),.UNSPECIFIED.);
#2118=LINE('',#2668,#2669);
#2119=VERTEX_POINT('',#2670);
#2120=LINE('',#2671,#2672);
#2121=VERTEX_POINT('',#2673);
#2122=B_SPLINE_CURVE_WITH_KNOTS('',3,(#2674,#2675,#2676,#2677,#2678),.UNSPECIFIED.,.F.,.F.,(4,1,4),(-0.00180314036283015,-3.29185797158342E-07,0.00180248199123584),.UNSPECIFIED.);
#2123=VERTEX_POINT('',#2679);
#2124=LINE('',#2680,#2681);
#2125=VERTEX_POINT('',#2682);
#2126=CIRCLE('',#2683,4.826);
#2127=CIRCLE('',#2684,4.826);
#2128=VERTEX_POINT('',#2685);
#2129=VERTEX_POINT('',#2686);
#2130=LINE('',#2687,#2688);
#2131=VERTEX_POINT('',#2689);
#2132=CIRCLE('',#2690,4.826);
#2133=VERTEX_POINT('',#2691);
#2134=CIRCLE('',#2692,4.826);
#2135=VERTEX_POINT('',#2693);
#2136=LINE('',#2694,#2695);
#2137=VERTEX_POINT('',#2696);
#2138=B_SPLINE_CURVE_WITH_KNOTS('',3,(#2697,#2698,#2699,#2700,#2701),.UNSPECIFIED.,.F.,.F.,(4,1,4),(1.79156553947576E-17,0.00180425678531259,0.00360851357062516),.UNSPECIFIED.);
#2139=VERTEX_POINT('',#2702);
#2140=LINE('',#2703,#2704);
#2141=VERTEX_POINT('',#2705);
#2142=CIRCLE('',#2706,4.826);
#2143=VERTEX_POINT('',#2707);
#2144=CIRCLE('',#2708,4.826);
#2145=VERTEX_POINT('',#2709);
#2146=LINE('',#2710,#2711);
#2147=B_SPLINE_CURVE_WITH_KNOTS('',3,(#2712,#2713,#2714,#2715,#2716),.UNSPECIFIED.,.F.,.F.,(4,1,4),(4.00421564669237E-18,0.00180425678531257,0.00360851357062514),.UNSPECIFIED.);
#2148=VERTEX_POINT('',#2717);
#2149=LINE('',#2718,#2719);
#2150=CIRCLE('',#2720,2.375);
#2151=VERTEX_POINT('',#2721);
#2152=LINE('',#2722,#2723);
#2153=CIRCLE('',#2724,2.375);
#2154=VERTEX_POINT('',#2725);
#2155=VERTEX_POINT('',#2726);
#2156=LINE('',#2727,#2728);
#2157=VERTEX_POINT('',#2729);
#2158=CIRCLE('',#2730,0.99);
#2159=VERTEX_POINT('',#2731);
#2160=CIRCLE('',#2732,0.99);
#2161=VERTEX_POINT('',#2733);
#2162=LINE('',#2734,#2735);
#2163=CIRCLE('',#2736,0.99);
#2164=VERTEX_POINT('',#2737);
#2165=LINE('',#2738,#2739);
#2166=CIRCLE('',#2740,2.375);
#2167=CIRCLE('',#2741,3.40625);
#2168=VERTEX_POINT('',#2742);
#2169=LINE('',#2743,#2744);
#2170=CIRCLE('',#2745,3.40625);
#2171=VERTEX_POINT('',#2746);
#2172=LINE('',#2747,#2748);
#2173=CIRCLE('',#2749,2.375);
#2174=VERTEX_POINT('',#2750);
#2175=VERTEX_POINT('',#2751);
#2176=LINE('',#2752,#2753);
#2177=VERTEX_POINT('',#2754);
#2178=CIRCLE('',#2755,0.99);
#2179=VERTEX_POINT('',#2756);
#2180=LINE('',#2757,#2758);
#2181=CIRCLE('',#2759,0.99);
#2182=VERTEX_POINT('',#2760);
#2183=CIRCLE('',#2761,3.40625);
#2184=VERTEX_POINT('',#2762);
#2185=LINE('',#2763,#2764);
#2186=VERTEX_POINT('',#2765);
#2187=CIRCLE('',#2766,4.826);
#2188=CIRCLE('',#2767,3.40625);
#2189=VERTEX_POINT('',#2768);
#2190=VERTEX_POINT('',#2769);
#2191=LINE('',#2770,#2771);
#2192=VERTEX_POINT('',#2772);
#2193=CIRCLE('',#2773,5.25);
#2194=VERTEX_POINT('',#2774);
#2195=LINE('',#2775,#2776);
#2196=VERTEX_POINT('',#2777);
#2197=CIRCLE('',#2778,5.25);
#2198=VERTEX_POINT('',#2779);
#2199=LINE('',#2780,#2781);
#2200=VERTEX_POINT('',#2782);
#2201=CIRCLE('',#2783,5.25);
#2202=VERTEX_POINT('',#2784);
#2203=LINE('',#2785,#2786);
#2204=VERTEX_POINT('',#2787);
#2205=CIRCLE('',#2788,5.25);
#2206=VERTEX_POINT('',#2789);
#2207=LINE('',#2790,#2791);
#2208=VERTEX_POINT('',#2792);
#2209=CIRCLE('',#2793,5.25);
#2210=VERTEX_POINT('',#2794);
#2211=LINE('',#2795,#2796);
#2212=CIRCLE('',#2797,5.25);
#2213=VERTEX_POINT('',#2798);
#2214=VERTEX_POINT('',#2799);
#2215=LINE('',#2800,#2801);
#2216=VERTEX_POINT('',#2802);
#2217=CIRCLE('',#2803,3.25);
#2218=VERTEX_POINT('',#2804);
#2219=LINE('',#2805,#2806);
#2220=CIRCLE('',#2807,3.25);
#2221=VERTEX_POINT('',#2808);
#2222=VERTEX_POINT('',#2809);
#2223=LINE('',#2810,#2811);
#2224=VERTEX_POINT('',#2812);
#2225=CIRCLE('',#2813,4.19);
#2226=VERTEX_POINT('',#2814);
#2227=LINE('',#2815,#2816);
#2228=CIRCLE('',#2817,4.06);
#2229=VERTEX_POINT('',#2818);
#2230=LINE('',#2819,#2820);
#2231=VERTEX_POINT('',#2821);
#2232=CIRCLE('',#2822,4.45);
#2233=LINE('',#2823,#2824);
#2234=VERTEX_POINT('',#2825);
#2235=VERTEX_POINT('',#2826);
#2236=LINE('',#2827,#2828);
#2237=VERTEX_POINT('',#2829);
#2238=CIRCLE('',#2830,4.25);
#2239=VERTEX_POINT('',#2831);
#2240=LINE('',#2832,#2833);
#2241=VERTEX_POINT('',#2834);
#2242=CIRCLE('',#2835,4.25);
#2243=VERTEX_POINT('',#2836);
#2244=LINE('',#2837,#2838);
#2245=VERTEX_POINT('',#2839);
#2246=CIRCLE('',#2840,4.25);
#2247=VERTEX_POINT('',#2841);
#2248=LINE('',#2842,#2843);
#2249=VERTEX_POINT('',#2844);
#2250=CIRCLE('',#2845,4.25);
#2251=VERTEX_POINT('',#2846);
#2252=LINE('',#2847,#2848);
#2253=VERTEX_POINT('',#2849);
#2254=CIRCLE('',#2850,4.25);
#2255=VERTEX_POINT('',#2851);
#2256=LINE('',#2852,#2853);
#2257=CIRCLE('',#2854,4.25);
#2258=VERTEX_POINT('',#2855);
#2259=VERTEX_POINT('',#2856);
#2260=LINE('',#2857,#2858);
#2261=VERTEX_POINT('',#2859);
#2262=CIRCLE('',#2860,1.31);
#2263=VERTEX_POINT('',#2861);
#2264=LINE('',#2862,#2863);
#2265=VERTEX_POINT('',#2864);
#2266=CIRCLE('',#2865,1.31);
#2267=CIRCLE('',#2866,1.31);
#2268=VERTEX_POINT('',#2867);
#2269=LINE('',#2868,#2869);
#2270=VERTEX_POINT('',#2870);
#2271=CIRCLE('',#2871,4.626);
#2272=VERTEX_POINT('',#2872);
#2273=LINE('',#2873,#2874);
#2274=CIRCLE('',#2875,4.826);
#2275=LINE('',#2876,#2877);
#2276=VERTEX_POINT('',#2878);
#2277=CIRCLE('',#2879,4.826);
#2278=LINE('',#2880,#2881);
#2279=CIRCLE('',#2882,5.25);
#2280=VERTEX_POINT('',#2883);
#2281=LINE('',#2884,#2885);
#2282=CIRCLE('',#2886,5.25);
#2283=VERTEX_POINT('',#2887);
#2284=LINE('',#2888,#2889);
#2285=CIRCLE('',#2890,4.25);
#2286=VERTEX_POINT('',#2891);
#2287=LINE('',#2892,#2893);
#2288=LINE('',#2894,#2895);
#2289=VERTEX_POINT('',#2896);
#2290=LINE('',#2897,#2898);
#2291=LINE('',#2899,#2900);
#2292=VERTEX_POINT('',#2901);
#2293=LINE('',#2902,#2903);
#2294=VERTEX_POINT('',#2904);
#2295=CIRCLE('',#2905,5.25);
#2296=LINE('',#2906,#2907);
#2297=VERTEX_POINT('',#2908);
#2298=LINE('',#2909,#2910);
#2299=LINE('',#2911,#2912);
#2300=VERTEX_POINT('',#2913);
#2301=LINE('',#2914,#2915);
#2302=LINE('',#2916,#2917);
#2303=VERTEX_POINT('',#2918);
#2304=LINE('',#2919,#2920);
#2305=VERTEX_POINT('',#2921);
#2306=CIRCLE('',#2922,4.25);
#2307=LINE('',#2923,#2924);
#2308=VERTEX_POINT('',#2925);
#2309=LINE('',#2926,#2927);
#2310=LINE('',#2928,#2929);
#2311=VERTEX_POINT('',#2930);
#2312=LINE('',#2931,#2932);
#2313=LINE('',#2933,#2934);
#2314=VERTEX_POINT('',#2935);
#2315=CIRCLE('',#2936,5.25);
#2316=LINE('',#2937,#2938);
#2317=VERTEX_POINT('',#2939);
#2318=CIRCLE('',#2940,4.25);
#2319=LINE('',#2941,#2942);
#2320=VERTEX_POINT('',#2943);
#2321=LINE('',#2944,#2945);
#2322=LINE('',#2946,#2947);
#2323=VERTEX_POINT('',#2948);
#2324=LINE('',#2949,#2950);
#2325=LINE('',#2951,#2952);
#2326=CIRCLE('',#2953,4.826);
#2327=CIRCLE('',#2954,4.826);
#2328=CIRCLE('',#2955,4.626);
#2329=CIRCLE('',#2956,3.215);
#2330=CIRCLE('',#2957,3.25);
#2331=CIRCLE('',#2958,1.31);
#2332=CIRCLE('',#2959,1.31);
#2333=CIRCLE('',#2960,4.25);
#2334=CIRCLE('',#2961,4.25);
#2335=CIRCLE('',#2962,4.25);
#2336=CIRCLE('',#2963,4.19);
#2337=CIRCLE('',#2964,4.45);
#2338=CIRCLE('',#2965,4.06);
#2339=CIRCLE('',#2966,3.25);
#2340=CIRCLE('',#2967,5.25);
#2341=CIRCLE('',#2968,5.25);
#2342=VERTEX_POINT('',#2969);
#2343=CIRCLE('',#2970,4.826);
#2344=VERTEX_POINT('',#2971);
#2345=LINE('',#2972,#2973);
#2346=CIRCLE('',#2974,3.40625);
#2347=VERTEX_POINT('',#2975);
#2348=CIRCLE('',#2976,0.99);
#2349=CIRCLE('',#2977,0.99);
#2350=CIRCLE('',#2978,0.99);
#2351=VERTEX_POINT('',#2979);
#2352=CIRCLE('',#2980,2.375);
#2353=B_SPLINE_CURVE_WITH_KNOTS('',3,(#2981,#2982,#2983,#2984,#2985),.UNSPECIFIED.,.F.,.F.,(4,1,4),(-0.00180314036283015,-3.29185797158342E-07,0.00180248199123584),.UNSPECIFIED.);
#2354=LINE('',#2986,#2987);
#2355=VERTEX_POINT('',#2988);
#2356=CIRCLE('',#2989,3.40625);
#2357=LINE('',#2990,#2991);
#2358=VERTEX_POINT('',#2992);
#2359=LINE('',#2993,#2994);
#2360=CIRCLE('',#2995,2.375);
#2361=LINE('',#2996,#2997);
#2362=VERTEX_POINT('',#2998);
#2363=CIRCLE('',#2999,2.375);
#2364=LINE('',#3000,#3001);
#2365=B_SPLINE_CURVE_WITH_KNOTS('',3,(#3002,#3003,#3004,#3005,#3006),.UNSPECIFIED.,.F.,.F.,(4,1,4),(4.25471655961513E-18,0.00180362799815551,0.00360725599631102),.UNSPECIFIED.);
#2366=CIRCLE('',#3007,0.99);
#2367=CIRCLE('',#3008,0.99);
#2368=LINE('',#3009,#3010);
#2369=VERTEX_POINT('',#3011);
#2370=B_SPLINE_CURVE_WITH_KNOTS('',3,(#3012,#3013,#3014,#3015,#3016),.UNSPECIFIED.,.F.,.F.,(4,1,4),(1.79156553947576E-17,0.00180425678531259,0.00360851357062516),.UNSPECIFIED.);
#2371=CIRCLE('',#3017,2.375);
#2372=LINE('',#3018,#3019);
#2373=LINE('',#3020,#3021);
#2374=LINE('',#3022,#3023);
#2375=B_SPLINE_CURVE_WITH_KNOTS('',3,(#3024,#3025,#3026,#3027,#3028),.UNSPECIFIED.,.F.,.F.,(4,1,4),(4.00421564669237E-18,0.00180425678531257,0.00360851357062514),.UNSPECIFIED.);
#2376=CIRCLE('',#3029,0.21);
#2377=CIRCLE('',#3030,0.41);
#2378=CIRCLE('',#3031,0.41);
#2379=CIRCLE('',#3032,0.43);
#2380=CIRCLE('',#3033,0.43);
#2381=CIRCLE('',#3034,1.05);
#2382=CIRCLE('',#3035,1.25);
#2383=CIRCLE('',#3036,3.215);
#2384=CIRCLE('',#3037,1.075);
#2385=CIRCLE('',#3038,1.075);
#2386=CIRCLE('',#3039,2.31);
#2387=CIRCLE('',#3040,2.11);
#2388=CIRCLE('',#3041,2.31);
#2389=VERTEX_POINT('',#3042);
#2390=CIRCLE('',#3043,0.7112);
#2391=VERTEX_POINT('',#3044);
#2392=B_SPLINE_CURVE_WITH_KNOTS('',3,(#3045,#3046,#3047,#3048),.UNSPECIFIED.,.F.,.F.,(4,4),(3.57809151537222E-09,0.00448412345428627),.UNSPECIFIED.);
#2393=VERTEX_POINT('',#3049);
#2394=CIRCLE('',#3050,0.7112);
#2395=LINE('',#3051,#3052);
#2396=VERTEX_POINT('',#3053);
#2397=LINE('',#3054,#3055);
#2398=VERTEX_POINT('',#3056);
#2399=CIRCLE('',#3057,0.9652);
#2400=VERTEX_POINT('',#3058);
#2401=LINE('',#3059,#3060);
#2402=ELLIPSE('',#3061,0.920898658421332,0.920531154492458);
#2403=B_SPLINE_CURVE_WITH_KNOTS('',3,(#3062,#3063,#3064,#3065,#3066,#3067,#3068,#3069,#3070,#3071),.UNSPECIFIED.,.F.,.F.,(4,2,2,2,4),(2.63892288844394E-12,0.250000366592101,0.500000320393753,0.750000088931454,1.00000000000011),.UNSPECIFIED.);
#2404=B_SPLINE_CURVE_WITH_KNOTS('',3,(#3072,#3073,#3074,#3075),.UNSPECIFIED.,.F.,.F.,(4,4),(3.78966734813201E-08,0.000362344287422465),.UNSPECIFIED.);
#2405=VERTEX_POINT('',#3076);
#2406=LINE('',#3077,#3078);
#2407=VERTEX_POINT('',#3079);
#2408=CIRCLE('',#3080,0.7112);
#2409=LINE('',#3081,#3082);
#2410=VERTEX_POINT('',#3083);
#2411=VERTEX_POINT('',#3084);
#2412=ELLIPSE('',#3085,0.920898658421332,0.920531154492458);
#2413=VERTEX_POINT('',#3086);
#2414=LINE('',#3087,#3088);
#2415=VERTEX_POINT('',#3089);
#2416=CIRCLE('',#3090,0.9652);
#2417=LINE('',#3091,#3092);
#2418=B_SPLINE_CURVE_WITH_KNOTS('',3,(#3093,#3094,#3095,#3096,#3097,#3098,#3099,#3100,#3101,#3102),.UNSPECIFIED.,.F.,.F.,(4,2,2,2,4),(2.63632092086877E-12,0.25000036663453,0.500000320435723,0.750000088952427,1.00000000000011),.UNSPECIFIED.);
#2419=B_SPLINE_CURVE_WITH_KNOTS('',3,(#3103,#3104,#3105,#3106,#3107,#3108,#3109,#3110,#3111,#3112),.UNSPECIFIED.,.F.,.F.,(4,2,2,2,4),(1.45183495135178E-13,0.249999911063837,0.499999679583917,0.749999633380857,1.00000000000264),.UNSPECIFIED.);
#2420=VERTEX_POINT('',#3113);
#2421=CIRCLE('',#3114,0.7112);
#2422=VERTEX_POINT('',#3115);
#2423=LINE('',#3116,#3117);
#2424=VERTEX_POINT('',#3118);
#2425=CIRCLE('',#3119,0.7112);
#2426=B_SPLINE_CURVE_WITH_KNOTS('',3,(#3120,#3121,#3122,#3123),.UNSPECIFIED.,.F.,.F.,(4,4),(2.76509385077077E-09,0.0044841234542863),.UNSPECIFIED.);
#2427=VERTEX_POINT('',#3124);
#2428=ELLIPSE('',#3125,0.920898658421332,0.920531154492458);
#2429=VERTEX_POINT('',#3126);
#2430=LINE('',#3127,#3128);
#2431=VERTEX_POINT('',#3129);
#2432=CIRCLE('',#3130,0.9652);
#2433=LINE('',#3131,#3132);
#2434=B_SPLINE_CURVE_WITH_KNOTS('',3,(#3133,#3134,#3135,#3136),.UNSPECIFIED.,.F.,.F.,(4,4),(2.18722615791251E-12,0.000362306388571199),.UNSPECIFIED.);
#2435=B_SPLINE_CURVE_WITH_KNOTS('',3,(#3137,#3138,#3139,#3140,#3141,#3142,#3143,#3144,#3145,#3146),.UNSPECIFIED.,.F.,.F.,(4,2,2,2,4),(1.45183495135178E-13,0.249999911063837,0.499999679583917,0.749999633380857,1.00000000000264),.UNSPECIFIED.);
#2436=CIRCLE('',#3147,0.7112);
#2437=VERTEX_POINT('',#3148);
#2438=VERTEX_POINT('',#3149);
#2439=ELLIPSE('',#3150,0.711483706061167,0.7112);
#2440=VERTEX_POINT('',#3151);
#2441=B_SPLINE_CURVE_WITH_KNOTS('',3,(#3152,#3153,#3154,#3155),.UNSPECIFIED.,.F.,.F.,(4,4),(3.57809151537221E-09,0.00448412345428627),.UNSPECIFIED.);
#2442=VERTEX_POINT('',#3156);
#2443=CIRCLE('',#3157,0.7112);
#2444=B_SPLINE_CURVE_WITH_KNOTS('',3,(#3158,#3159,#3160,#3161),.UNSPECIFIED.,.F.,.F.,(4,4),(2.76509385077386E-09,0.00448412345428629),.UNSPECIFIED.);
#2445=VERTEX_POINT('',#3162);
#2446=B_SPLINE_CURVE_WITH_KNOTS('',3,(#3163,#3164,#3165,#3166),.UNSPECIFIED.,.F.,.F.,(4,4),(2.18722950157944E-12,0.000362306388571198),.UNSPECIFIED.);
#2447=VERTEX_POINT('',#3167);
#2448=B_SPLINE_CURVE_WITH_KNOTS('',3,(#3168,#3169,#3170,#3171),.UNSPECIFIED.,.F.,.F.,(4,4),(3.78966734790955E-08,0.000362344287422464),.UNSPECIFIED.);
#2449=CIRCLE('',#3172,0.9652);
#2450=VERTEX_POINT('',#3173);
#2451=VERTEX_POINT('',#3174);
#2452=ELLIPSE('',#3175,0.920898658421332,0.920531154492458);
#2453=LINE('',#3176,#3177);
#2454=LINE('',#3178,#3179);
#2455=VERTEX_POINT('',#3180);
#2456=B_SPLINE_CURVE_WITH_KNOTS('',3,(#3181,#3182,#3183,#3184),.UNSPECIFIED.,.F.,.F.,(4,4),(3.37368811876328E-09,0.00474517466929097),.UNSPECIFIED.);
#2457=LINE('',#3185,#3186);
#2458=VERTEX_POINT('',#3187);
#2459=B_SPLINE_CURVE_WITH_KNOTS('',3,(#3188,#3189,#3190,#3191),.UNSPECIFIED.,.F.,.F.,(4,4),(3.3741901149374E-13,0.00474517130682219),.UNSPECIFIED.);
#2460=LINE('',#3192,#3193);
#2461=CIRCLE('',#3194,1.05395175997063);
#2462=LINE('',#3195,#3196);
#2463=VERTEX_POINT('',#3197);
#2464=B_SPLINE_CURVE_WITH_KNOTS('',3,(#3198,#3199,#3200,#3201,#3202,#3203,#3204,#3205,#3206,#3207),.UNSPECIFIED.,.F.,.F.,(4,2,2,2,4),(0.0,0.249999968411073,0.499999951497159,0.749999959856595,1.0),.UNSPECIFIED.);
#2465=LINE('',#3208,#3209);
#2466=VERTEX_POINT('',#3210);
#2467=CIRCLE('',#3211,1.05395175997063);
#2468=B_SPLINE_CURVE_WITH_KNOTS('',3,(#3212,#3213,#3214,#3215,#3216,#3217,#3218,#3219,#3220,#3221),.UNSPECIFIED.,.F.,.F.,(4,2,2,2,4),(0.0,0.250000040143408,0.500000048502841,0.750000031588933,1.0),.UNSPECIFIED.);
#2469=LINE('',#3222,#3223);
#2470=LINE('',#3224,#3225);
#2471=VERTEX_POINT('',#3226);
#2472=CIRCLE('',#3227,1.05395175997063);
#2473=B_SPLINE_CURVE_WITH_KNOTS('',3,(#3228,#3229,#3230,#3231),.UNSPECIFIED.,.F.,.F.,(4,4),(3.37368812049189E-09,0.00474517466929097),.UNSPECIFIED.);
#2474=LINE('',#3232,#3233);
#2475=CIRCLE('',#3234,0.7112);
#2476=CIRCLE('',#3235,0.7112);
#2477=VERTEX_POINT('',#3236);
#2478=B_SPLINE_CURVE_WITH_KNOTS('',3,(#3237,#3238,#3239,#3240),.UNSPECIFIED.,.F.,.F.,(4,4),(3.3741901149425E-13,0.00474517130682219),.UNSPECIFIED.);
#2479=LINE('',#3241,#3242);
#2480=CIRCLE('',#3243,1.05395175997063);
#2481=CARTESIAN_POINT('',(-4.626,8.37472604549549E-16,-4.24));
#2482=CARTESIAN_POINT('',(-1.54419053081543,-4.36065953779242,-4.24));
#2483=AXIS2_PLACEMENT_3D('',#3244,#3245,#3246);
#2484=CARTESIAN_POINT('',(-4.826,1.00947218576895E-15,-5.39));
#2485=AXIS2_PLACEMENT_3D('',#3247,#3248,#3249);
#2486=CARTESIAN_POINT('',(-1.62272949070386,-4.545,-5.39));
#2487=AXIS2_PLACEMENT_3D('',#3250,#3251,#3252);
#2488=CARTESIAN_POINT('',(-1.60946891215202,-4.545,-5.37753756115666));
#2489=CARTESIAN_POINT('',(-1.61609920142794,-4.545,-5.38376878057834));
#2490=VECTOR('',#3253,1000.0);
#2491=AXIS2_PLACEMENT_3D('',#3254,#3255,#3256);
#2492=CARTESIAN_POINT('',(1.54419053081543,-4.36065953779242,-4.24));
#2493=CARTESIAN_POINT('',(4.626,-1.72565102424967E-15,-4.24));
#2494=AXIS2_PLACEMENT_3D('',#3257,#3258,#3259);
#2495=CARTESIAN_POINT('',(1.60946891215203,-4.545,-5.37753756115666));
#2496=AXIS2_PLACEMENT_3D('',#3260,#3261,#3262);
#2497=CARTESIAN_POINT('',(1.62272949070385,-4.545,-5.39));
#2498=CARTESIAN_POINT('',(1.61609920142794,-4.545,-5.38376878057834));
#2499=VECTOR('',#3263,1000.0);
#2500=CARTESIAN_POINT('',(4.826,-1.66953501047921E-15,-5.39));
#2501=AXIS2_PLACEMENT_3D('',#3264,#3265,#3266);
#2502=AXIS2_PLACEMENT_3D('',#3267,#3268,#3269);
#2503=CARTESIAN_POINT('',(1.54419053081543,4.36065953779242,-4.24));
#2504=AXIS2_PLACEMENT_3D('',#3270,#3271,#3272);
#2505=CARTESIAN_POINT('',(1.62272949070385,4.545,-5.39));
#2506=AXIS2_PLACEMENT_3D('',#3273,#3274,#3275);
#2507=CARTESIAN_POINT('',(1.60946891215203,4.545,-5.37753756115666));
#2508=CARTESIAN_POINT('',(1.61609920142794,4.545,-5.38376878057834));
#2509=VECTOR('',#3276,1000.0);
#2510=AXIS2_PLACEMENT_3D('',#3277,#3278,#3279);
#2511=CARTESIAN_POINT('',(-1.54419053081543,4.36065953779242,-4.24));
#2512=AXIS2_PLACEMENT_3D('',#3280,#3281,#3282);
#2513=CARTESIAN_POINT('',(-1.60946891215202,4.545,-5.37753756115667));
#2514=AXIS2_PLACEMENT_3D('',#3283,#3284,#3285);
#2515=CARTESIAN_POINT('',(-1.62272949070386,4.545,-5.39));
#2516=CARTESIAN_POINT('',(-1.61609920142794,4.545,-5.38376878057834));
#2517=VECTOR('',#3286,1000.0);
#2518=AXIS2_PLACEMENT_3D('',#3287,#3288,#3289);
#2519=CARTESIAN_POINT('',(0.711200000000002,4.70994788013646E-17,-8.18068277198643));
#2520=CARTESIAN_POINT('',(0.711200000000002,3.14386123551103E-17,-8.63788277198643));
#2521=CARTESIAN_POINT('',(0.711200000000002,3.92739272738954E-17,-8.40914025804629));
#2522=VECTOR('',#3290,1.0);
#2523=CARTESIAN_POINT('',(0.598746438453289,0.383550045935916,-8.18068277198643));
#2524=AXIS2_PLACEMENT_3D('',#3291,#3292,#3293);
#2525=CARTESIAN_POINT('',(0.383550045935919,0.598746438453288,-8.18068277198643));
#2526=AXIS2_PLACEMENT_3D('',#3294,#3295,#3296);
#2527=CARTESIAN_POINT('',(-0.383550045935915,0.598746438453288,-8.18068277198643));
#2528=AXIS2_PLACEMENT_3D('',#3297,#3298,#3299);
#2529=CARTESIAN_POINT('',(-0.598746438453286,0.383550045935916,-8.18068277198643));
#2530=AXIS2_PLACEMENT_3D('',#3300,#3301,#3302);
#2531=CARTESIAN_POINT('',(-0.711199999999999,-1.27573321226575E-16,-8.18068277198643));
#2532=AXIS2_PLACEMENT_3D('',#3303,#3304,#3305);
#2533=CARTESIAN_POINT('',(-0.711199999999998,-5.61373073174692E-17,-8.63788277198643));
#2534=CARTESIAN_POINT('',(-0.711199999999999,-1.35398872754044E-16,-8.40914025804629));
#2535=VECTOR('',#3306,1.0);
#2536=AXIS2_PLACEMENT_3D('',#3307,#3308,#3309);
#2537=CARTESIAN_POINT('',(-0.919796879409154,3.05455609751669E-17,-3.4316));
#2538=CARTESIAN_POINT('',(-1.05395175997063,-4.36321032544694E-16,-8.18068277198643));
#2539=CARTESIAN_POINT('',(-1.0541,-4.36836916254949E-16,-8.18593046902606));
#2540=VECTOR('',#3310,1.0);
#2541=CARTESIAN_POINT('',(-0.689909918819236,0.608595187886715,-3.43809398193742));
#2542=AXIS2_PLACEMENT_3D('',#3311,#3312,#3313);
#2543=CARTESIAN_POINT('',(-0.845088300238929,0.629793678234765,-8.18068277198643));
#2544=CARTESIAN_POINT('',(-0.689909918819236,0.608595187886715,-3.43809398193742));
#2545=CARTESIAN_POINT('',(-0.703052408632703,0.610572827964394,-3.83330173539423));
#2546=CARTESIAN_POINT('',(-0.716134969710944,0.612490498495464,-4.22851178045754));
#2547=CARTESIAN_POINT('',(-0.742191887378794,0.616217562463065,-5.01893596981591));
#2548=CARTESIAN_POINT('',(-0.755166233399843,0.618026945315357,-5.4141501150569));
#2549=CARTESIAN_POINT('',(-0.781016753346314,0.621547473915243,-6.20458209368009));
#2550=CARTESIAN_POINT('',(-0.793892918981298,0.623258611354903,-6.59979992777461));
#2551=CARTESIAN_POINT('',(-0.819555798196515,0.626591375767716,-7.39023892824149));
#2552=CARTESIAN_POINT('',(-0.832342505187865,0.628212996132319,-7.7854600951625));
#2553=CARTESIAN_POINT('',(-0.845088300238928,0.629793678234766,-8.18068277198643));
#2554=AXIS2_PLACEMENT_3D('',#3314,#3315,#3316);
#2555=CARTESIAN_POINT('',(1.05395175997063,-2.25700149010876E-16,-8.18068277198643));
#2556=CARTESIAN_POINT('',(0.919796879409154,2.14357816605659E-16,-3.4316));
#2557=CARTESIAN_POINT('',(1.0541,-2.26186409409842E-16,-8.18593046902606));
#2558=VECTOR('',#3317,1.0);
#2559=CARTESIAN_POINT('',(0.845088300238932,0.629793678234766,-8.18068277198643));
#2560=AXIS2_PLACEMENT_3D('',#3318,#3319,#3320);
#2561=CARTESIAN_POINT('',(0.689909918819225,0.608595187886722,-3.43809398193742));
#2562=CARTESIAN_POINT('',(0.845088300238932,0.629793678234766,-8.18068277198643));
#2563=CARTESIAN_POINT('',(0.832342505187867,0.628212996132318,-7.7854600951625));
#2564=CARTESIAN_POINT('',(0.819555798196519,0.626591375767716,-7.39023892824149));
#2565=CARTESIAN_POINT('',(0.793892918981301,0.623258611354903,-6.59979992777462));
#2566=CARTESIAN_POINT('',(0.781016753346316,0.621547473915243,-6.20458209368008));
#2567=CARTESIAN_POINT('',(0.755166233399843,0.618026945315357,-5.41415011505691));
#2568=CARTESIAN_POINT('',(0.742191887378793,0.616217562463065,-5.0189359698159));
#2569=CARTESIAN_POINT('',(0.716134969710944,0.612490498495464,-4.22851178045753));
#2570=CARTESIAN_POINT('',(0.703052408632703,0.610572827964394,-3.83330173539423));
#2571=CARTESIAN_POINT('',(0.689909918819236,0.608595187886715,-3.43809398193742));
#2572=AXIS2_PLACEMENT_3D('',#3321,#3322,#3323);
#2573=CARTESIAN_POINT('',(1.77030082255527E-15,-7.05355621018265E-17,-9.06521484423883));
#2574=CARTESIAN_POINT('',(-0.711199999999998,-1.43234187672829E-16,-8.63788277198643));
#2575=VECTOR('',#3324,1.0);
#2576=CARTESIAN_POINT('',(0.711200000000002,3.14386123551103E-17,-8.63788277198643));
#2577=VECTOR('',#3325,1.0);
#2578=CARTESIAN_POINT('',(1.53544658168445E-15,-2.30999999999999,-8.7402));
#2579=CARTESIAN_POINT('',(-1.12823256386544E-17,-2.31,-3.5802));
#2580=CARTESIAN_POINT('',(1.53544658168445E-15,-2.30999999999999,-8.7402));
#2581=VECTOR('',#3326,1.0);
#2582=CARTESIAN_POINT('',(2.31,6.13755404886077E-15,-8.7402));
#2583=AXIS2_PLACEMENT_3D('',#3327,#3328,#3329);
#2584=CARTESIAN_POINT('',(9.69659760478375E-16,2.31000000000001,-8.7402));
#2585=AXIS2_PLACEMENT_3D('',#3330,#3331,#3332);
#2586=CARTESIAN_POINT('',(2.71611084964384E-16,2.31,-3.5802));
#2587=CARTESIAN_POINT('',(9.69659760478375E-16,2.31000000000001,-8.7402));
#2588=VECTOR('',#3333,1.0);
#2589=AXIS2_PLACEMENT_3D('',#3334,#3335,#3336);
#2590=CARTESIAN_POINT('',(1.98132277015543E-16,2.11,-3.3802));
#2591=CARTESIAN_POINT('',(1.98132277015543E-16,2.11,-3.3802));
#2592=VECTOR('',#3337,1.0);
#2593=CARTESIAN_POINT('',(-6.02681976045479E-17,-2.11,-3.3802));
#2594=AXIS2_PLACEMENT_3D('',#3338,#3339,#3340);
#2595=CARTESIAN_POINT('',(-3.18668672224639E-16,-2.11,-3.3802));
#2596=VECTOR('',#3341,1.0);
#2597=CARTESIAN_POINT('',(1.075,5.49190176492112E-15,-8.18068277198643));
#2598=CARTESIAN_POINT('',(1.075,-1.4637067577343E-29,-3.3802));
#2599=CARTESIAN_POINT('',(1.075,-1.31649530908355E-16,-3.3802));
#2600=VECTOR('',#3342,1.0);
#2601=CARTESIAN_POINT('',(-1.075,5.62355129582945E-15,-8.18068277198643));
#2602=AXIS2_PLACEMENT_3D('',#3343,#3344,#3345);
#2603=CARTESIAN_POINT('',(-1.075,1.31649530908326E-16,-3.3802));
#2604=CARTESIAN_POINT('',(-1.075,1.31649530908326E-16,-3.3802));
#2605=VECTOR('',#3346,1.0);
#2606=AXIS2_PLACEMENT_3D('',#3347,#3348,#3349);
#2607=CARTESIAN_POINT('',(3.215,6.08213878119935E-15,-8.7402));
#2608=CARTESIAN_POINT('',(3.215,5.89675707080933E-15,-8.75));
#2609=CARTESIAN_POINT('',(3.215,5.89101693952287E-15,-8.7451));
#2610=VECTOR('',#3350,1.0);
#2611=CARTESIAN_POINT('',(-3.215,6.67272470008817E-15,-8.7402));
#2612=AXIS2_PLACEMENT_3D('',#3351,#3352,#3353);
#2613=CARTESIAN_POINT('',(-3.215,6.29048101673521E-15,-8.75));
#2614=CARTESIAN_POINT('',(-3.215,6.67846483137462E-15,-8.7451));
#2615=VECTOR('',#3354,1.0);
#2616=AXIS2_PLACEMENT_3D('',#3355,#3356,#3357);
#2617=CARTESIAN_POINT('',(4.38642433009949E-15,-1.04999999999998,-21.0102));
#2618=CARTESIAN_POINT('',(4.36193139411654E-15,-1.24999999999998,-20.8102));
#2619=CARTESIAN_POINT('',(4.38642433009949E-15,-1.04999999999998,-21.0102));
#2620=VECTOR('',#3358,1.0);
#2621=CARTESIAN_POINT('',(4.25783641618902E-15,1.05000000000002,-21.0102));
#2622=AXIS2_PLACEMENT_3D('',#3359,#3360,#3361);
#2623=CARTESIAN_POINT('',(4.20885054422312E-15,1.25000000000002,-20.8102));
#2624=CARTESIAN_POINT('',(4.12924850227854E-15,1.05000000000002,-21.0102));
#2625=VECTOR('',#3362,1.0);
#2626=AXIS2_PLACEMENT_3D('',#3363,#3364,#3365);
#2627=CARTESIAN_POINT('',(4.26151035658646E-15,-0.42999999999998,-20.8102));
#2628=CARTESIAN_POINT('',(4.31049622855235E-15,-0.429999999999979,-21.0102));
#2629=CARTESIAN_POINT('',(4.31049622855235E-15,-0.429999999999979,-21.0102));
#2630=VECTOR('',#3366,1.0);
#2631=CARTESIAN_POINT('',(0.430000000000004,2.04184670046733E-14,-20.8102));
#2632=AXIS2_PLACEMENT_3D('',#3367,#3368,#3369);
#2633=CARTESIAN_POINT('',(4.15619073185979E-15,0.43000000000002,-20.8102));
#2634=AXIS2_PLACEMENT_3D('',#3370,#3371,#3372);
#2635=CARTESIAN_POINT('',(4.20517660382568E-15,0.430000000000021,-21.0102));
#2636=CARTESIAN_POINT('',(4.20517660382568E-15,0.430000000000021,-21.0102));
#2637=VECTOR('',#3373,1.0);
#2638=CARTESIAN_POINT('',(0.430000000000004,2.06264281714081E-14,-21.0102));
#2639=AXIS2_PLACEMENT_3D('',#3374,#3375,#3376);
#2640=AXIS2_PLACEMENT_3D('',#3377,#3378,#3379);
#2641=CARTESIAN_POINT('',(-0.409999999999993,-2.15839699135921E-15,-26.7908827719869));
#2642=CARTESIAN_POINT('',(-0.409999999999995,-1.58733639432003E-15,-20.8102));
#2643=CARTESIAN_POINT('',(-0.409999999999994,-1.87286669283962E-15,-23.8005413859935));
#2644=VECTOR('',#3380,1.0);
#2645=CARTESIAN_POINT('',(0.410000000000007,-2.10791031100804E-15,-26.7908827719869));
#2646=AXIS2_PLACEMENT_3D('',#3381,#3382,#3383);
#2647=CARTESIAN_POINT('',(0.410000000000005,-1.53698779476193E-15,-20.8102));
#2648=CARTESIAN_POINT('',(0.410000000000006,-1.7721694937234E-15,-23.8005413859935));
#2649=VECTOR('',#3384,1.0);
#2650=AXIS2_PLACEMENT_3D('',#3385,#3386,#3387);
#2651=CARTESIAN_POINT('',(-0.209999999999993,-2.15293353511643E-15,-26.9908827719869));
#2652=CARTESIAN_POINT('',(-0.209999999999993,-2.15293353511643E-15,-26.9908827719869));
#2653=VECTOR('',#3388,1.0);
#2654=CARTESIAN_POINT('',(0.210000000000007,-2.12707450371705E-15,-26.9908827719869));
#2655=AXIS2_PLACEMENT_3D('',#3389,#3390,#3391);
#2656=CARTESIAN_POINT('',(0.210000000000007,-2.10135692093495E-15,-26.9908827719869));
#2657=VECTOR('',#3392,1.0);
#2658=CARTESIAN_POINT('',(1.26071250519052E-10,-4.826,-6.615));
#2659=CARTESIAN_POINT('',(4.51204551161676E-15,-4.826,-15.5));
#2660=CARTESIAN_POINT('',(2.96440834175018E-15,-4.826,-10.445));
#2661=VECTOR('',#3393,1.0);
#2662=CARTESIAN_POINT('',(-1.62272949070386,-4.545,-5.97417819153627));
#2663=CARTESIAN_POINT('',(-1.62272949070386,-4.545,-5.97417819153627));
#2664=CARTESIAN_POINT('',(-1.19231690369189,-4.69867287087227,-6.37692988194689));
#2665=CARTESIAN_POINT('',(-0.00210752218886735,-4.95330083217084,-6.85300134301979));
#2666=CARTESIAN_POINT('',(1.19217097641365,-4.69872497219194,-6.37706643106222));
#2667=CARTESIAN_POINT('',(1.62272949070385,-4.545,-5.97417819153627));
#2668=CARTESIAN_POINT('',(-1.62272949070386,-4.545,-5.68202266805944));
#2669=VECTOR('',#3394,1000.0);
#2670=CARTESIAN_POINT('',(-1.62272949070386,4.545,-5.97417819153626));
#2671=CARTESIAN_POINT('',(-1.62272949070386,4.545,-5.68202266805944));
#2672=VECTOR('',#3395,1000.0);
#2673=CARTESIAN_POINT('',(-1.2523199040201E-10,4.826,-6.615));
#2674=CARTESIAN_POINT('',(1.62272949070385,4.545,-5.97417819153627));
#2675=CARTESIAN_POINT('',(1.19231682433961,4.6986728992039,-6.37692995619951));
#2676=CARTESIAN_POINT('',(0.00210323827132967,4.95330075934213,-6.85300115159514));
#2677=CARTESIAN_POINT('',(-1.19217064254818,4.698725091394,-6.3770667434715));
#2678=CARTESIAN_POINT('',(-1.62272949070386,4.545,-5.97417819153627));
#2679=CARTESIAN_POINT('',(4.51208454944443E-15,4.826,-15.5));
#2680=CARTESIAN_POINT('',(2.96444737957784E-15,4.826,-10.445));
#2681=VECTOR('',#3396,1.0);
#2682=CARTESIAN_POINT('',(-4.826,1.54074395550979E-30,-15.5));
#2683=AXIS2_PLACEMENT_3D('',#3397,#3398,#3399);
#2684=AXIS2_PLACEMENT_3D('',#3400,#3401,#3402);
#2685=CARTESIAN_POINT('',(-1.72197554448258E-16,-4.826,-0.2));
#2686=CARTESIAN_POINT('',(-4.94439475830972E-10,-4.826,-1.865));
#2687=CARTESIAN_POINT('',(2.70203179568995E-16,-4.826,-1.645));
#2688=VECTOR('',#3403,1.0);
#2689=CARTESIAN_POINT('',(-4.826,0.0,-0.200000000000001));
#2690=AXIS2_PLACEMENT_3D('',#3404,#3405,#3406);
#2691=CARTESIAN_POINT('',(-1.72158516620594E-16,4.826,-0.2));
#2692=AXIS2_PLACEMENT_3D('',#3407,#3408,#3409);
#2693=CARTESIAN_POINT('',(4.94439854620464E-10,4.826,-1.865));
#2694=CARTESIAN_POINT('',(2.70242217396659E-16,4.826,-1.645));
#2695=VECTOR('',#3410,1.0);
#2696=CARTESIAN_POINT('',(-1.62272949070386,4.545,-2.50582180846373));
#2697=CARTESIAN_POINT('',(-1.62272949070385,4.545,-2.50582180846373));
#2698=CARTESIAN_POINT('',(-1.19216685173704,4.69872644485077,-2.10292970933764));
#2699=CARTESIAN_POINT('',(-0.00331199895060788,4.95323522219478,-1.62717039883));
#2700=CARTESIAN_POINT('',(1.19195551251912,4.69880190060026,-2.10273195204653));
#2701=CARTESIAN_POINT('',(1.62272949070385,4.545,-2.50582180846373));
#2702=CARTESIAN_POINT('',(-1.62272949070386,4.545,-3.09));
#2703=CARTESIAN_POINT('',(-1.62272949070385,4.545,-19.812));
#2704=VECTOR('',#3411,1000.0);
#2705=CARTESIAN_POINT('',(-4.826,1.15030191645852E-15,-3.09));
#2706=AXIS2_PLACEMENT_3D('',#3412,#3413,#3414);
#2707=CARTESIAN_POINT('',(-1.62272949070386,-4.545,-3.09));
#2708=AXIS2_PLACEMENT_3D('',#3415,#3416,#3417);
#2709=CARTESIAN_POINT('',(-1.62272949070385,-4.545,-2.50582180846373));
#2710=CARTESIAN_POINT('',(-1.62272949070385,-4.545,-19.812));
#2711=VECTOR('',#3418,1000.0);
#2712=CARTESIAN_POINT('',(1.62272949070385,-4.545,-2.50582180846373));
#2713=CARTESIAN_POINT('',(1.19216685173703,-4.69872644485077,-2.10292970933764));
#2714=CARTESIAN_POINT('',(0.00331199895060938,-4.95323522219478,-1.62717039883001));
#2715=CARTESIAN_POINT('',(-1.19195551251912,-4.69880190060026,-2.10273195204653));
#2716=CARTESIAN_POINT('',(-1.62272949070386,-4.545,-2.50582180846373));
#2717=CARTESIAN_POINT('',(-1.09555127044586E-15,-4.545,-1.865));
#2718=CARTESIAN_POINT('',(-1.15220528833881E-15,-4.74911761109739,-1.865));
#2719=VECTOR('',#3419,1.0);
#2720=AXIS2_PLACEMENT_3D('',#3420,#3421,#3422);
#2721=CARTESIAN_POINT('',(1.4274305530148E-15,4.545,-1.865));
#2722=CARTESIAN_POINT('',(1.48408457090776E-15,4.74911761109739,-1.865));
#2723=VECTOR('',#3423,1.0);
#2724=AXIS2_PLACEMENT_3D('',#3424,#3425,#3426);
#2725=CARTESIAN_POINT('',(2.20133704518979E-15,5.5,-3.25));
#2726=CARTESIAN_POINT('',(1.93627129806053E-15,4.545,-3.25));
#2727=CARTESIAN_POINT('',(2.06880417162516E-15,5.0225,-3.25));
#2728=VECTOR('',#3427,1.0);
#2729=CARTESIAN_POINT('',(-0.989999999999998,5.5,-4.24));
#2730=AXIS2_PLACEMENT_3D('',#3428,#3429,#3430);
#2731=CARTESIAN_POINT('',(2.92877724388331E-15,5.5,-5.23));
#2732=AXIS2_PLACEMENT_3D('',#3431,#3432,#3433);
#2733=CARTESIAN_POINT('',(2.54247146363846E-15,4.545,-5.23));
#2734=CARTESIAN_POINT('',(2.79624437031869E-15,5.0225,-5.23));
#2735=VECTOR('',#3434,1.0);
#2736=AXIS2_PLACEMENT_3D('',#3435,#3436,#3437);
#2737=CARTESIAN_POINT('',(6.49570418339115E-16,-4.545,-6.615));
#2738=CARTESIAN_POINT('',(5.92907295232905E-16,-4.74915041608542,-6.615));
#2739=VECTOR('',#3438,1.0);
#2740=AXIS2_PLACEMENT_3D('',#3439,#3440,#3441);
#2741=AXIS2_PLACEMENT_3D('',#3442,#3443,#3444);
#2742=CARTESIAN_POINT('',(-1.60946891215202,4.545,-3.10246243884333));
#2743=CARTESIAN_POINT('',(-1.61609920142794,4.545,-3.09623121942166));
#2744=VECTOR('',#3445,1000.0);
#2745=AXIS2_PLACEMENT_3D('',#3446,#3447,#3448);
#2746=CARTESIAN_POINT('',(3.17255224179978E-15,4.545,-6.615));
#2747=CARTESIAN_POINT('',(3.22921535479898E-15,4.74915037967107,-6.615));
#2748=VECTOR('',#3449,1.0);
#2749=AXIS2_PLACEMENT_3D('',#3450,#3451,#3452);
#2750=CARTESIAN_POINT('',(-5.86710525400138E-16,-4.545,-3.25));
#2751=CARTESIAN_POINT('',(-8.51776272529394E-16,-5.5,-3.25));
#2752=CARTESIAN_POINT('',(-5.86710525400138E-16,-4.545,-3.25));
#2753=VECTOR('',#3453,1.0);
#2754=CARTESIAN_POINT('',(1.94896401778019E-17,-4.545,-5.23));
#2755=AXIS2_PLACEMENT_3D('',#3454,#3455,#3456);
#2756=CARTESIAN_POINT('',(-1.24336073835866E-16,-5.5,-5.23));
#2757=CARTESIAN_POINT('',(1.4072967329339E-16,-4.545,-5.23));
#2758=VECTOR('',#3457,1.0);
#2759=AXIS2_PLACEMENT_3D('',#3458,#3459,#3460);
#2760=CARTESIAN_POINT('',(1.60946891215203,4.545,-3.10246243884333));
#2761=AXIS2_PLACEMENT_3D('',#3461,#3462,#3463);
#2762=CARTESIAN_POINT('',(1.62272949070385,4.545,-3.09));
#2763=CARTESIAN_POINT('',(1.61609920142794,4.545,-3.09623121942166));
#2764=VECTOR('',#3464,1000.0);
#2765=CARTESIAN_POINT('',(4.826,-1.52870527978964E-15,-3.09));
#2766=AXIS2_PLACEMENT_3D('',#3465,#3466,#3467);
#2767=AXIS2_PLACEMENT_3D('',#3468,#3469,#3470);
#2768=CARTESIAN_POINT('',(5.25,-6.4293956955236E-16,-15.7447965141364));
#2769=CARTESIAN_POINT('',(5.25000000000001,-6.42939569552362E-16,-27.0));
#2770=CARTESIAN_POINT('',(5.25,-6.42939569552362E-16,-20.193));
#2771=VECTOR('',#3471,1.0);
#2772=CARTESIAN_POINT('',(-5.25,0.0,-15.7447965141364));
#2773=AXIS2_PLACEMENT_3D('',#3472,#3473,#3474);
#2774=CARTESIAN_POINT('',(-5.24999999999999,6.42939569552359E-16,-27.0));
#2775=CARTESIAN_POINT('',(-5.25,6.42939569552359E-16,-20.193));
#2776=VECTOR('',#3475,1.0);
#2777=CARTESIAN_POINT('',(-5.22613624009172,-0.5,-27.0));
#2778=AXIS2_PLACEMENT_3D('',#3476,#3477,#3478);
#2779=CARTESIAN_POINT('',(-5.22613624009172,-0.5,-22.3));
#2780=CARTESIAN_POINT('',(-5.22613624009172,-0.5,-22.3));
#2781=VECTOR('',#3479,1000.0);
#2782=CARTESIAN_POINT('',(-0.499999999999999,-5.22613624009172,-22.3));
#2783=AXIS2_PLACEMENT_3D('',#3480,#3481,#3482);
#2784=CARTESIAN_POINT('',(-0.499999999999998,-5.22613624009172,-27.0));
#2785=CARTESIAN_POINT('',(-0.499999999999999,-5.22613624009172,-22.3));
#2786=VECTOR('',#3483,1000.0);
#2787=CARTESIAN_POINT('',(0.500000000000002,-5.22613624009172,-27.0));
#2788=AXIS2_PLACEMENT_3D('',#3484,#3485,#3486);
#2789=CARTESIAN_POINT('',(0.500000000000001,-5.22613624009172,-22.3));
#2790=CARTESIAN_POINT('',(0.500000000000001,-5.22613624009172,-22.3));
#2791=VECTOR('',#3487,1000.0);
#2792=CARTESIAN_POINT('',(5.22613624009172,-0.5,-22.3));
#2793=AXIS2_PLACEMENT_3D('',#3488,#3489,#3490);
#2794=CARTESIAN_POINT('',(5.22613624009173,-0.5,-27.0));
#2795=CARTESIAN_POINT('',(5.22613624009172,-0.5,-20.193));
#2796=VECTOR('',#3491,1000.0);
#2797=AXIS2_PLACEMENT_3D('',#3492,#3493,#3494);
#2798=CARTESIAN_POINT('',(-3.25,1.54074395550979E-30,-8.75));
#2799=CARTESIAN_POINT('',(-3.25,0.0,-8.41));
#2800=CARTESIAN_POINT('',(-3.25,3.98010209722891E-16,-8.58));
#2801=VECTOR('',#3495,1.0);
#2802=CARTESIAN_POINT('',(3.25,-3.98010209722888E-16,-8.75));
#2803=AXIS2_PLACEMENT_3D('',#3496,#3497,#3498);
#2804=CARTESIAN_POINT('',(3.25,-3.98010209722888E-16,-8.41));
#2805=CARTESIAN_POINT('',(3.25,-3.98010209722888E-16,-8.58));
#2806=VECTOR('',#3499,1.0);
#2807=AXIS2_PLACEMENT_3D('',#3500,#3501,#3502);
#2808=CARTESIAN_POINT('',(4.19,5.13127008842739E-16,-0.569999999999999));
#2809=CARTESIAN_POINT('',(4.06,4.97206600453825E-16,-8.41));
#2810=CARTESIAN_POINT('',(4.06,4.97206600453825E-16,-8.41000000000001));
#2811=VECTOR('',#3503,1.0);
#2812=CARTESIAN_POINT('',(-4.19,-1.54074395550979E-30,-0.570000000000001));
#2813=AXIS2_PLACEMENT_3D('',#3504,#3505,#3506);
#2814=CARTESIAN_POINT('',(-4.06,0.0,-8.41));
#2815=CARTESIAN_POINT('',(-4.06,-4.97206600453825E-16,-8.40999999999999));
#2816=VECTOR('',#3507,1.0);
#2817=AXIS2_PLACEMENT_3D('',#3508,#3509,#3510);
#2818=CARTESIAN_POINT('',(4.45,5.44967825620571E-16,1.08993565124114E-15));
#2819=CARTESIAN_POINT('',(4.19,5.13127008842739E-16,-0.569999999999999));
#2820=VECTOR('',#3511,1.0);
#2821=CARTESIAN_POINT('',(-4.45,0.0,-1.08993565124114E-15));
#2822=AXIS2_PLACEMENT_3D('',#3512,#3513,#3514);
#2823=CARTESIAN_POINT('',(-4.19,-5.13127008842742E-16,-0.570000000000001));
#2824=VECTOR('',#3515,1.0);
#2825=CARTESIAN_POINT('',(-4.24999999999999,5.20474889637627E-16,-27.0));
#2826=CARTESIAN_POINT('',(-4.25,-1.54074395550979E-30,-21.0));
#2827=CARTESIAN_POINT('',(-4.25,5.20474889637627E-16,-22.3));
#2828=VECTOR('',#3516,1.0);
#2829=CARTESIAN_POINT('',(-4.22048575403353,0.5,-27.0));
#2830=AXIS2_PLACEMENT_3D('',#3517,#3518,#3519);
#2831=CARTESIAN_POINT('',(-4.22048575403353,0.5,-22.3));
#2832=CARTESIAN_POINT('',(-4.22048575403353,0.5,-22.3));
#2833=VECTOR('',#3520,1000.0);
#2834=CARTESIAN_POINT('',(-0.499999999999999,4.22048575403353,-22.3));
#2835=AXIS2_PLACEMENT_3D('',#3521,#3522,#3523);
#2836=CARTESIAN_POINT('',(-0.499999999999998,4.22048575403353,-27.0));
#2837=CARTESIAN_POINT('',(-0.499999999999999,4.22048575403353,-22.3));
#2838=VECTOR('',#3524,1000.0);
#2839=CARTESIAN_POINT('',(0.500000000000002,4.22048575403353,-27.0));
#2840=AXIS2_PLACEMENT_3D('',#3525,#3526,#3527);
#2841=CARTESIAN_POINT('',(0.500000000000001,4.22048575403353,-22.3));
#2842=CARTESIAN_POINT('',(0.500000000000001,4.22048575403353,-22.3));
#2843=VECTOR('',#3528,1000.0);
#2844=CARTESIAN_POINT('',(4.22048575403353,0.5,-22.3));
#2845=AXIS2_PLACEMENT_3D('',#3529,#3530,#3531);
#2846=CARTESIAN_POINT('',(4.22048575403353,0.5,-27.0));
#2847=CARTESIAN_POINT('',(4.22048575403353,0.5,-22.3));
#2848=VECTOR('',#3532,1000.0);
#2849=CARTESIAN_POINT('',(4.25000000000001,-5.20474889637623E-16,-27.0));
#2850=AXIS2_PLACEMENT_3D('',#3533,#3534,#3535);
#2851=CARTESIAN_POINT('',(4.25,-5.20474889637623E-16,-21.0));
#2852=CARTESIAN_POINT('',(4.25,-5.20474889637623E-16,-22.3));
#2853=VECTOR('',#3536,1.0);
#2854=AXIS2_PLACEMENT_3D('',#3537,#3538,#3539);
#2855=CARTESIAN_POINT('',(-1.31,-1.54074395550979E-30,-21.0));
#2856=CARTESIAN_POINT('',(-1.31,1.60428730688305E-16,-20.8102));
#2857=CARTESIAN_POINT('',(-1.31,1.60428730688305E-16,-20.9051));
#2858=VECTOR('',#3540,1.0);
#2859=CARTESIAN_POINT('',(1.31,-1.60428730688302E-16,-21.0));
#2860=AXIS2_PLACEMENT_3D('',#3541,#3542,#3543);
#2861=CARTESIAN_POINT('',(1.31,-1.60428730688302E-16,-20.8102));
#2862=CARTESIAN_POINT('',(1.31,-1.60428730688302E-16,-20.9051));
#2863=VECTOR('',#3544,1.0);
#2864=CARTESIAN_POINT('',(4.20885054422312E-15,1.31,-20.8102));
#2865=AXIS2_PLACEMENT_3D('',#3545,#3546,#3547);
#2866=AXIS2_PLACEMENT_3D('',#3548,#3549,#3550);
#2867=CARTESIAN_POINT('',(-4.626,5.66521609285566E-16,-1.13304321857113E-15));
#2868=CARTESIAN_POINT('',(-4.626,5.66521609285566E-16,-1.13304321857113E-15));
#2869=VECTOR('',#3551,1.0);
#2870=CARTESIAN_POINT('',(4.626,0.0,1.13304321857113E-15));
#2871=AXIS2_PLACEMENT_3D('',#3552,#3553,#3554);
#2872=CARTESIAN_POINT('',(4.826,-5.91014545268513E-16,-0.199999999999999));
#2873=CARTESIAN_POINT('',(4.626,-5.66521609285566E-16,1.13304321857113E-15));
#2874=VECTOR('',#3555,1.0);
#2875=AXIS2_PLACEMENT_3D('',#3556,#3557,#3558);
#2876=CARTESIAN_POINT('',(-5.25,6.4293956955236E-16,-15.7447965141364));
#2877=VECTOR('',#3559,1.0);
#2878=CARTESIAN_POINT('',(4.826,-5.91014545268513E-16,-15.5));
#2879=AXIS2_PLACEMENT_3D('',#3560,#3561,#3562);
#2880=CARTESIAN_POINT('',(5.25,-6.4293956955236E-16,-15.7447965141364));
#2881=VECTOR('',#3563,1.0);
#2882=AXIS2_PLACEMENT_3D('',#3564,#3565,#3566);
#2883=CARTESIAN_POINT('',(5.22613624009173,0.5,-27.0));
#2884=CARTESIAN_POINT('',(-5.22613624009172,0.5,-27.0));
#2885=VECTOR('',#3567,1000.0);
#2886=AXIS2_PLACEMENT_3D('',#3568,#3569,#3570);
#2887=CARTESIAN_POINT('',(4.22048575403353,-0.5,-27.0));
#2888=CARTESIAN_POINT('',(-4.22048575403353,-0.5,-27.0));
#2889=VECTOR('',#3571,1000.0);
#2890=AXIS2_PLACEMENT_3D('',#3572,#3573,#3574);
#2891=CARTESIAN_POINT('',(5.22613624009172,0.5,-22.3));
#2892=CARTESIAN_POINT('',(6.99284138587357E-15,0.5,-22.3));
#2893=VECTOR('',#3575,1000.0);
#2894=CARTESIAN_POINT('',(5.22613624009172,0.5,-20.193));
#2895=VECTOR('',#3576,1000.0);
#2896=CARTESIAN_POINT('',(4.22048575403353,-0.5,-22.3));
#2897=CARTESIAN_POINT('',(6.77721932084873E-15,-0.5,-22.3));
#2898=VECTOR('',#3577,1000.0);
#2899=CARTESIAN_POINT('',(4.22048575403353,-0.5,-22.3));
#2900=VECTOR('',#3578,1000.0);
#2901=CARTESIAN_POINT('',(-0.499999999999998,5.22613624009172,-27.0));
#2902=CARTESIAN_POINT('',(-0.499999999999998,-5.22613624009172,-27.0));
#2903=VECTOR('',#3579,1000.0);
#2904=CARTESIAN_POINT('',(0.500000000000002,5.22613624009172,-27.0));
#2905=AXIS2_PLACEMENT_3D('',#3580,#3581,#3582);
#2906=CARTESIAN_POINT('',(0.500000000000002,-4.22048575403353,-27.0));
#2907=VECTOR('',#3583,1000.0);
#2908=CARTESIAN_POINT('',(0.500000000000001,5.22613624009172,-22.3));
#2909=CARTESIAN_POINT('',(0.500000000000001,5.22613624009172,-20.193));
#2910=VECTOR('',#3584,1000.0);
#2911=CARTESIAN_POINT('',(0.500000000000001,-6.6,-22.3));
#2912=VECTOR('',#3585,1000.0);
#2913=CARTESIAN_POINT('',(-0.499999999999999,5.22613624009172,-22.3));
#2914=CARTESIAN_POINT('',(-0.499999999999999,-6.6,-22.3));
#2915=VECTOR('',#3586,1000.0);
#2916=CARTESIAN_POINT('',(-0.499999999999999,5.22613624009172,-20.193));
#2917=VECTOR('',#3587,1000.0);
#2918=CARTESIAN_POINT('',(-0.499999999999998,-4.22048575403353,-27.0));
#2919=CARTESIAN_POINT('',(-0.499999999999998,-5.22613624009172,-27.0));
#2920=VECTOR('',#3588,1000.0);
#2921=CARTESIAN_POINT('',(0.500000000000002,-4.22048575403353,-27.0));
#2922=AXIS2_PLACEMENT_3D('',#3589,#3590,#3591);
#2923=CARTESIAN_POINT('',(0.500000000000002,-4.22048575403353,-27.0));
#2924=VECTOR('',#3592,1000.0);
#2925=CARTESIAN_POINT('',(0.500000000000001,-4.22048575403353,-22.3));
#2926=CARTESIAN_POINT('',(0.500000000000001,-4.22048575403353,-22.3));
#2927=VECTOR('',#3593,1000.0);
#2928=CARTESIAN_POINT('',(0.500000000000001,-4.22048575403353,-22.3));
#2929=VECTOR('',#3594,1000.0);
#2930=CARTESIAN_POINT('',(-0.499999999999999,-4.22048575403353,-22.3));
#2931=CARTESIAN_POINT('',(-0.499999999999999,-5.22613624009172,-22.3));
#2932=VECTOR('',#3595,1000.0);
#2933=CARTESIAN_POINT('',(-0.499999999999999,-4.22048575403353,-22.3));
#2934=VECTOR('',#3596,1000.0);
#2935=CARTESIAN_POINT('',(-5.22613624009172,0.5,-27.0));
#2936=AXIS2_PLACEMENT_3D('',#3597,#3598,#3599);
#2937=CARTESIAN_POINT('',(6.72090374790813E-15,0.5,-27.0));
#2938=VECTOR('',#3600,1000.0);
#2939=CARTESIAN_POINT('',(-4.22048575403353,-0.5,-27.0));
#2940=AXIS2_PLACEMENT_3D('',#3601,#3602,#3603);
#2941=CARTESIAN_POINT('',(6.50528168288329E-15,-0.5,-27.0));
#2942=VECTOR('',#3604,1000.0);
#2943=CARTESIAN_POINT('',(-4.22048575403353,-0.5,-22.3));
#2944=CARTESIAN_POINT('',(-4.22048575403353,-0.5,-22.3));
#2945=VECTOR('',#3605,1000.0);
#2946=CARTESIAN_POINT('',(-4.22048575403353,-0.5,-22.3));
#2947=VECTOR('',#3606,1000.0);
#2948=CARTESIAN_POINT('',(-5.22613624009172,0.5,-22.3));
#2949=CARTESIAN_POINT('',(-5.22613624009172,0.5,-22.3));
#2950=VECTOR('',#3607,1000.0);
#2951=CARTESIAN_POINT('',(-5.22613624009172,0.5,-22.3));
#2952=VECTOR('',#3608,1000.0);
#2953=AXIS2_PLACEMENT_3D('',#3609,#3610,#3611);
#2954=AXIS2_PLACEMENT_3D('',#3612,#3613,#3614);
#2955=AXIS2_PLACEMENT_3D('',#3615,#3616,#3617);
#2956=AXIS2_PLACEMENT_3D('',#3618,#3619,#3620);
#2957=AXIS2_PLACEMENT_3D('',#3621,#3622,#3623);
#2958=AXIS2_PLACEMENT_3D('',#3624,#3625,#3626);
#2959=AXIS2_PLACEMENT_3D('',#3627,#3628,#3629);
#2960=AXIS2_PLACEMENT_3D('',#3630,#3631,#3632);
#2961=AXIS2_PLACEMENT_3D('',#3633,#3634,#3635);
#2962=AXIS2_PLACEMENT_3D('',#3636,#3637,#3638);
#2963=AXIS2_PLACEMENT_3D('',#3639,#3640,#3641);
#2964=AXIS2_PLACEMENT_3D('',#3642,#3643,#3644);
#2965=AXIS2_PLACEMENT_3D('',#3645,#3646,#3647);
#2966=AXIS2_PLACEMENT_3D('',#3648,#3649,#3650);
#2967=AXIS2_PLACEMENT_3D('',#3651,#3652,#3653);
#2968=AXIS2_PLACEMENT_3D('',#3654,#3655,#3656);
#2969=CARTESIAN_POINT('',(1.62272949070385,-4.545,-3.09));
#2970=AXIS2_PLACEMENT_3D('',#3657,#3658,#3659);
#2971=CARTESIAN_POINT('',(1.60946891215203,-4.545,-3.10246243884333));
#2972=CARTESIAN_POINT('',(1.61609920142794,-4.545,-3.09623121942166));
#2973=VECTOR('',#3660,1000.0);
#2974=AXIS2_PLACEMENT_3D('',#3661,#3662,#3663);
#2975=CARTESIAN_POINT('',(0.989999999999999,-5.5,-4.24));
#2976=AXIS2_PLACEMENT_3D('',#3664,#3665,#3666);
#2977=AXIS2_PLACEMENT_3D('',#3667,#3668,#3669);
#2978=AXIS2_PLACEMENT_3D('',#3670,#3671,#3672);
#2979=CARTESIAN_POINT('',(1.62272949070385,4.545,-5.97417819153628));
#2980=AXIS2_PLACEMENT_3D('',#3673,#3674,#3675);
#2981=CARTESIAN_POINT('',(1.62272949070385,4.545,-5.97417819153627));
#2982=CARTESIAN_POINT('',(1.19231682433961,4.6986728992039,-6.37692995619951));
#2983=CARTESIAN_POINT('',(0.00210323827132967,4.95330075934213,-6.85300115159514));
#2984=CARTESIAN_POINT('',(-1.19217064254818,4.698725091394,-6.3770667434715));
#2985=CARTESIAN_POINT('',(-1.62272949070386,4.545,-5.97417819153627));
#2986=CARTESIAN_POINT('',(1.60946891215202,-4.545,9.85515475797072E-17));
#2987=VECTOR('',#3676,1000.0);
#2988=CARTESIAN_POINT('',(-1.60946891215202,-4.545,-3.10246243884333));
#2989=AXIS2_PLACEMENT_3D('',#3677,#3678,#3679);
#2990=CARTESIAN_POINT('',(-1.61609920142794,-4.545,-3.09623121942166));
#2991=VECTOR('',#3680,1000.0);
#2992=CARTESIAN_POINT('',(1.62272949070385,-4.545,-2.50582180846373));
#2993=CARTESIAN_POINT('',(1.62272949070386,-4.545,-19.812));
#2994=VECTOR('',#3681,1000.0);
#2995=AXIS2_PLACEMENT_3D('',#3682,#3683,#3684);
#2996=CARTESIAN_POINT('',(-1.60946891215202,-4.545,-9.85515475797072E-17));
#2997=VECTOR('',#3685,1000.0);
#2998=CARTESIAN_POINT('',(1.62272949070385,-4.545,-5.97417819153627));
#2999=AXIS2_PLACEMENT_3D('',#3686,#3687,#3688);
#3000=CARTESIAN_POINT('',(1.62272949070385,-4.545,-5.68202266805944));
#3001=VECTOR('',#3689,1000.0);
#3002=CARTESIAN_POINT('',(-1.62272949070386,-4.545,-5.97417819153627));
#3003=CARTESIAN_POINT('',(-1.19231690369189,-4.69867287087227,-6.37692988194689));
#3004=CARTESIAN_POINT('',(-0.00210752218886735,-4.95330083217084,-6.85300134301979));
#3005=CARTESIAN_POINT('',(1.19217097641365,-4.69872497219194,-6.37706643106222));
#3006=CARTESIAN_POINT('',(1.62272949070385,-4.545,-5.97417819153627));
#3007=AXIS2_PLACEMENT_3D('',#3690,#3691,#3692);
#3008=AXIS2_PLACEMENT_3D('',#3693,#3694,#3695);
#3009=CARTESIAN_POINT('',(1.60946891215202,4.545,9.85515475797072E-17));
#3010=VECTOR('',#3696,1000.0);
#3011=CARTESIAN_POINT('',(1.62272949070385,4.545,-2.50582180846373));
#3012=CARTESIAN_POINT('',(-1.62272949070385,4.545,-2.50582180846373));
#3013=CARTESIAN_POINT('',(-1.19216685173704,4.69872644485077,-2.10292970933764));
#3014=CARTESIAN_POINT('',(-0.00331199895060788,4.95323522219478,-1.62717039883));
#3015=CARTESIAN_POINT('',(1.19195551251912,4.69880190060026,-2.10273195204653));
#3016=CARTESIAN_POINT('',(1.62272949070385,4.545,-2.50582180846373));
#3017=AXIS2_PLACEMENT_3D('',#3697,#3698,#3699);
#3018=CARTESIAN_POINT('',(-1.60946891215202,4.545,-9.85515475797072E-17));
#3019=VECTOR('',#3700,1000.0);
#3020=CARTESIAN_POINT('',(1.62272949070386,4.545,-19.812));
#3021=VECTOR('',#3701,1000.0);
#3022=CARTESIAN_POINT('',(1.62272949070385,4.545,-5.68202266805944));
#3023=VECTOR('',#3702,1000.0);
#3024=CARTESIAN_POINT('',(1.62272949070385,-4.545,-2.50582180846373));
#3025=CARTESIAN_POINT('',(1.19216685173703,-4.69872644485077,-2.10292970933764));
#3026=CARTESIAN_POINT('',(0.00331199895060938,-4.95323522219478,-1.62717039883001));
#3027=CARTESIAN_POINT('',(-1.19195551251912,-4.69880190060026,-2.10273195204653));
#3028=CARTESIAN_POINT('',(-1.62272949070386,-4.545,-2.50582180846373));
#3029=AXIS2_PLACEMENT_3D('',#3703,#3704,#3705);
#3030=AXIS2_PLACEMENT_3D('',#3706,#3707,#3708);
#3031=AXIS2_PLACEMENT_3D('',#3709,#3710,#3711);
#3032=AXIS2_PLACEMENT_3D('',#3712,#3713,#3714);
#3033=AXIS2_PLACEMENT_3D('',#3715,#3716,#3717);
#3034=AXIS2_PLACEMENT_3D('',#3718,#3719,#3720);
#3035=AXIS2_PLACEMENT_3D('',#3721,#3722,#3723);
#3036=AXIS2_PLACEMENT_3D('',#3724,#3725,#3726);
#3037=AXIS2_PLACEMENT_3D('',#3727,#3728,#3729);
#3038=AXIS2_PLACEMENT_3D('',#3730,#3731,#3732);
#3039=AXIS2_PLACEMENT_3D('',#3733,#3734,#3735);
#3040=AXIS2_PLACEMENT_3D('',#3736,#3737,#3738);
#3041=AXIS2_PLACEMENT_3D('',#3739,#3740,#3741);
#3042=CARTESIAN_POINT('',(0.598619686970572,-0.383619168712307,-8.18068277198643));
#3043=AXIS2_PLACEMENT_3D('',#3742,#3743,#3744);
#3044=CARTESIAN_POINT('',(0.471893203877776,-0.383657515468313,-3.69835396878753));
#3045=CARTESIAN_POINT('',(0.598493036507839,-0.383688291513256,-8.18068634865114));
#3046=CARTESIAN_POINT('',(0.556293092524284,-0.383678033058343,-6.68657555535694));
#3047=CARTESIAN_POINT('',(0.514093148285841,-0.383667774376693,-5.19246476106266));
#3048=CARTESIAN_POINT('',(0.471893203877776,-0.383657515468313,-3.69835396878753));
#3049=CARTESIAN_POINT('',(0.472026337038544,0.383449548534838,-3.69835020897068));
#3050=AXIS2_PLACEMENT_3D('',#3745,#3746,#3747);
#3051=CARTESIAN_POINT('',(0.179755921508627,0.383449548534839,6.64802250102803));
#3052=VECTOR('',#3748,1000.0);
#3053=CARTESIAN_POINT('',(0.647506730011611,0.566175083947388,-3.4392918121297));
#3054=CARTESIAN_POINT('',(-0.0261626927169939,-0.10776307345283,-3.45832202181086));
#3055=VECTOR('',#3749,1000.0);
#3056=CARTESIAN_POINT('',(0.647506730012679,-0.566175083945917,-3.43929181212993));
#3057=AXIS2_PLACEMENT_3D('',#3750,#3751,#3752);
#3058=CARTESIAN_POINT('',(0.689909918819403,-0.608595187886522,-3.43809398193742));
#3059=CARTESIAN_POINT('',(2.89872540874221,-2.82057238587566,-3.37569806414443));
#3060=VECTOR('',#3753,1000.0);
#3061=AXIS2_PLACEMENT_3D('',#3754,#3755,#3756);
#3062=CARTESIAN_POINT('',(0.64750673001129,0.566175083947843,-3.43929181213047));
#3063=CARTESIAN_POINT('',(0.632919163044488,0.55098236944878,-3.46092857834399));
#3064=CARTESIAN_POINT('',(0.618325068792382,0.535783380195135,-3.48255649356412));
#3065=CARTESIAN_POINT('',(0.589120808857393,0.505369952141409,-3.52579052749842));
#3066=CARTESIAN_POINT('',(0.574510654486646,0.490155524164256,-3.54739666335178));
#3067=CARTESIAN_POINT('',(0.54527028036842,0.459707379420924,-3.59058171626246));
#3068=CARTESIAN_POINT('',(0.5306400781303,0.444473679392897,-3.61216066037061));
#3069=CARTESIAN_POINT('',(0.501354184183701,0.413981777367676,-3.65528393705326));
#3070=CARTESIAN_POINT('',(0.486698520562735,0.398723602197247,-3.67682831388894));
#3071=CARTESIAN_POINT('',(0.472026337038416,0.383449548535042,-3.69835020897071));
#3072=CARTESIAN_POINT('',(0.471893204248887,-0.383657515825358,-3.69835396929075));
#3073=CARTESIAN_POINT('',(0.530552445154496,-0.444771733532618,-3.61227614564171));
#3074=CARTESIAN_POINT('',(0.58896406385423,-0.505647715423023,-3.52586254703007));
#3075=CARTESIAN_POINT('',(0.647284638070369,-0.56643610397,-3.43932549237389));
#3076=CARTESIAN_POINT('',(0.383449548534838,0.472026337038545,-3.69835020897069));
#3077=CARTESIAN_POINT('',(0.383449548534838,0.17975592150863,6.64802250102803));
#3078=VECTOR('',#3757,1000.0);
#3079=CARTESIAN_POINT('',(-0.383449548534838,0.472026337038545,-3.69835020897068));
#3080=AXIS2_PLACEMENT_3D('',#3758,#3759,#3760);
#3081=CARTESIAN_POINT('',(-0.38344954853484,0.17975592150863,6.64802250102803));
#3082=VECTOR('',#3761,1000.0);
#3083=CARTESIAN_POINT('',(-0.608595187886722,0.689909918819225,-3.43809398193742));
#3084=CARTESIAN_POINT('',(0.608595187886715,0.689909918819236,-3.43809398193742));
#3085=AXIS2_PLACEMENT_3D('',#3762,#3763,#3764);
#3086=CARTESIAN_POINT('',(-0.566175083947388,0.647506730011611,-3.4392918121297));
#3087=CARTESIAN_POINT('',(0.10776307345283,-0.0261626927169941,-3.45832202181086));
#3088=VECTOR('',#3765,1000.0);
#3089=CARTESIAN_POINT('',(0.566175083947388,0.647506730011611,-3.4392918121297));
#3090=AXIS2_PLACEMENT_3D('',#3766,#3767,#3768);
#3091=CARTESIAN_POINT('',(-0.10776307345283,-0.0261626927169941,-3.45832202181086));
#3092=VECTOR('',#3769,1000.0);
#3093=CARTESIAN_POINT('',(-0.566175083947843,0.647506730011291,-3.43929181213047));
#3094=CARTESIAN_POINT('',(-0.550982369448779,0.632919163044487,-3.46092857834399));
#3095=CARTESIAN_POINT('',(-0.535783380195136,0.618325068792383,-3.48255649356412));
#3096=CARTESIAN_POINT('',(-0.505369952141409,0.589120808857393,-3.52579052749842));
#3097=CARTESIAN_POINT('',(-0.490155524164255,0.574510654486646,-3.54739666335178));
#3098=CARTESIAN_POINT('',(-0.459707379420923,0.54527028036842,-3.59058171626246));
#3099=CARTESIAN_POINT('',(-0.444473679392897,0.5306400781303,-3.61216066037061));
#3100=CARTESIAN_POINT('',(-0.413981777367676,0.501354184183702,-3.65528393705326));
#3101=CARTESIAN_POINT('',(-0.398723602197246,0.486698520562735,-3.67682831388894));
#3102=CARTESIAN_POINT('',(-0.383449548535042,0.472026337038416,-3.69835020897071));
#3103=CARTESIAN_POINT('',(0.383449548535042,0.472026337038416,-3.69835020897071));
#3104=CARTESIAN_POINT('',(0.398723602197248,0.486698520562736,-3.67682831388894));
#3105=CARTESIAN_POINT('',(0.413981777367674,0.5013541841837,-3.65528393705326));
#3106=CARTESIAN_POINT('',(0.444473679392896,0.530640078130299,-3.61216066037062));
#3107=CARTESIAN_POINT('',(0.459707379420924,0.54527028036842,-3.59058171626246));
#3108=CARTESIAN_POINT('',(0.490155524164255,0.574510654486645,-3.54739666335178));
#3109=CARTESIAN_POINT('',(0.505369952141411,0.589120808857395,-3.52579052749842));
#3110=CARTESIAN_POINT('',(0.535783380195136,0.618325068792383,-3.48255649356412));
#3111=CARTESIAN_POINT('',(0.550982369448781,0.632919163044488,-3.46092857834399));
#3112=CARTESIAN_POINT('',(0.566175083947843,0.647506730011291,-3.43929181213047));
#3113=CARTESIAN_POINT('',(-0.598648476050193,-0.383647969276236,-8.18068277198643));
#3114=AXIS2_PLACEMENT_3D('',#3770,#3771,#3772);
#3115=CARTESIAN_POINT('',(-0.472026337038545,0.383449548534838,-3.69835020897069));
#3116=CARTESIAN_POINT('',(-0.179755921508631,0.383449548534841,6.64802250102803));
#3117=VECTOR('',#3773,1000.0);
#3118=CARTESIAN_POINT('',(-0.471893203877776,-0.383657515468313,-3.69835396878752));
#3119=AXIS2_PLACEMENT_3D('',#3774,#3775,#3776);
#3120=CARTESIAN_POINT('',(-0.59849305946114,-0.383688291518836,-8.18068716132472));
#3121=CARTESIAN_POINT('',(-0.556293107826484,-0.383678033062062,-6.68657609713933));
#3122=CARTESIAN_POINT('',(-0.514093155936942,-0.383667774378553,-5.19246503195386));
#3123=CARTESIAN_POINT('',(-0.471893203877776,-0.383657515468313,-3.69835396878752));
#3124=CARTESIAN_POINT('',(-0.689909918818156,-0.608595187887937,-3.43809398193745));
#3125=AXIS2_PLACEMENT_3D('',#3777,#3778,#3779);
#3126=CARTESIAN_POINT('',(-0.647506730010691,-0.566175083948663,-3.43929181212998));
#3127=CARTESIAN_POINT('',(-0.968755976092851,-0.888292983457603,-3.43021697466999));
#3128=VECTOR('',#3780,1000.0);
#3129=CARTESIAN_POINT('',(-0.647506730011611,0.566175083947388,-3.4392918121297));
#3130=AXIS2_PLACEMENT_3D('',#3781,#3782,#3783);
#3131=CARTESIAN_POINT('',(0.0261626927169944,-0.10776307345283,-3.45832202181086));
#3132=VECTOR('',#3784,1000.0);
#3133=CARTESIAN_POINT('',(-0.647284638070554,-0.566436103970192,-3.43932549237362));
#3134=CARTESIAN_POINT('',(-0.588964063854355,-0.505647715423152,-3.52586254702988));
#3135=CARTESIAN_POINT('',(-0.530552445154558,-0.444771733532682,-3.61227614564162));
#3136=CARTESIAN_POINT('',(-0.471893204248888,-0.383657515825358,-3.69835396929075));
#3137=CARTESIAN_POINT('',(-0.472026337038416,0.383449548535042,-3.69835020897071));
#3138=CARTESIAN_POINT('',(-0.486698520562736,0.398723602197248,-3.67682831388894));
#3139=CARTESIAN_POINT('',(-0.5013541841837,0.413981777367674,-3.65528393705326));
#3140=CARTESIAN_POINT('',(-0.530640078130299,0.444473679392896,-3.61216066037062));
#3141=CARTESIAN_POINT('',(-0.54527028036842,0.459707379420924,-3.59058171626246));
#3142=CARTESIAN_POINT('',(-0.574510654486645,0.490155524164255,-3.54739666335178));
#3143=CARTESIAN_POINT('',(-0.589120808857395,0.505369952141411,-3.52579052749842));
#3144=CARTESIAN_POINT('',(-0.618325068792383,0.535783380195136,-3.48255649356412));
#3145=CARTESIAN_POINT('',(-0.632919163044488,0.550982369448781,-3.46092857834399));
#3146=CARTESIAN_POINT('',(-0.647506730011291,0.566175083947843,-3.43929181213047));
#3147=AXIS2_PLACEMENT_3D('',#3785,#3786,#3787);
#3148=CARTESIAN_POINT('',(0.383647969276237,-0.598648476050195,-8.18068277198643));
#3149=CARTESIAN_POINT('',(-0.383619168712306,-0.59861968697057,-8.18068277198643));
#3150=AXIS2_PLACEMENT_3D('',#3788,#3789,#3790);
#3151=CARTESIAN_POINT('',(-0.383657515468313,-0.471893203877776,-3.69835396878753));
#3152=CARTESIAN_POINT('',(-0.383688291513254,-0.598493036507837,-8.18068634865114));
#3153=CARTESIAN_POINT('',(-0.383678033058341,-0.556293092524282,-6.68657555535694));
#3154=CARTESIAN_POINT('',(-0.383667774376693,-0.514093148285841,-5.19246476106266));
#3155=CARTESIAN_POINT('',(-0.383657515468313,-0.471893203877776,-3.69835396878753));
#3156=CARTESIAN_POINT('',(0.383657515468313,-0.471893203877776,-3.69835396878752));
#3157=AXIS2_PLACEMENT_3D('',#3791,#3792,#3793);
#3158=CARTESIAN_POINT('',(0.383688291518836,-0.598493059461141,-8.18068716132472));
#3159=CARTESIAN_POINT('',(0.383678033062063,-0.556293107826485,-6.68657609713933));
#3160=CARTESIAN_POINT('',(0.383667774378553,-0.514093155936942,-5.19246503195386));
#3161=CARTESIAN_POINT('',(0.383657515468313,-0.471893203877776,-3.69835396878752));
#3162=CARTESIAN_POINT('',(0.566175083948673,-0.647506730010684,-3.43929181212998));
#3163=CARTESIAN_POINT('',(0.566436103970192,-0.647284638070554,-3.43932549237362));
#3164=CARTESIAN_POINT('',(0.505647715423152,-0.588964063854354,-3.52586254702988));
#3165=CARTESIAN_POINT('',(0.444771733532681,-0.530552445154557,-3.61227614564162));
#3166=CARTESIAN_POINT('',(0.383657515825357,-0.471893204248887,-3.69835396929075));
#3167=CARTESIAN_POINT('',(-0.566175083945915,-0.647506730012681,-3.43929181212993));
#3168=CARTESIAN_POINT('',(-0.383657515825357,-0.471893204248887,-3.69835396929075));
#3169=CARTESIAN_POINT('',(-0.444771733532617,-0.530552445154495,-3.61227614564171));
#3170=CARTESIAN_POINT('',(-0.505647715423023,-0.58896406385423,-3.52586254703007));
#3171=CARTESIAN_POINT('',(-0.56643610397,-0.647284638070369,-3.43932549237389));
#3172=AXIS2_PLACEMENT_3D('',#3794,#3795,#3796);
#3173=CARTESIAN_POINT('',(0.608595187887937,-0.689909918818157,-3.43809398193745));
#3174=CARTESIAN_POINT('',(-0.608595187886522,-0.689909918819403,-3.43809398193742));
#3175=AXIS2_PLACEMENT_3D('',#3797,#3798,#3799);
#3176=CARTESIAN_POINT('',(0.888292983457603,-0.968755976092851,-3.43021697466999));
#3177=VECTOR('',#3800,1000.0);
#3178=CARTESIAN_POINT('',(-2.82057238587566,-2.89872540874221,-3.37569806414443));
#3179=VECTOR('',#3801,1000.0);
#3180=CARTESIAN_POINT('',(0.630130690114909,-0.84483715974047,-8.18068614350074));
#3181=CARTESIAN_POINT('',(0.630130690114908,-0.844837159740469,-8.18068614350074));
#3182=CARTESIAN_POINT('',(0.623787635037784,-0.793856551496777,-6.59979683987201));
#3183=CARTESIAN_POINT('',(0.616801850878985,-0.742234129649651,-5.01893088081689));
#3184=CARTESIAN_POINT('',(0.608870331329946,-0.689667358887494,-3.43810066738251));
#3185=CARTESIAN_POINT('',(1.84663690620638,-2.06085819547002,-8.18068277198643));
#3186=VECTOR('',#3802,1000.0);
#3187=CARTESIAN_POINT('',(0.84483715974047,-0.630130690114907,-8.1806861435007));
#3188=CARTESIAN_POINT('',(0.689667358887493,-0.608870331329946,-3.43810066738251));
#3189=CARTESIAN_POINT('',(0.74223412944135,-0.616801850847555,-5.01893087455271));
#3190=CARTESIAN_POINT('',(0.793856551659597,-0.623787635058042,-6.59979684492097));
#3191=CARTESIAN_POINT('',(0.844837159740469,-0.630130690114907,-8.1806861435007));
#3192=CARTESIAN_POINT('',(2.06107516968601,-1.84685396697594,-8.18068277198643));
#3193=VECTOR('',#3803,1000.0);
#3194=AXIS2_PLACEMENT_3D('',#3804,#3805,#3806);
#3195=CARTESIAN_POINT('',(0.107478811825834,-0.107521686390458,-8.18068277198643));
#3196=VECTOR('',#3807,1000.0);
#3197=CARTESIAN_POINT('',(0.629793678234767,0.845088300238931,-8.18068277198643));
#3198=CARTESIAN_POINT('',(0.608595187886715,0.689909918819236,-3.43809398193742));
#3199=CARTESIAN_POINT('',(0.610572827964394,0.703052408632703,-3.83330173539423));
#3200=CARTESIAN_POINT('',(0.612490498495464,0.716134969710944,-4.22851178045754));
#3201=CARTESIAN_POINT('',(0.616217562463065,0.742191887378793,-5.0189359698159));
#3202=CARTESIAN_POINT('',(0.618026945315358,0.755166233399843,-5.4141501150569));
#3203=CARTESIAN_POINT('',(0.621547473915244,0.781016753346314,-6.20458209368008));
#3204=CARTESIAN_POINT('',(0.623258611354904,0.793892918981299,-6.59979992777461));
#3205=CARTESIAN_POINT('',(0.626591375767717,0.819555798196517,-7.39023892824149));
#3206=CARTESIAN_POINT('',(0.628212996132319,0.832342505187866,-7.7854600951625));
#3207=CARTESIAN_POINT('',(0.629793678234768,0.84508830023893,-8.18068277198643));
#3208=CARTESIAN_POINT('',(-0.107521686390456,0.107478811825832,-8.18068277198643));
#3209=VECTOR('',#3808,1000.0);
#3210=CARTESIAN_POINT('',(-0.629793678234765,0.84508830023893,-8.18068277198643));
#3211=AXIS2_PLACEMENT_3D('',#3809,#3810,#3811);
#3212=CARTESIAN_POINT('',(-0.629793678234765,0.84508830023893,-8.18068277198643));
#3213=CARTESIAN_POINT('',(-0.628212996132317,0.832342505187867,-7.78546009516251));
#3214=CARTESIAN_POINT('',(-0.626591375767715,0.819555798196518,-7.39023892824148));
#3215=CARTESIAN_POINT('',(-0.623258611354902,0.7938929189813,-6.59979992777461));
#3216=CARTESIAN_POINT('',(-0.621547473915243,0.781016753346315,-6.20458209368009));
#3217=CARTESIAN_POINT('',(-0.618026945315357,0.755166233399843,-5.4141501150569));
#3218=CARTESIAN_POINT('',(-0.616217562463065,0.742191887378794,-5.01893596981591));
#3219=CARTESIAN_POINT('',(-0.612490498495464,0.716134969710944,-4.22851178045753));
#3220=CARTESIAN_POINT('',(-0.610572827964394,0.703052408632703,-3.83330173539423));
#3221=CARTESIAN_POINT('',(-0.608595187886715,0.689909918819237,-3.43809398193742));
#3222=CARTESIAN_POINT('',(0.10752168639046,0.107478811825832,-8.18068277198643));
#3223=VECTOR('',#3812,1000.0);
#3224=CARTESIAN_POINT('',(-0.10747881182583,-0.107521686390458,-8.18068277198643));
#3225=VECTOR('',#3813,1000.0);
#3226=CARTESIAN_POINT('',(-0.844837159740468,-0.630130690114907,-8.18068614350074));
#3227=AXIS2_PLACEMENT_3D('',#3814,#3815,#3816);
#3228=CARTESIAN_POINT('',(-0.844837159740467,-0.630130690114907,-8.18068614350074));
#3229=CARTESIAN_POINT('',(-0.793856551496776,-0.623787635037784,-6.59979683987201));
#3230=CARTESIAN_POINT('',(-0.742234129649651,-0.616801850878985,-5.01893088081689));
#3231=CARTESIAN_POINT('',(-0.689667358887494,-0.608870331329946,-3.43810066738251));
#3232=CARTESIAN_POINT('',(-0.651935004422669,-0.437151679094607,-8.18068277198643));
#3233=VECTOR('',#3817,1000.0);
#3234=AXIS2_PLACEMENT_3D('',#3818,#3819,#3820);
#3235=AXIS2_PLACEMENT_3D('',#3821,#3822,#3823);
#3236=CARTESIAN_POINT('',(-0.630130690114905,-0.844837159740468,-8.1806861435007));
#3237=CARTESIAN_POINT('',(-0.608870331329946,-0.689667358887493,-3.43810066738251));
#3238=CARTESIAN_POINT('',(-0.616801850847555,-0.74223412944135,-5.01893087455271));
#3239=CARTESIAN_POINT('',(-0.623787635058041,-0.793856551659596,-6.59979684492097));
#3240=CARTESIAN_POINT('',(-0.630130690114904,-0.844837159740468,-8.1806861435007));
#3241=CARTESIAN_POINT('',(-0.436372271469713,-0.651155907588689,-8.18068277198643));
#3242=VECTOR('',#3824,1000.0);
#3243=AXIS2_PLACEMENT_3D('',#3825,#3826,#3827);
#3244=CARTESIAN_POINT('',(1.55773357969764E-15,-2.59616547010345E-16,-4.24));
#3245=DIRECTION('',(-3.96585912347442E-16,6.12303176911189E-17,1.0));
#3246=DIRECTION('',(1.0,-0.0,3.96585912347442E-16));
#3247=CARTESIAN_POINT('',(-8.03225,1.96981316207216E-15,-4.24));
#3248=DIRECTION('',(2.77559800688786E-16,1.0,-6.12303176911188E-17));
#3249=DIRECTION('',(-1.0,2.77559800688786E-16,-3.96585912347442E-16));
#3250=CARTESIAN_POINT('',(1.98023207419111E-15,-3.30031412355132E-16,-5.39));
#3251=DIRECTION('',(-4.24656201517909E-16,6.12303176911189E-17,1.0));
#3252=DIRECTION('',(1.0,-5.00437254877602E-48,4.24656201517909E-16));
#3253=DIRECTION('',(0.728696361044507,0.0,0.684836924676592));
#3254=CARTESIAN_POINT('',(-2.68122014508046,-7.57153211682515,-4.24));
#3255=DIRECTION('',(0.942641491092178,-0.333806859233771,2.30880576961905E-16));
#3256=DIRECTION('',(2.44929359829471E-16,-9.6633827942802E-33,-1.0));
#3257=CARTESIAN_POINT('',(1.55773357969764E-15,-2.59616547010345E-16,-4.24));
#3258=DIRECTION('',(-3.96585912347442E-16,6.12303176911189E-17,1.0));
#3259=DIRECTION('',(1.0,-0.0,3.96585912347442E-16));
#3260=CARTESIAN_POINT('',(2.68122014508046,-7.57153211682515,-4.24));
#3261=DIRECTION('',(-0.942641491092178,-0.333806859233771,-2.30880576961904E-16));
#3262=DIRECTION('',(0.333806859233771,-0.942641491092178,8.17591003388138E-17));
#3263=DIRECTION('',(0.728696361044507,0.0,-0.684836924676592));
#3264=CARTESIAN_POINT('',(1.98023207419111E-15,-3.30031412355132E-16,-5.39));
#3265=DIRECTION('',(-3.67389995211709E-16,6.12303176911189E-17,1.0));
#3266=DIRECTION('',(1.0,5.00437254877602E-48,3.67389995211709E-16));
#3267=CARTESIAN_POINT('',(8.03225,-2.48904625609285E-15,-4.24));
#3268=DIRECTION('',(2.77559800688786E-16,1.0,-6.12303176911188E-17));
#3269=DIRECTION('',(1.0,-2.77559800688786E-16,3.96585912347442E-16));
#3270=CARTESIAN_POINT('',(1.55773357969764E-15,-2.59616547010345E-16,-4.24));
#3271=DIRECTION('',(-3.96585912347442E-16,6.12303176911189E-17,1.0));
#3272=DIRECTION('',(1.0,-0.0,3.96585912347442E-16));
#3273=CARTESIAN_POINT('',(1.98023207419111E-15,-3.30031412355132E-16,-5.39));
#3274=DIRECTION('',(-3.67389995211709E-16,6.12303176911189E-17,1.0));
#3275=DIRECTION('',(1.0,5.00437254877602E-48,3.67389995211709E-16));
#3276=DIRECTION('',(0.72869636104425,0.0,-0.684836924676866));
#3277=CARTESIAN_POINT('',(2.68122014508046,7.57153211682515,-4.24));
#3278=DIRECTION('',(0.942641491092178,-0.333806859233771,2.30880576961904E-16));
#3279=DIRECTION('',(0.333806859233771,0.942641491092178,8.17591003388138E-17));
#3280=CARTESIAN_POINT('',(1.55773357969764E-15,-2.59616547010345E-16,-4.24));
#3281=DIRECTION('',(-3.96585912347442E-16,6.12303176911189E-17,1.0));
#3282=DIRECTION('',(1.0,-0.0,3.96585912347442E-16));
#3283=CARTESIAN_POINT('',(-2.68122014508046,7.57153211682515,-4.24));
#3284=DIRECTION('',(-0.942641491092178,-0.333806859233771,-2.30880576961905E-16));
#3285=DIRECTION('',(2.44929359829471E-16,9.6633827942802E-33,-1.0));
#3286=DIRECTION('',(0.728696361044507,0.0,0.684836924676592));
#3287=CARTESIAN_POINT('',(1.98023207419111E-15,-3.30031412355132E-16,-5.39));
#3288=DIRECTION('',(-4.24656201517909E-16,6.12303176911189E-17,1.0));
#3289=DIRECTION('',(1.0,-5.00437254877602E-48,4.24656201517909E-16));
#3290=DIRECTION('',(2.69108936687666E-16,-3.42538634318112E-17,-1.0));
#3291=CARTESIAN_POINT('',(1.53226533712528E-15,-4.0236921297836E-17,-8.18068277198643));
#3292=DIRECTION('',(-2.07878618996547E-16,9.54841811229301E-17,1.0));
#3293=DIRECTION('',(1.0,3.3678242211735E-19,2.07878618996547E-16));
#3294=CARTESIAN_POINT('',(1.53226533712528E-15,-4.0236921297836E-17,-8.18068277198643));
#3295=DIRECTION('',(-2.69108936687666E-16,3.42538634318112E-17,1.0));
#3296=DIRECTION('',(-1.0,-3.36782422117355E-19,-2.69108936687666E-16));
#3297=CARTESIAN_POINT('',(1.53226533712528E-15,-4.0236921297836E-17,-8.18068277198643));
#3298=DIRECTION('',(-2.07878618996547E-16,9.54841811229301E-17,1.0));
#3299=DIRECTION('',(1.0,3.3678242211735E-19,2.07878618996547E-16));
#3300=CARTESIAN_POINT('',(1.53226533712528E-15,-4.0236921297836E-17,-8.18068277198643));
#3301=DIRECTION('',(-2.69108936687666E-16,3.42538634318112E-17,1.0));
#3302=DIRECTION('',(-1.0,-3.36782422117355E-19,-2.69108936687666E-16));
#3303=CARTESIAN_POINT('',(1.53226533712528E-15,-4.0236921297836E-17,-8.18068277198643));
#3304=DIRECTION('',(-2.07878618996547E-16,9.54841811229301E-17,1.0));
#3305=DIRECTION('',(1.0,3.3678242211735E-19,2.07878618996547E-16));
#3306=DIRECTION('',(-2.69108936687666E-16,3.42538634318112E-17,1.0));
#3307=CARTESIAN_POINT('',(1.65530194297889E-15,-5.58977876588593E-17,-8.63788277198643));
#3308=DIRECTION('',(-2.69108936687666E-16,3.42538634318112E-17,1.0));
#3309=DIRECTION('',(-1.0,-3.36782422117355E-19,-2.69108936687666E-16));
#3310=DIRECTION('',(-0.0282373233689133,-9.82674869239663E-17,-0.999601247282615));
#3311=CARTESIAN_POINT('',(0.00073456816969635,1.18826697256383E-16,-3.45760371320784));
#3312=DIRECTION('',(-0.0282373233689111,-5.72916999089109E-17,-0.999601247282615));
#3313=DIRECTION('',(0.999601247282615,-2.26524577701842E-13,-0.0282373233689111));
#3314=CARTESIAN_POINT('',(1.53226533712528E-15,-3.31068684267111E-16,-8.18068277198643));
#3315=DIRECTION('',(2.69108936687666E-16,-9.54841811229301E-17,-1.0));
#3316=DIRECTION('',(-1.0,0.0,-2.69108936687666E-16));
#3317=DIRECTION('',(-0.0282373233689132,9.2624726168514E-17,0.999601247282615));
#3318=CARTESIAN_POINT('',(1.53226533712528E-15,-3.31068684267111E-16,-8.18068277198643));
#3319=DIRECTION('',(2.69108936687666E-16,-9.54841811229301E-17,-1.0));
#3320=DIRECTION('',(-1.0,0.0,-2.69108936687666E-16));
#3321=CARTESIAN_POINT('',(-0.000734568169695826,1.20886186604811E-16,-3.45760371320784));
#3322=DIRECTION('',(0.0282373233689117,-1.30131066231621E-16,-0.999601247282615));
#3323=DIRECTION('',(-0.999601247282615,2.26519185266444E-13,-0.0282373233689117));
#3324=DIRECTION('',(-0.857167300702115,-8.76193541134007E-17,0.515038074910049));
#3325=DIRECTION('',(-0.857167300702115,-1.22903441873704E-16,-0.515038074910049));
#3326=DIRECTION('',(-2.44929359829471E-16,-1.17145536458252E-15,1.0));
#3327=CARTESIAN_POINT('',(1.25255317108141E-15,6.27900075416229E-15,-8.7402));
#3328=DIRECTION('',(2.44929359829471E-16,1.17145536458252E-15,-1.0));
#3329=DIRECTION('',(1.0,-6.12323399573677E-17,2.44929359829471E-16));
#3330=CARTESIAN_POINT('',(1.25255317108141E-15,6.27900075416229E-15,-8.7402));
#3331=DIRECTION('',(2.44929359829471E-16,1.17145536458252E-15,-1.0));
#3332=DIRECTION('',(1.0,-6.12323399573677E-17,2.44929359829471E-16));
#3333=DIRECTION('',(2.44929359829471E-16,1.17145536458252E-15,-1.0));
#3334=CARTESIAN_POINT('',(-1.12823256386544E-17,2.34291072916489E-16,-3.5802));
#3335=DIRECTION('',(2.44929359829471E-16,1.17145536458252E-15,-1.0));
#3336=DIRECTION('',(2.86923812515996E-31,-1.0,-1.17145536458252E-15));
#3337=DIRECTION('',(2.59786816870648E-16,0.70710678118655,-0.707106781186546));
#3338=CARTESIAN_POINT('',(-6.02681976045479E-17,-1.4637067577343E-29,-3.3802));
#3339=DIRECTION('',(-2.44929359829471E-16,-1.17145536458252E-15,1.0));
#3340=DIRECTION('',(2.86923812515996E-31,-1.0,-1.17145536458252E-15));
#3341=DIRECTION('',(-8.65956056235491E-17,0.707106781186548,0.707106781186547));
#3342=DIRECTION('',(-2.44929359829471E-16,-1.17145536458252E-15,1.0));
#3343=CARTESIAN_POINT('',(1.11551097461049E-15,5.62355129582945E-15,-8.18068277198643));
#3344=DIRECTION('',(2.69108936687666E-16,-9.54841811229301E-17,-1.0));
#3345=DIRECTION('',(-1.0,4.37928706714661E-48,-2.69108936687666E-16));
#3346=DIRECTION('',(2.44929359829471E-16,1.17145536458252E-15,-1.0));
#3347=CARTESIAN_POINT('',(-6.02681976045479E-17,-1.4637067577343E-29,-3.3802));
#3348=DIRECTION('',(2.44929359829471E-16,1.17145536458252E-15,-1.0));
#3349=DIRECTION('',(1.0,0.0,2.44929359829471E-16));
#3350=DIRECTION('',(2.44929359829471E-16,1.17145536458252E-15,-1.0));
#3351=CARTESIAN_POINT('',(1.25255317108141E-15,6.27900075416229E-15,-8.7402));
#3352=DIRECTION('',(-2.44929359829471E-16,-1.17145536458252E-15,1.0));
#3353=DIRECTION('',(1.0,-6.12323399573677E-17,2.44929359829471E-16));
#3354=DIRECTION('',(-2.44929359829471E-16,-1.17145536458252E-15,1.0));
#3355=CARTESIAN_POINT('',(1.25495347880774E-15,6.29048101673521E-15,-8.75));
#3356=DIRECTION('',(2.44929359829471E-16,0.0,-1.0));
#3357=DIRECTION('',(-1.0,0.0,-2.44929359829471E-16));
#3358=DIRECTION('',(-8.65956056235486E-17,-0.707106781186549,0.707106781186546));
#3359=CARTESIAN_POINT('',(4.25783641618902E-15,2.06527580775898E-14,-21.0102));
#3360=DIRECTION('',(2.44929359829471E-16,1.17145536458252E-15,-1.0));
#3361=DIRECTION('',(-2.86923812515996E-31,1.0,1.17145536458252E-15));
#3362=DIRECTION('',(2.59786816870648E-16,-0.707106781186548,-0.707106781186547));
#3363=CARTESIAN_POINT('',(4.20885054422312E-15,2.04184670046733E-14,-20.8102));
#3364=DIRECTION('',(-2.44929359829471E-16,-1.17145536458252E-15,1.0));
#3365=DIRECTION('',(-2.86923812515996E-31,1.0,1.17145536458252E-15));
#3366=DIRECTION('',(2.44929359829471E-16,1.17145536458252E-15,-1.0));
#3367=CARTESIAN_POINT('',(4.20885054422312E-15,2.04184670046733E-14,-20.8102));
#3368=DIRECTION('',(-2.69108936687666E-16,9.54841811229301E-17,1.0));
#3369=DIRECTION('',(1.0,0.0,2.69108936687666E-16));
#3370=CARTESIAN_POINT('',(4.20885054422312E-15,2.04184670046733E-14,-20.8102));
#3371=DIRECTION('',(-2.69108936687666E-16,9.54841811229301E-17,1.0));
#3372=DIRECTION('',(1.0,0.0,2.69108936687666E-16));
#3373=DIRECTION('',(-2.44929359829471E-16,-1.17145536458252E-15,1.0));
#3374=CARTESIAN_POINT('',(4.25783641618902E-15,2.06527580775898E-14,-21.0102));
#3375=DIRECTION('',(-2.44929359829471E-16,-1.17145536458252E-15,1.0));
#3376=DIRECTION('',(1.0,-6.12323399573677E-17,2.44929359829471E-16));
#3377=CARTESIAN_POINT('',(4.25783641618902E-15,2.06527580775898E-14,-21.0102));
#3378=DIRECTION('',(-2.44929359829471E-16,-1.17145536458252E-15,1.0));
#3379=DIRECTION('',(1.0,-6.12323399573677E-17,2.44929359829471E-16));
#3380=DIRECTION('',(-2.69108936687666E-16,9.54841811229301E-17,1.0));
#3381=CARTESIAN_POINT('',(6.54043647067019E-15,-2.1080483918011E-15,-26.7908827719869));
#3382=DIRECTION('',(-2.69108936687666E-16,9.54841811229301E-17,1.0));
#3383=DIRECTION('',(1.0,3.36782422117355E-19,2.69108936687666E-16));
#3384=DIRECTION('',(2.69108936687666E-16,-9.54841811229301E-17,-1.0));
#3385=CARTESIAN_POINT('',(4.93098128923457E-15,-1.53698779476193E-15,-20.8102));
#3386=DIRECTION('',(-2.69108936687666E-16,9.54841811229301E-17,1.0));
#3387=DIRECTION('',(1.0,0.0,2.69108936687666E-16));
#3388=DIRECTION('',(-0.707106781186544,-1.93162347899455E-17,0.707106781186551));
#3389=CARTESIAN_POINT('',(6.59425825800772E-15,-2.12714522802569E-15,-26.9908827719869));
#3390=DIRECTION('',(2.69108936687666E-16,-9.54841811229301E-17,-1.0));
#3391=DIRECTION('',(1.0,3.36782422117355E-19,2.69108936687666E-16));
#3392=DIRECTION('',(-0.707106781186544,-1.54351258726081E-16,-0.707106781186551));
#3393=DIRECTION('',(3.0615967752059E-16,2.99939573804721E-32,-1.0));
#3394=DIRECTION('',(-3.0615967752059E-16,0.0,1.0));
#3395=DIRECTION('',(-3.0615967752059E-16,0.0,1.0));
#3396=DIRECTION('',(-3.0615967752059E-16,-2.99939573804721E-32,1.0));
#3397=CARTESIAN_POINT('',(4.51206503053059E-15,1.54074395550979E-30,-15.5));
#3398=DIRECTION('',(2.44929359829471E-16,0.0,-1.0));
#3399=DIRECTION('',(-1.0,0.0,-2.44929359829471E-16));
#3400=CARTESIAN_POINT('',(4.51206503053059E-15,1.54074395550979E-30,-15.5));
#3401=DIRECTION('',(2.44929359829471E-16,0.0,-1.0));
#3402=DIRECTION('',(-1.0,0.0,-2.44929359829471E-16));
#3403=DIRECTION('',(3.0615967752059E-16,2.99939573804721E-32,-1.0));
#3404=CARTESIAN_POINT('',(4.89858719658941E-17,0.0,-0.2));
#3405=DIRECTION('',(2.44929359829471E-16,0.0,-1.0));
#3406=DIRECTION('',(-1.0,0.0,-2.44929359829471E-16));
#3407=CARTESIAN_POINT('',(4.89858719658941E-17,0.0,-0.2));
#3408=DIRECTION('',(2.44929359829471E-16,0.0,-1.0));
#3409=DIRECTION('',(-1.0,0.0,-2.44929359829471E-16));
#3410=DIRECTION('',(-3.0615967752059E-16,-2.99939573804721E-32,1.0));
#3411=DIRECTION('',(-3.0615967752059E-16,0.0,1.0));
#3412=CARTESIAN_POINT('',(1.13523508520418E-15,-1.89201681665558E-16,-3.09));
#3413=DIRECTION('',(-3.67389995211709E-16,6.12303176911189E-17,1.0));
#3414=DIRECTION('',(-1.0,-5.00437254877602E-48,-3.67389995211709E-16));
#3415=CARTESIAN_POINT('',(1.13523508520418E-15,-1.89201681665558E-16,-3.09));
#3416=DIRECTION('',(-3.67389995211709E-16,6.12303176911189E-17,1.0));
#3417=DIRECTION('',(-1.0,-5.00437254877602E-48,-3.67389995211709E-16));
#3418=DIRECTION('',(-3.0615967752059E-16,0.0,1.0));
#3419=DIRECTION('',(2.77555756156289E-16,1.0,6.79815536723445E-32));
#3420=CARTESIAN_POINT('',(-2.22990426053374E-16,-4.545,-4.24));
#3421=DIRECTION('',(-2.77555756156289E-16,-1.0,-6.79815536723445E-32));
#3422=DIRECTION('',(2.44929359829471E-16,0.0,-1.0));
#3423=DIRECTION('',(2.77555756156289E-16,1.0,6.79815536723445E-32));
#3424=CARTESIAN_POINT('',(2.29999139740729E-15,4.545,-4.24));
#3425=DIRECTION('',(0.0,-1.0,0.0));
#3426=DIRECTION('',(2.44929359829471E-16,0.0,-1.0));
#3427=DIRECTION('',(-2.77555756156289E-16,-1.0,-6.79815536723445E-32));
#3428=CARTESIAN_POINT('',(2.56505714453654E-15,5.5,-4.24));
#3429=DIRECTION('',(2.77555756156289E-16,1.0,-6.12303176911189E-17));
#3430=DIRECTION('',(-1.0,2.77555756156289E-16,-2.44929359829471E-16));
#3431=CARTESIAN_POINT('',(2.56505714453654E-15,5.5,-4.24));
#3432=DIRECTION('',(2.77555756156289E-16,1.0,-6.12303176911189E-17));
#3433=DIRECTION('',(-1.0,2.77555756156289E-16,-2.44929359829471E-16));
#3434=DIRECTION('',(2.77555756156289E-16,1.0,6.79815536723445E-32));
#3435=CARTESIAN_POINT('',(2.29999139740729E-15,4.545,-4.24));
#3436=DIRECTION('',(0.0,1.0,0.0));
#3437=DIRECTION('',(2.44929359829471E-16,0.0,-1.0));
#3438=DIRECTION('',(-2.77555756156289E-16,-1.0,-6.79815536723445E-32));
#3439=CARTESIAN_POINT('',(-2.22990426053374E-16,-4.545,-4.24));
#3440=DIRECTION('',(-2.77555756156289E-16,-1.0,-6.79815536723445E-32));
#3441=DIRECTION('',(2.44929359829471E-16,0.0,-1.0));
#3442=CARTESIAN_POINT('',(-8.03225,1.96981316207216E-15,-4.24));
#3443=DIRECTION('',(2.77559800688786E-16,1.0,-6.12303176911188E-17));
#3444=DIRECTION('',(-1.0,2.77559800688786E-16,-3.96585912347442E-16));
#3445=DIRECTION('',(-0.728696361044507,0.0,0.684836924676592));
#3446=CARTESIAN_POINT('',(-2.68122014508046,7.57153211682515,-4.24));
#3447=DIRECTION('',(-0.942641491092178,-0.333806859233771,-2.30880576961905E-16));
#3448=DIRECTION('',(2.44929359829471E-16,9.6633827942802E-33,-1.0));
#3449=DIRECTION('',(-2.77555756156289E-16,-1.0,-6.79815536723445E-32));
#3450=CARTESIAN_POINT('',(2.29999139740729E-15,4.545,-4.24));
#3451=DIRECTION('',(0.0,-1.0,0.0));
#3452=DIRECTION('',(2.44929359829471E-16,0.0,-1.0));
#3453=DIRECTION('',(-2.77555756156289E-16,-1.0,-6.79815536723445E-32));
#3454=CARTESIAN_POINT('',(-2.22990426053374E-16,-4.545,-4.24));
#3455=DIRECTION('',(-2.77555756156289E-16,-1.0,-6.79815536723445E-32));
#3456=DIRECTION('',(2.44929359829471E-16,0.0,-1.0));
#3457=DIRECTION('',(2.77555756156289E-16,1.0,6.79815536723445E-32));
#3458=CARTESIAN_POINT('',(-4.88056173182634E-16,-5.5,-4.24));
#3459=DIRECTION('',(-1.49971025142409E-32,-1.0,6.12303176911189E-17));
#3460=DIRECTION('',(1.0,2.7645566294287E-48,2.44929359829471E-16));
#3461=CARTESIAN_POINT('',(2.68122014508046,7.57153211682515,-4.24));
#3462=DIRECTION('',(0.942641491092178,-0.333806859233771,2.30880576961904E-16));
#3463=DIRECTION('',(0.333806859233771,0.942641491092178,8.17591003388138E-17));
#3464=DIRECTION('',(-0.728696361044507,0.0,-0.684836924676592));
#3465=CARTESIAN_POINT('',(1.13523508520418E-15,-1.89201681665558E-16,-3.09));
#3466=DIRECTION('',(-3.67389995211709E-16,6.12303176911189E-17,1.0));
#3467=DIRECTION('',(-1.0,-5.00437254877602E-48,-3.67389995211709E-16));
#3468=CARTESIAN_POINT('',(8.03225,-2.48904625609285E-15,-4.24));
#3469=DIRECTION('',(2.77559800688786E-16,1.0,-6.12303176911188E-17));
#3470=DIRECTION('',(1.0,-2.77559800688786E-16,3.96585912347442E-16));
#3471=DIRECTION('',(2.44929359829471E-16,-0.0,-1.0));
#3472=CARTESIAN_POINT('',(2.96818451115259E-15,0.0,-15.7447965141364));
#3473=DIRECTION('',(2.44929359829471E-16,0.0,-1.0));
#3474=DIRECTION('',(-1.0,0.0,-2.44929359829471E-16));
#3475=DIRECTION('',(-2.44929359829471E-16,-0.0,1.0));
#3476=CARTESIAN_POINT('',(5.72491429569558E-15,-4.62223186652937E-30,-27.0));
#3477=DIRECTION('',(2.44929359829471E-16,0.0,-1.0));
#3478=DIRECTION('',(1.0,0.0,2.44929359829471E-16));
#3479=DIRECTION('',(2.44929359829471E-16,0.0,-1.0));
#3480=CARTESIAN_POINT('',(4.57374630449707E-15,1.54074395550979E-30,-22.3));
#3481=DIRECTION('',(2.44929359829471E-16,0.0,-1.0));
#3482=DIRECTION('',(-1.0,0.0,-2.44929359829471E-16));
#3483=DIRECTION('',(2.44929359829471E-16,0.0,-1.0));
#3484=CARTESIAN_POINT('',(6.61309271539571E-15,-4.62223186652937E-30,-27.0));
#3485=DIRECTION('',(2.44929359829471E-16,6.35509507630303E-48,-1.0));
#3486=DIRECTION('',(1.0,1.22464679914735E-16,2.44929359829471E-16));
#3487=DIRECTION('',(2.44929359829471E-16,0.0,-1.0));
#3488=CARTESIAN_POINT('',(4.57374630449707E-15,1.54074395550979E-30,-22.3));
#3489=DIRECTION('',(2.44929359829471E-16,0.0,-1.0));
#3490=DIRECTION('',(-1.0,0.0,-2.44929359829471E-16));
#3491=DIRECTION('',(2.44929359829471E-16,0.0,-1.0));
#3492=CARTESIAN_POINT('',(5.72491429569558E-15,-4.62223186652937E-30,-27.0));
#3493=DIRECTION('',(-2.44929359829471E-16,0.0,1.0));
#3494=DIRECTION('',(1.0,0.0,2.44929359829471E-16));
#3495=DIRECTION('',(-2.44929359829471E-16,-0.0,1.0));
#3496=CARTESIAN_POINT('',(1.25495347880774E-15,1.54074395550979E-30,-8.75));
#3497=DIRECTION('',(2.44929359829471E-16,0.0,-1.0));
#3498=DIRECTION('',(-1.0,0.0,-2.44929359829471E-16));
#3499=DIRECTION('',(2.44929359829471E-16,-0.0,-1.0));
#3500=CARTESIAN_POINT('',(1.17167749646572E-15,0.0,-8.41));
#3501=DIRECTION('',(-2.44929359829471E-16,0.0,1.0));
#3502=DIRECTION('',(-1.0,0.0,-2.44929359829471E-16));
#3503=DIRECTION('',(-0.0165793535585929,-2.03038522674617E-18,-0.999862553071961));
#3504=CARTESIAN_POINT('',(-7.48568684597327E-16,-1.54074395550979E-30,-0.57));
#3505=DIRECTION('',(-2.44929359829471E-16,0.0,1.0));
#3506=DIRECTION('',(-1.0,0.0,-2.44929359829471E-16));
#3507=DIRECTION('',(-0.0165793535585907,-2.03038522674617E-18,0.999862553071961));
#3508=CARTESIAN_POINT('',(1.17167749646572E-15,0.0,-8.41));
#3509=DIRECTION('',(-2.44929359829471E-16,0.0,1.0));
#3510=DIRECTION('',(-1.0,0.0,-2.44929359829471E-16));
#3511=DIRECTION('',(-0.415005179923162,-5.08234765222472E-17,-0.90981904829309));
#3512=CARTESIAN_POINT('',(-8.88178419700125E-16,0.0,-5.43852429378756E-32));
#3513=DIRECTION('',(2.44929359829471E-16,0.0,-1.0));
#3514=DIRECTION('',(-1.0,0.0,-2.44929359829471E-16));
#3515=DIRECTION('',(-0.415005179923163,-5.08234765222472E-17,0.90981904829309));
#3516=DIRECTION('',(-2.44929359829471E-16,-0.0,1.0));
#3517=CARTESIAN_POINT('',(5.72491429569558E-15,-4.62223186652937E-30,-27.0));
#3518=DIRECTION('',(-2.44929359829471E-16,0.0,1.0));
#3519=DIRECTION('',(1.0,0.0,2.44929359829471E-16));
#3520=DIRECTION('',(2.44929359829471E-16,0.0,-1.0));
#3521=CARTESIAN_POINT('',(4.57374630449707E-15,1.54074395550979E-30,-22.3));
#3522=DIRECTION('',(2.44929359829471E-16,0.0,-1.0));
#3523=DIRECTION('',(-1.0,0.0,-2.44929359829471E-16));
#3524=DIRECTION('',(2.44929359829471E-16,0.0,-1.0));
#3525=CARTESIAN_POINT('',(5.72491429569558E-15,-4.62223186652937E-30,-27.0));
#3526=DIRECTION('',(2.44929359829471E-16,0.0,-1.0));
#3527=DIRECTION('',(1.0,0.0,2.44929359829471E-16));
#3528=DIRECTION('',(2.44929359829471E-16,0.0,-1.0));
#3529=CARTESIAN_POINT('',(4.57374630449707E-15,1.54074395550979E-30,-22.3));
#3530=DIRECTION('',(2.44929359829471E-16,0.0,-1.0));
#3531=DIRECTION('',(-1.0,0.0,-2.44929359829471E-16));
#3532=DIRECTION('',(2.44929359829471E-16,0.0,-1.0));
#3533=CARTESIAN_POINT('',(5.72491429569558E-15,-4.62223186652937E-30,-27.0));
#3534=DIRECTION('',(2.44929359829471E-16,0.0,-1.0));
#3535=DIRECTION('',(1.0,0.0,2.44929359829471E-16));
#3536=DIRECTION('',(2.44929359829471E-16,-0.0,-1.0));
#3537=CARTESIAN_POINT('',(4.25533813671875E-15,-1.54074395550979E-30,-21.0));
#3538=DIRECTION('',(-2.44929359829471E-16,0.0,1.0));
#3539=DIRECTION('',(-1.0,0.0,-2.44929359829471E-16));
#3540=DIRECTION('',(-2.44929359829471E-16,-0.0,1.0));
#3541=CARTESIAN_POINT('',(4.25533813671875E-15,-1.54074395550979E-30,-21.0));
#3542=DIRECTION('',(-2.44929359829471E-16,0.0,1.0));
#3543=DIRECTION('',(-1.0,0.0,-2.44929359829471E-16));
#3544=DIRECTION('',(2.44929359829471E-16,-0.0,-1.0));
#3545=CARTESIAN_POINT('',(4.20885054422312E-15,1.54074395550979E-30,-20.8102));
#3546=DIRECTION('',(2.44929359829471E-16,1.17145536458252E-15,-1.0));
#3547=DIRECTION('',(-7.1730953128999E-32,1.0,1.17145536458252E-15));
#3548=CARTESIAN_POINT('',(4.20885054422312E-15,1.54074395550979E-30,-20.8102));
#3549=DIRECTION('',(2.44929359829471E-16,1.17145536458252E-15,-1.0));
#3550=DIRECTION('',(-7.1730953128999E-32,1.0,1.17145536458252E-15));
#3551=DIRECTION('',(-0.707106781186547,8.65956056235493E-17,-0.707106781186548));
#3552=CARTESIAN_POINT('',(0.0,0.0,0.0));
#3553=DIRECTION('',(-2.44929359829471E-16,0.0,1.0));
#3554=DIRECTION('',(1.0,0.0,2.44929359829471E-16));
#3555=DIRECTION('',(-0.707106781186547,8.65956056235493E-17,0.707106781186548));
#3556=CARTESIAN_POINT('',(4.89858719658941E-17,0.0,-0.2));
#3557=DIRECTION('',(2.44929359829471E-16,0.0,-1.0));
#3558=DIRECTION('',(-1.0,0.0,-2.44929359829471E-16));
#3559=DIRECTION('',(-0.86602540378444,1.06057523872491E-16,-0.499999999999998));
#3560=CARTESIAN_POINT('',(4.51206503053059E-15,1.54074395550979E-30,-15.5));
#3561=DIRECTION('',(2.44929359829471E-16,0.0,-1.0));
#3562=DIRECTION('',(-1.0,0.0,-2.44929359829471E-16));
#3563=DIRECTION('',(-0.86602540378444,1.06057523872491E-16,0.499999999999997));
#3564=CARTESIAN_POINT('',(2.96818451115259E-15,0.0,-15.7447965141364));
#3565=DIRECTION('',(2.44929359829471E-16,0.0,-1.0));
#3566=DIRECTION('',(-1.0,0.0,-2.44929359829471E-16));
#3567=DIRECTION('',(-1.0,2.15622065024841E-16,-2.44929359829471E-16));
#3568=CARTESIAN_POINT('',(5.72491429569558E-15,-4.62223186652937E-30,-27.0));
#3569=DIRECTION('',(-2.44929359829471E-16,0.0,1.0));
#3570=DIRECTION('',(1.0,0.0,2.44929359829471E-16));
#3571=DIRECTION('',(1.0,-2.15622065024841E-16,2.44929359829471E-16));
#3572=CARTESIAN_POINT('',(5.72491429569558E-15,-4.62223186652937E-30,-27.0));
#3573=DIRECTION('',(2.44929359829471E-16,0.0,-1.0));
#3574=DIRECTION('',(1.0,0.0,2.44929359829471E-16));
#3575=DIRECTION('',(-1.0,2.15622065024841E-16,-2.44929359829471E-16));
#3576=DIRECTION('',(2.44929359829471E-16,0.0,-1.0));
#3577=DIRECTION('',(1.0,-2.15622065024841E-16,2.44929359829471E-16));
#3578=DIRECTION('',(2.44929359829471E-16,0.0,-1.0));
#3579=DIRECTION('',(-2.15622065024841E-16,-1.0,-1.32030435879107E-32));
#3580=CARTESIAN_POINT('',(5.72491429569558E-15,-4.62223186652937E-30,-27.0));
#3581=DIRECTION('',(-2.44929359829471E-16,0.0,1.0));
#3582=DIRECTION('',(1.0,0.0,2.44929359829471E-16));
#3583=DIRECTION('',(2.15622065024841E-16,1.0,1.32030435879107E-32));
#3584=DIRECTION('',(2.44929359829471E-16,0.0,-1.0));
#3585=DIRECTION('',(2.15622065024841E-16,1.0,1.32030435879107E-32));
#3586=DIRECTION('',(-2.15622065024841E-16,-1.0,-1.32030435879107E-32));
#3587=DIRECTION('',(2.44929359829471E-16,0.0,-1.0));
#3588=DIRECTION('',(2.15622065024841E-16,1.0,1.32030435879107E-32));
#3589=CARTESIAN_POINT('',(6.61309271539571E-15,-4.62223186652937E-30,-27.0));
#3590=DIRECTION('',(-2.44929359829471E-16,0.0,1.0));
#3591=DIRECTION('',(1.0,0.0,2.44929359829471E-16));
#3592=DIRECTION('',(-2.15622065024841E-16,-1.0,-1.32030435879107E-32));
#3593=DIRECTION('',(2.44929359829471E-16,0.0,-1.0));
#3594=DIRECTION('',(-2.15622065024841E-16,-1.0,-1.32030435879107E-32));
#3595=DIRECTION('',(2.15622065024841E-16,1.0,1.32030435879107E-32));
#3596=DIRECTION('',(2.44929359829471E-16,0.0,-1.0));
#3597=CARTESIAN_POINT('',(5.72491429569558E-15,-4.62223186652937E-30,-27.0));
#3598=DIRECTION('',(2.44929359829471E-16,0.0,-1.0));
#3599=DIRECTION('',(1.0,0.0,2.44929359829471E-16));
#3600=DIRECTION('',(1.0,-2.15622065024841E-16,2.44929359829471E-16));
#3601=CARTESIAN_POINT('',(5.72491429569558E-15,-4.62223186652937E-30,-27.0));
#3602=DIRECTION('',(-2.44929359829471E-16,0.0,1.0));
#3603=DIRECTION('',(1.0,0.0,2.44929359829471E-16));
#3604=DIRECTION('',(-1.0,2.15622065024841E-16,-2.44929359829471E-16));
#3605=DIRECTION('',(2.44929359829471E-16,0.0,-1.0));
#3606=DIRECTION('',(-1.0,2.15622065024841E-16,-2.44929359829471E-16));
#3607=DIRECTION('',(2.44929359829471E-16,0.0,-1.0));
#3608=DIRECTION('',(1.0,-2.15622065024841E-16,2.44929359829471E-16));
#3609=CARTESIAN_POINT('',(4.51206503053059E-15,1.54074395550979E-30,-15.5));
#3610=DIRECTION('',(2.44929359829471E-16,0.0,-1.0));
#3611=DIRECTION('',(-1.0,0.0,-2.44929359829471E-16));
#3612=CARTESIAN_POINT('',(4.89858719658941E-17,0.0,-0.2));
#3613=DIRECTION('',(2.44929359829471E-16,0.0,-1.0));
#3614=DIRECTION('',(-1.0,0.0,-2.44929359829471E-16));
#3615=CARTESIAN_POINT('',(0.0,0.0,0.0));
#3616=DIRECTION('',(-2.44929359829471E-16,0.0,1.0));
#3617=DIRECTION('',(1.0,0.0,2.44929359829471E-16));
#3618=CARTESIAN_POINT('',(1.25495347880774E-15,6.29048101673521E-15,-8.75));
#3619=DIRECTION('',(2.44929359829471E-16,0.0,-1.0));
#3620=DIRECTION('',(-1.0,0.0,-2.44929359829471E-16));
#3621=CARTESIAN_POINT('',(1.25495347880774E-15,1.54074395550979E-30,-8.75));
#3622=DIRECTION('',(2.44929359829471E-16,0.0,-1.0));
#3623=DIRECTION('',(-1.0,0.0,-2.44929359829471E-16));
#3624=CARTESIAN_POINT('',(4.20885054422312E-15,1.54074395550979E-30,-20.8102));
#3625=DIRECTION('',(2.44929359829471E-16,1.17145536458252E-15,-1.0));
#3626=DIRECTION('',(-7.1730953128999E-32,1.0,1.17145536458252E-15));
#3627=CARTESIAN_POINT('',(4.25533813671875E-15,-1.54074395550979E-30,-21.0));
#3628=DIRECTION('',(-2.44929359829471E-16,0.0,1.0));
#3629=DIRECTION('',(-1.0,0.0,-2.44929359829471E-16));
#3630=CARTESIAN_POINT('',(4.25533813671875E-15,-1.54074395550979E-30,-21.0));
#3631=DIRECTION('',(-2.44929359829471E-16,0.0,1.0));
#3632=DIRECTION('',(-1.0,0.0,-2.44929359829471E-16));
#3633=CARTESIAN_POINT('',(4.57374630449707E-15,1.54074395550979E-30,-22.3));
#3634=DIRECTION('',(2.44929359829471E-16,0.0,-1.0));
#3635=DIRECTION('',(-1.0,0.0,-2.44929359829471E-16));
#3636=CARTESIAN_POINT('',(4.57374630449707E-15,1.54074395550979E-30,-22.3));
#3637=DIRECTION('',(2.44929359829471E-16,0.0,-1.0));
#3638=DIRECTION('',(-1.0,0.0,-2.44929359829471E-16));
#3639=CARTESIAN_POINT('',(-7.48568684597327E-16,-1.54074395550979E-30,-0.57));
#3640=DIRECTION('',(-2.44929359829471E-16,0.0,1.0));
#3641=DIRECTION('',(-1.0,0.0,-2.44929359829471E-16));
#3642=CARTESIAN_POINT('',(-8.88178419700125E-16,0.0,-5.43852429378756E-32));
#3643=DIRECTION('',(2.44929359829471E-16,0.0,-1.0));
#3644=DIRECTION('',(-1.0,0.0,-2.44929359829471E-16));
#3645=CARTESIAN_POINT('',(1.17167749646572E-15,0.0,-8.41));
#3646=DIRECTION('',(-2.44929359829471E-16,0.0,1.0));
#3647=DIRECTION('',(-1.0,0.0,-2.44929359829471E-16));
#3648=CARTESIAN_POINT('',(1.17167749646572E-15,0.0,-8.41));
#3649=DIRECTION('',(-2.44929359829471E-16,0.0,1.0));
#3650=DIRECTION('',(-1.0,0.0,-2.44929359829471E-16));
#3651=CARTESIAN_POINT('',(4.57374630449707E-15,1.54074395550979E-30,-22.3));
#3652=DIRECTION('',(2.44929359829471E-16,0.0,-1.0));
#3653=DIRECTION('',(-1.0,0.0,-2.44929359829471E-16));
#3654=CARTESIAN_POINT('',(4.57374630449707E-15,1.54074395550979E-30,-22.3));
#3655=DIRECTION('',(2.44929359829471E-16,0.0,-1.0));
#3656=DIRECTION('',(-1.0,0.0,-2.44929359829471E-16));
#3657=CARTESIAN_POINT('',(1.13523508520418E-15,-1.89201681665558E-16,-3.09));
#3658=DIRECTION('',(-3.67389995211709E-16,6.12303176911189E-17,1.0));
#3659=DIRECTION('',(-1.0,-5.00437254877602E-48,-3.67389995211709E-16));
#3660=DIRECTION('',(-0.728696361044507,0.0,-0.684836924676592));
#3661=CARTESIAN_POINT('',(2.68122014508046,-7.57153211682515,-4.24));
#3662=DIRECTION('',(-0.942641491092178,-0.333806859233771,-2.30880576961904E-16));
#3663=DIRECTION('',(0.333806859233771,-0.942641491092178,8.17591003388138E-17));
#3664=CARTESIAN_POINT('',(-4.88056173182634E-16,-5.5,-4.24));
#3665=DIRECTION('',(-1.49971025142409E-32,-1.0,6.12303176911189E-17));
#3666=DIRECTION('',(1.0,2.7645566294287E-48,2.44929359829471E-16));
#3667=CARTESIAN_POINT('',(-4.88056173182634E-16,-5.5,-4.24));
#3668=DIRECTION('',(-1.49971025142409E-32,-1.0,6.12303176911189E-17));
#3669=DIRECTION('',(1.0,2.7645566294287E-48,2.44929359829471E-16));
#3670=CARTESIAN_POINT('',(-2.22990426053374E-16,-4.545,-4.24));
#3671=DIRECTION('',(-2.77555756156289E-16,-1.0,-6.79815536723445E-32));
#3672=DIRECTION('',(2.44929359829471E-16,0.0,-1.0));
#3673=CARTESIAN_POINT('',(2.29999139740729E-15,4.545,-4.24));
#3674=DIRECTION('',(0.0,-1.0,0.0));
#3675=DIRECTION('',(2.44929359829471E-16,0.0,-1.0));
#3676=DIRECTION('',(2.66612152525851E-16,-6.12303176911189E-17,-1.0));
#3677=CARTESIAN_POINT('',(-2.68122014508046,-7.57153211682515,-4.24));
#3678=DIRECTION('',(0.942641491092178,-0.333806859233771,2.30880576961905E-16));
#3679=DIRECTION('',(2.44929359829471E-16,-9.6633827942802E-33,-1.0));
#3680=DIRECTION('',(-0.728696361044507,0.0,0.684836924676592));
#3681=DIRECTION('',(-3.0615967752059E-16,0.0,1.0));
#3682=CARTESIAN_POINT('',(-2.22990426053374E-16,-4.545,-4.24));
#3683=DIRECTION('',(-2.77555756156289E-16,-1.0,-6.79815536723445E-32));
#3684=DIRECTION('',(2.44929359829471E-16,0.0,-1.0));
#3685=DIRECTION('',(-2.23246567133091E-16,6.12303176911189E-17,1.0));
#3686=CARTESIAN_POINT('',(-2.22990426053374E-16,-4.545,-4.24));
#3687=DIRECTION('',(-2.77555756156289E-16,-1.0,-6.79815536723445E-32));
#3688=DIRECTION('',(2.44929359829471E-16,0.0,-1.0));
#3689=DIRECTION('',(-3.0615967752059E-16,0.0,1.0));
#3690=CARTESIAN_POINT('',(2.29999139740729E-15,4.545,-4.24));
#3691=DIRECTION('',(0.0,1.0,0.0));
#3692=DIRECTION('',(2.44929359829471E-16,0.0,-1.0));
#3693=CARTESIAN_POINT('',(2.56505714453654E-15,5.5,-4.24));
#3694=DIRECTION('',(2.77555756156289E-16,1.0,-6.12303176911189E-17));
#3695=DIRECTION('',(-1.0,2.77555756156289E-16,-2.44929359829471E-16));
#3696=DIRECTION('',(-2.44929359829471E-16,0.0,1.0));
#3697=CARTESIAN_POINT('',(2.29999139740729E-15,4.545,-4.24));
#3698=DIRECTION('',(0.0,-1.0,0.0));
#3699=DIRECTION('',(2.44929359829471E-16,0.0,-1.0));
#3700=DIRECTION('',(2.44929359829471E-16,0.0,-1.0));
#3701=DIRECTION('',(-3.0615967752059E-16,0.0,1.0));
#3702=DIRECTION('',(-3.0615967752059E-16,0.0,1.0));
#3703=CARTESIAN_POINT('',(6.59425825800772E-15,-2.12714522802569E-15,-26.9908827719869));
#3704=DIRECTION('',(2.69108936687666E-16,-9.54841811229301E-17,-1.0));
#3705=DIRECTION('',(1.0,3.36782422117355E-19,2.69108936687666E-16));
#3706=CARTESIAN_POINT('',(6.54043647067019E-15,-2.1080483918011E-15,-26.7908827719869));
#3707=DIRECTION('',(-2.69108936687666E-16,9.54841811229301E-17,1.0));
#3708=DIRECTION('',(1.0,3.36782422117355E-19,2.69108936687666E-16));
#3709=CARTESIAN_POINT('',(4.93098128923457E-15,-1.53698779476193E-15,-20.8102));
#3710=DIRECTION('',(-2.69108936687666E-16,9.54841811229301E-17,1.0));
#3711=DIRECTION('',(1.0,0.0,2.69108936687666E-16));
#3712=CARTESIAN_POINT('',(4.20885054422312E-15,2.04184670046733E-14,-20.8102));
#3713=DIRECTION('',(-2.69108936687666E-16,9.54841811229301E-17,1.0));
#3714=DIRECTION('',(1.0,0.0,2.69108936687666E-16));
#3715=CARTESIAN_POINT('',(4.25783641618902E-15,2.06527580775898E-14,-21.0102));
#3716=DIRECTION('',(-2.44929359829471E-16,-1.17145536458252E-15,1.0));
#3717=DIRECTION('',(1.0,-6.12323399573677E-17,2.44929359829471E-16));
#3718=CARTESIAN_POINT('',(4.25783641618902E-15,2.06527580775898E-14,-21.0102));
#3719=DIRECTION('',(2.44929359829471E-16,1.17145536458252E-15,-1.0));
#3720=DIRECTION('',(-2.86923812515996E-31,1.0,1.17145536458252E-15));
#3721=CARTESIAN_POINT('',(4.20885054422312E-15,2.04184670046733E-14,-20.8102));
#3722=DIRECTION('',(-2.44929359829471E-16,-1.17145536458252E-15,1.0));
#3723=DIRECTION('',(-2.86923812515996E-31,1.0,1.17145536458252E-15));
#3724=CARTESIAN_POINT('',(1.25255317108141E-15,6.27900075416229E-15,-8.7402));
#3725=DIRECTION('',(-2.44929359829471E-16,-1.17145536458252E-15,1.0));
#3726=DIRECTION('',(1.0,-6.12323399573677E-17,2.44929359829471E-16));
#3727=CARTESIAN_POINT('',(-6.02681976045479E-17,-1.4637067577343E-29,-3.3802));
#3728=DIRECTION('',(2.44929359829471E-16,1.17145536458252E-15,-1.0));
#3729=DIRECTION('',(1.0,0.0,2.44929359829471E-16));
#3730=CARTESIAN_POINT('',(1.11551097461049E-15,5.62355129582945E-15,-8.18068277198643));
#3731=DIRECTION('',(2.69108936687666E-16,-9.54841811229301E-17,-1.0));
#3732=DIRECTION('',(-1.0,4.37928706714661E-48,-2.69108936687666E-16));
#3733=CARTESIAN_POINT('',(-1.12823256386544E-17,2.34291072916489E-16,-3.5802));
#3734=DIRECTION('',(2.44929359829471E-16,1.17145536458252E-15,-1.0));
#3735=DIRECTION('',(2.86923812515996E-31,-1.0,-1.17145536458252E-15));
#3736=CARTESIAN_POINT('',(-6.02681976045479E-17,-1.4637067577343E-29,-3.3802));
#3737=DIRECTION('',(-2.44929359829471E-16,-1.17145536458252E-15,1.0));
#3738=DIRECTION('',(2.86923812515996E-31,-1.0,-1.17145536458252E-15));
#3739=CARTESIAN_POINT('',(1.25255317108141E-15,6.27900075416229E-15,-8.7402));
#3740=DIRECTION('',(2.44929359829471E-16,1.17145536458252E-15,-1.0));
#3741=DIRECTION('',(1.0,-6.12323399573677E-17,2.44929359829471E-16));
#3742=CARTESIAN_POINT('',(1.53226533712528E-15,-4.0236921297836E-17,-8.18068277198643));
#3743=DIRECTION('',(-2.07878618996547E-16,9.54841811229301E-17,1.0));
#3744=DIRECTION('',(1.0,3.3678242211735E-19,2.07878618996547E-16));
#3745=CARTESIAN_POINT('',(-0.126710515215747,1.02497086517102E-16,-3.71526367937296));
#3746=DIRECTION('',(-0.0282373233689116,-1.88629428696386E-17,0.999601247282615));
#3747=DIRECTION('',(0.706824820436068,-0.707106781186547,0.0199668028367147));
#3748=DIRECTION('',(-0.0282373233689117,4.17318830026241E-17,0.999601247282615));
#3749=DIRECTION('',(-0.706824820436068,-0.707106781186548,-0.0199668028367147));
#3750=CARTESIAN_POINT('',(-0.133882795351451,1.13096984799769E-16,-3.46136496256317));
#3751=DIRECTION('',(-0.0282373233689115,-8.93792830609723E-17,0.999601247282615));
#3752=DIRECTION('',(0.706824820436068,-0.707106781186547,0.0199668028367147));
#3753=DIRECTION('',(0.706542972140598,-0.707388629526833,0.0199588410204588));
#3754=CARTESIAN_POINT('',(-0.000734568169695826,1.20886186604811E-16,-3.45760371320784));
#3755=DIRECTION('',(0.0282373233689117,-1.30131066231621E-16,-0.999601247282615));
#3756=DIRECTION('',(-0.999601247282615,2.26519185266444E-13,-0.0282373233689117));
#3757=DIRECTION('',(-2.20491575652203E-16,-0.0282373233689113,0.999601247282615));
#3758=CARTESIAN_POINT('',(3.28432868103018E-16,-0.126710515215747,-3.71526367937296));
#3759=DIRECTION('',(-1.81770176743791E-16,-0.0282373233689113,0.999601247282615));
#3760=DIRECTION('',(0.707106781186548,0.706824820436068,0.0199668028367146));
#3761=DIRECTION('',(-2.20491575652203E-16,-0.0282373233689113,0.999601247282615));
#3762=CARTESIAN_POINT('',(2.60158598942764E-16,-0.000734568169695968,-3.45760371320784));
#3763=DIRECTION('',(3.0715603540522E-16,0.0282373233689113,-0.999601247282615));
#3764=DIRECTION('',(-2.26514282568076E-13,-0.999601247282615,-0.0282373233689113));
#3765=DIRECTION('',(0.707106781186547,-0.706824820436068,-0.0199668028367144));
#3766=CARTESIAN_POINT('',(2.72428007887357E-16,-0.133882795351451,-3.46136496256317));
#3767=DIRECTION('',(-1.04275830237801E-16,-0.0282373233689112,0.999601247282615));
#3768=DIRECTION('',(0.707106781186548,0.706824820436068,0.0199668028367145));
#3769=DIRECTION('',(0.707106781186548,0.706824820436068,0.0199668028367147));
#3770=CARTESIAN_POINT('',(1.53226533712528E-15,-4.0236921297836E-17,-8.18068277198643));
#3771=DIRECTION('',(-2.07878618996547E-16,9.54841811229301E-17,1.0));
#3772=DIRECTION('',(1.0,3.3678242211735E-19,2.07878618996547E-16));
#3773=DIRECTION('',(0.0282373233689111,1.43956159661926E-16,0.999601247282615));
#3774=CARTESIAN_POINT('',(0.126710515215747,7.90335565425136E-17,-3.71526367937296));
#3775=DIRECTION('',(0.0282373233689111,1.95488680648982E-16,0.999601247282615));
#3776=DIRECTION('',(-0.706824820436068,0.707106781186548,0.0199668028367142));
#3777=CARTESIAN_POINT('',(0.00073456816969635,1.18826697256383E-16,-3.45760371320784));
#3778=DIRECTION('',(-0.0282373233689111,-5.72916999089109E-17,-0.999601247282615));
#3779=DIRECTION('',(0.999601247282615,-2.26524577701842E-13,-0.0282373233689111));
#3780=DIRECTION('',(0.706542972140598,0.707388629526833,-0.0199588410204583));
#3781=CARTESIAN_POINT('',(0.133882795351451,1.15598421096643E-16,-3.46136496256317));
#3782=DIRECTION('',(0.028237323368911,2.66275780785813E-16,0.999601247282615));
#3783=DIRECTION('',(-0.706824820436068,0.707106781186548,0.0199668028367141));
#3784=DIRECTION('',(-0.706824820436068,0.707106781186548,0.0199668028367144));
#3785=CARTESIAN_POINT('',(1.65530194297889E-15,-5.58977876588593E-17,-8.63788277198643));
#3786=DIRECTION('',(-2.69108936687666E-16,3.42538634318112E-17,1.0));
#3787=DIRECTION('',(-1.0,-3.36782422117355E-19,-2.69108936687666E-16));
#3788=CARTESIAN_POINT('',(1.74708368244057E-15,0.00056873294145199,-8.18068277198643));
#3789=DIRECTION('',(2.07878618996547E-16,-9.548418112293E-17,-1.0));
#3790=DIRECTION('',(-3.99072865572001E-15,1.0,-9.54841811229309E-17));
#3791=CARTESIAN_POINT('',(3.15420903021656E-16,0.126710515215747,-3.71526367937296));
#3792=DIRECTION('',(-3.94406987274263E-16,0.0282373233689114,0.999601247282615));
#3793=DIRECTION('',(-0.707106781186547,-0.706824820436068,0.0199668028367144));
#3794=CARTESIAN_POINT('',(2.34018164541838E-16,0.133882795351451,-3.46136496256317));
#3795=DIRECTION('',(-4.63655030878793E-16,0.0282373233689114,0.999601247282615));
#3796=DIRECTION('',(-0.707106781186547,-0.706824820436068,0.0199668028367143));
#3797=CARTESIAN_POINT('',(2.62218088291192E-16,0.000734568169696208,-3.45760371320784));
#3798=DIRECTION('',(2.3431666908251E-16,-0.0282373233689115,-0.999601247282615));
#3799=DIRECTION('',(2.2652948040021E-13,0.999601247282615,-0.0282373233689115));
#3800=DIRECTION('',(-0.707388629526833,0.706542972140598,-0.0199588410204588));
#3801=DIRECTION('',(-0.707388629526833,-0.706542972140598,0.0199588410204584));
#3802=DIRECTION('',(-0.707247775613061,0.70696575864067,-2.14543001974562E-16));
#3803=DIRECTION('',(0.70696575864067,-0.707247775613061,2.14511297951195E-16));
#3804=CARTESIAN_POINT('',(1.53226533712528E-15,-3.31068684267111E-16,-8.18068277198643));
#3805=DIRECTION('',(2.69108936687666E-16,-9.54841811229301E-17,-1.0));
#3806=DIRECTION('',(-1.0,0.0,-2.69108936687666E-16));
#3807=DIRECTION('',(-0.70724777561306,-0.70696575864067,-3.95393204058713E-17));
#3808=DIRECTION('',(0.70696575864067,0.70724777561306,3.94364989586318E-17));
#3809=CARTESIAN_POINT('',(1.53226533712528E-15,-3.31068684267111E-16,-8.18068277198643));
#3810=DIRECTION('',(2.69108936687666E-16,-9.54841811229301E-17,-1.0));
#3811=DIRECTION('',(-1.0,0.0,-2.69108936687666E-16));
#3812=DIRECTION('',(0.70696575864067,-0.707247775613061,1.74498448369486E-16));
#3813=DIRECTION('',(-0.70724777561306,0.70696575864067,-1.74547413497382E-16));
#3814=CARTESIAN_POINT('',(1.53226533712528E-15,-3.31068684267111E-16,-8.18068277198643));
#3815=DIRECTION('',(2.69108936687666E-16,-9.54841811229301E-17,-1.0));
#3816=DIRECTION('',(-1.0,0.0,-2.69108936687666E-16));
#3817=DIRECTION('',(0.70696575864067,0.707247775613061,7.94493485403417E-17));
#3818=CARTESIAN_POINT('',(1.53226533712528E-15,-4.0236921297836E-17,-8.18068277198643));
#3819=DIRECTION('',(-2.69108936687666E-16,3.42538634318112E-17,1.0));
#3820=DIRECTION('',(-1.0,-3.36782422117355E-19,-2.69108936687666E-16));
#3821=CARTESIAN_POINT('',(1.53226533712528E-15,-4.0236921297836E-17,-8.18068277198643));
#3822=DIRECTION('',(-2.69108936687666E-16,3.42538634318112E-17,1.0));
#3823=DIRECTION('',(-1.0,-3.36782422117355E-19,-2.69108936687666E-16));
#3824=DIRECTION('',(-0.707247775613061,-0.70696575864067,-7.95349088830522E-17));
#3825=CARTESIAN_POINT('',(1.53226533712528E-15,-3.31068684267111E-16,-8.18068277198643));
#3826=DIRECTION('',(2.69108936687666E-16,-9.54841811229301E-17,-1.0));
#3827=DIRECTION('',(-1.0,0.0,-2.69108936687666E-16));
ENDSEC;
END-ISO-10303-21;
