ISO-10303-21;
HEADER;
FILE_DESCRIPTION (( 'STEP AP214' ),
    '1' );
FILE_NAME ('Connecteur BNC Amphenol RF Femelle Droit.STEP',
    '2025-10-14T12:55:43',
    ( '' ),
    ( '' ),
    'SwSTEP 2.0',
    'SolidWorks 2025',
    '' );
FILE_SCHEMA (( 'AUTOMOTIVE_DESIGN' ));
ENDSEC;

DATA;
#1 =( NAMED_UNIT ( * ) PLANE_ANGLE_UNIT ( ) SI_UNIT ( $, .RADIAN. ) );
#2 = ORIENTED_EDGE ( 'NONE', *, *, #1065, .F. ) ;
#3 = DIRECTION ( 'NONE',  ( 0.000000000000000000, -0.9813279757874618925, -0.1923418933484916660 ) ) ;
#4 = CARTESIAN_POINT ( 'NONE',  ( 4.574999999999721290, -1.532970971676627325, 16.03484176581234522 ) ) ;
#5 = VERTEX_POINT ( 'NONE', #4156 ) ;
#6 = EDGE_CURVE ( 'NONE', #3480, #2942, #191, .T. ) ;
#8 = ORIENTED_EDGE ( 'NONE', *, *, #3749, .F. ) ;
#7 = CARTESIAN_POINT ( 'NONE',  ( -4.825000000000000178, 5.908920805885980562E-16, 16.55999999999999872 ) ) ;
#9 = CONICAL_SURFACE ( 'NONE', #1395, 1.699985370264000206, 0.7853895592358033362 ) ;
#10 = ADVANCED_FACE ( 'NONE', ( #759 ), #1511, .F. ) ;
#11 = DIRECTION ( 'NONE',  ( -1.000000000000000000, 0.000000000000000000, 0.000000000000000000 ) ) ;
#12 = ORIENTED_EDGE ( 'NONE', *, *, #2608, .T. ) ;
#13 = FACE_OUTER_BOUND ( 'NONE', #686, .T. ) ;
#14 = FACE_OUTER_BOUND ( 'NONE', #1224, .T. ) ;
#15 = ORIENTED_EDGE ( 'NONE', *, *, #956, .T. ) ;
#16 = CARTESIAN_POINT ( 'NONE',  ( -0.6939740629158999141, -0.1499999999999999944, 10.56499999999999950 ) ) ;
#17 = ORIENTED_EDGE ( 'NONE', *, *, #3390, .F. ) ;
#18 = CARTESIAN_POINT ( 'NONE',  ( -0.6726446963179141258, -0.2343219763873232442, -5.946403969173124970 ) ) ;
#19 = DIRECTION ( 'NONE',  ( -1.000000000000000000, 0.000000000000000000, 0.000000000000000000 ) ) ;
#20 = ORIENTED_EDGE ( 'NONE', *, *, #1298, .F. ) ;
#21 = CARTESIAN_POINT ( 'NONE',  ( 4.800464999221046192, 0.5542410105470062520, 11.60642106314404565 ) ) ;
#22 = CARTESIAN_POINT ( 'NONE',  ( 0.000000000000000000, 0.000000000000000000, 18.30000000000000071 ) ) ;
#23 = LINE ( 'NONE', #3125, #3843 ) ;
#24 = AXIS2_PLACEMENT_3D ( 'NONE', #2160, #4241, #3250 ) ;
#25 = ORIENTED_EDGE ( 'NONE', *, *, #2603, .F. ) ;
#27 = ORIENTED_EDGE ( 'NONE', *, *, #1578, .T. ) ;
#26 = FACE_OUTER_BOUND ( 'NONE', #1092, .T. ) ;
#28 = CIRCLE ( 'NONE', #3277, 2.350000000000000089 ) ;
#29 = EDGE_CURVE ( 'NONE', #1660, #2192, #1472, .T. ) ;
#30 = DIRECTION ( 'NONE',  ( 0.000000000000000000, 0.000000000000000000, 1.000000000000000000 ) ) ;
#31 = COLOUR_RGB ( '',1.000000000000000000, 0.8705882352941176627, 0.5294117647058823595 ) ;
#32 = LINE ( 'NONE', #2816, #2564 ) ;
#33 = ORIENTED_EDGE ( 'NONE', *, *, #3721, .F. ) ;
#34 = FILL_AREA_STYLE ('',( #1054 ) ) ;
#35 = ADVANCED_FACE ( 'NONE', ( #4282 ), #540, .F. ) ;
#36 = CARTESIAN_POINT ( 'NONE',  ( 5.437493476110999424, -0.8292531715723999719, 13.50750633480000040 ) ) ;
#37 = CARTESIAN_POINT ( 'NONE',  ( -6.349999999999999645, 6.349999999999999645, 2.200014624412999886 ) ) ;
#38 = ORIENTED_EDGE ( 'NONE', *, *, #226, .F. ) ;
#39 = CARTESIAN_POINT ( 'NONE',  ( 4.575000000000000178, -1.136785686370000104, 13.20287223076000060 ) ) ;
#40 = CARTESIAN_POINT ( 'NONE',  ( -0.6527871987280219335, -0.2833768274268810283, -5.979953316781005945 ) ) ;
#41 = EDGE_CURVE ( 'NONE', #317, #2327, #2226, .T. ) ;
#42 = LINE ( 'NONE', #2854, #630 ) ;
#43 = ORIENTED_EDGE ( 'NONE', *, *, #895, .F. ) ;
#44 = DIRECTION ( 'NONE',  ( 0.000000000000000000, 0.000000000000000000, 1.000000000000000000 ) ) ;
#45 = DIRECTION ( 'NONE',  ( -1.000000000000000000, 0.000000000000000000, 0.000000000000000000 ) ) ;
#46 = CARTESIAN_POINT ( 'NONE',  ( -4.575000000000000178, 0.9715146960295999445, 14.25041847440999909 ) ) ;
#47 = AXIS2_PLACEMENT_3D ( 'NONE', #782, #1840, #3239 ) ;
#48 = DIRECTION ( 'NONE',  ( -1.000000000000000000, 0.000000000000000000, 0.000000000000000000 ) ) ;
#49 = VECTOR ( 'NONE', #3288, 1000.000000000000000 ) ;
#51 = EDGE_LOOP ( 'NONE', ( #465, #188, #725, #1725, #1284 ) ) ;
#50 = CARTESIAN_POINT ( 'NONE',  ( 7.479999999999999538, 8.750000000000000000, 2.299999999999999822 ) ) ;
#52 = COLOUR_RGB ( '',1.000000000000000000, 0.8705882352941176627, 0.5294117647058823595 ) ;
#53 =( GEOMETRIC_REPRESENTATION_CONTEXT ( 3 ) GLOBAL_UNCERTAINTY_ASSIGNED_CONTEXT ( ( #295 ) ) GLOBAL_UNIT_ASSIGNED_CONTEXT ( ( #2202, #3641, #2609 ) ) REPRESENTATION_CONTEXT ( 'NONE', 'WORKASPACE' ) );
#54 = CARTESIAN_POINT ( 'NONE',  ( -0.1499999999999999944, 0.6939740629158999141, 14.56499999999999950 ) ) ;
#55 = DIRECTION ( 'NONE',  ( -1.000000000000000000, 0.000000000000000000, 0.000000000000000000 ) ) ;
#56 = CARTESIAN_POINT ( 'NONE',  ( 4.575000000000000178, 0.9715146960295999445, 14.25041847440999909 ) ) ;
#57 = ORIENTED_EDGE ( 'NONE', *, *, #2268, .T. ) ;
#58 = AXIS2_PLACEMENT_3D ( 'NONE', #987, #1645, #3443 ) ;
#59 = LINE ( 'NONE', #1797, #1539 ) ;
#60 = AXIS2_PLACEMENT_3D ( 'NONE', #2009, #3085, #4482 ) ;
#61 = VECTOR ( 'NONE', #2687, 1000.000000000000114 ) ;
#62 = VECTOR ( 'NONE', #4350, 1000.000000000000000 ) ;
#63 = DIRECTION ( 'NONE',  ( 0.000000000000000000, 1.000000000000000000, 0.000000000000000000 ) ) ;
#64 = VERTEX_POINT ( 'NONE', #4332 ) ;
#65 = EDGE_CURVE ( 'NONE', #4440, #103, #3308, .T. ) ;
#66 = DIRECTION ( 'NONE',  ( -1.000000000000000000, 0.000000000000000000, 0.000000000000000000 ) ) ;
#67 = DIRECTION ( 'NONE',  ( -1.000000000000000000, 0.000000000000000000, 0.000000000000000000 ) ) ;
#68 = CARTESIAN_POINT ( 'NONE',  ( -6.349999999999999645, 8.049985370263998519, 2.200014624412999886 ) ) ;
#69 =( GEOMETRIC_REPRESENTATION_CONTEXT ( 3 ) GLOBAL_UNCERTAINTY_ASSIGNED_CONTEXT ( ( #3102 ) ) GLOBAL_UNIT_ASSIGNED_CONTEXT ( ( #3224, #3339, #3356 ) ) REPRESENTATION_CONTEXT ( 'NONE', 'WORKASPACE' ) );
#70 = DIRECTION ( 'NONE',  ( 0.000000000000000000, 0.000000000000000000, -1.000000000000000000 ) ) ;
#71 = AXIS2_PLACEMENT_3D ( 'NONE', #1552, #2943, #3645 ) ;
#72 = ORIENTED_EDGE ( 'NONE', *, *, #4394, .T. ) ;
#73 = ADVANCED_FACE ( 'NONE', ( #3577, #738 ), #1901, .T. ) ;
#74 = DIRECTION ( 'NONE',  ( 0.000000000000000000, -1.000000000000000000, 0.000000000000000000 ) ) ;
#75 = UNCERTAINTY_MEASURE_WITH_UNIT (LENGTH_MEASURE( 1.000000000000000082E-05 ), #3762, 'distance_accuracy_value', 'NONE');
#76 = VECTOR ( 'NONE', #2286, 1000.000000000000227 ) ;
#77 = CARTESIAN_POINT ( 'NONE',  ( 0.000000000000000000, 0.000000000000000000, 7.100002407777000535 ) ) ;
#78 = AXIS2_PLACEMENT_3D ( 'NONE', #4096, #3045, #272 ) ;
#80 = EDGE_LOOP ( 'NONE', ( #3837, #428, #2914, #4477, #1172 ) ) ;
#79 = CARTESIAN_POINT ( 'NONE',  ( 7.479999999999999538, 7.479999999999999538, 2.299999999999999822 ) ) ;
#81 = CARTESIAN_POINT ( 'NONE',  ( -5.437493970658000109, -0.8292499487063000885, 13.50750162742999905 ) ) ;
#82 =( LENGTH_UNIT ( ) NAMED_UNIT ( * ) SI_UNIT ( .MILLI., .METRE. ) );
#83 = DIRECTION ( 'NONE',  ( 0.000000000000000000, 0.000000000000000000, -1.000000000000000000 ) ) ;
#84 = DIRECTION ( 'NONE',  ( 0.000000000000000000, 0.000000000000000000, 1.000000000000000000 ) ) ;
#85 = CARTESIAN_POINT ( 'NONE',  ( 8.750000000000000000, 8.750000000000000000, 0.000000000000000000 ) ) ;
#86 = CARTESIAN_POINT ( 'NONE',  ( 6.349999999999999645, 6.349999999999999645, 2.200014624412999886 ) ) ;
#87 = DIRECTION ( 'NONE',  ( 0.1698359795115990112, -0.9854723436318928442, 0.000000000000000000 ) ) ;
#88 = EDGE_LOOP ( 'NONE', ( #2546, #2825, #3413, #625 ) ) ;
#89 = CARTESIAN_POINT ( 'NONE',  ( 4.575000000000000178, -1.452714547247999866, 12.56160292658999822 ) ) ;
#90 = FACE_OUTER_BOUND ( 'NONE', #4406, .T. ) ;
#91 = CYLINDRICAL_SURFACE ( 'NONE', #4074, 4.825000000000000178 ) ;
#92 = ADVANCED_FACE ( 'NONE', ( #3284 ), #3206, .T. ) ;
#93 = ORIENTED_EDGE ( 'NONE', *, *, #65, .T. ) ;
#94 = LINE ( 'NONE', #1439, #151 ) ;
#95 = EDGE_CURVE ( 'NONE', #2121, #3872, #1167, .T. ) ;
#96 = DIRECTION ( 'NONE',  ( 0.000000000000000000, 0.000000000000000000, -1.000000000000000000 ) ) ;
#97 = ORIENTED_EDGE ( 'NONE', *, *, #2635, .F. ) ;
#98 = AXIS2_PLACEMENT_3D ( 'NONE', #2057, #3132, #3417 ) ;
#99 = CIRCLE ( 'NONE', #675, 1.799969025285000024 ) ;
#100 = FILL_AREA_STYLE ('',( #1125 ) ) ;
#101 = SURFACE_STYLE_FILL_AREA ( #1818 ) ;
#102 = DIRECTION ( 'NONE',  ( 0.000000000000000000, 1.000000000000000000, 0.000000000000000000 ) ) ;
#103 = VERTEX_POINT ( 'NONE', #2907 ) ;
#104 = CARTESIAN_POINT ( 'NONE',  ( -1.050000000000000044, 0.000000000000000000, -9.563250000000000028 ) ) ;
#105 = AXIS2_PLACEMENT_3D ( 'NONE', #3980, #1158, #2189 ) ;
#106 = DIRECTION ( 'NONE',  ( 0.000000000000000000, 0.000000000000000000, 1.000000000000000000 ) ) ;
#107 = SURFACE_STYLE_USAGE ( .BOTH. , #1869 ) ;
#108 = VERTEX_POINT ( 'NONE', #2960 ) ;
#109 = CARTESIAN_POINT ( 'NONE',  ( 0.6939740629158999141, -0.1499999999999999944, 10.56499999999999950 ) ) ;
#110 = SURFACE_SIDE_STYLE ('',( #2164 ) ) ;
#111 = DIRECTION ( 'NONE',  ( -1.000000000000000000, 0.000000000000000000, 0.000000000000000000 ) ) ;
#112 = ORIENTED_EDGE ( 'NONE', *, *, #3020, .F. ) ;
#113 = CARTESIAN_POINT ( 'NONE',  ( 4.825000000000000178, 0.000000000000000000, 14.05999999999999872 ) ) ;
#114 = DIRECTION ( 'NONE',  ( 0.000000000000000000, 0.000000000000000000, 1.000000000000000000 ) ) ;
#115 = EDGE_CURVE ( 'NONE', #910, #3318, #3913, .T. ) ;
#116 = FACE_BOUND ( 'NONE', #2239, .T. ) ;
#117 = DIRECTION ( 'NONE',  ( 0.000000000000000000, 0.000000000000000000, -1.000000000000000000 ) ) ;
#119 = ORIENTED_EDGE ( 'NONE', *, *, #4033, .T. ) ;
#118 = CARTESIAN_POINT ( 'NONE',  ( 0.1499999999999999944, 0.6939740629158999141, 14.56499999999999950 ) ) ;
#120 = EDGE_CURVE ( 'NONE', #1618, #4346, #4230, .T. ) ;
#121 = ADVANCED_FACE ( 'NONE', ( #2493 ), #1895, .F. ) ;
#122 = CARTESIAN_POINT ( 'NONE',  ( -5.455275706295999782, -0.7046338391855000438, 14.76459539136999943 ) ) ;
#123 = MECHANICAL_DESIGN_GEOMETRIC_PRESENTATION_REPRESENTATION (  '', ( #3296 ), #1831 ) ;
#124 = ORIENTED_EDGE ( 'NONE', *, *, #3616, .T. ) ;
#125 = ADVANCED_FACE ( 'NONE', ( #3893 ), #2568, .F. ) ;
#126 = FILL_AREA_STYLE ('',( #513 ) ) ;
#127 = VECTOR ( 'NONE', #685, 1000.000000000000000 ) ;
#128 = CARTESIAN_POINT ( 'NONE',  ( -6.349999999999999645, 6.349999999999999645, 0.1999724664463000123 ) ) ;
#129 = AXIS2_PLACEMENT_3D ( 'NONE', #4138, #543, #1996 ) ;
#130 = AXIS2_PLACEMENT_3D ( 'NONE', #4532, #2451, #717 ) ;
#131 = DIRECTION ( 'NONE',  ( 0.000000000000000000, 0.000000000000000000, 1.000000000000000000 ) ) ;
#132 = EDGE_LOOP ( 'NONE', ( #1640, #4459 ) ) ;
#133 = FACE_OUTER_BOUND ( 'NONE', #3895, .T. ) ;
#134 = CARTESIAN_POINT ( 'NONE',  ( 0.000000000000000000, 0.000000000000000000, 15.69630681720000176 ) ) ;
#135 = VECTOR ( 'NONE', #3522, 1000.000000000000000 ) ;
#136 = COLOUR_RGB ( '',1.000000000000000000, 0.8705882352941176627, 0.5294117647058823595 ) ;
#137 = ORIENTED_EDGE ( 'NONE', *, *, #3971, .F. ) ;
#138 = CIRCLE ( 'NONE', #208, 0.9900000000000001021 ) ;
#139 = DIRECTION ( 'NONE',  ( 0.000000000000000000, 0.000000000000000000, -1.000000000000000000 ) ) ;
#140 = CARTESIAN_POINT ( 'NONE',  ( 8.750000000000000000, 7.479999999999999538, 0.000000000000000000 ) ) ;
#141 = CARTESIAN_POINT ( 'NONE',  ( 0.000000000000000000, 0.000000000000000000, -1.199999999999999956 ) ) ;
#142 = VERTEX_POINT ( 'NONE', #2543 ) ;
#143 = COLOUR_RGB ( '',1.000000000000000000, 0.8705882352941176627, 0.5294117647058823595 ) ;
#144 = CARTESIAN_POINT ( 'NONE',  ( -5.500000000000000000, -0.06431611403492999701, 13.07000000000000028 ) ) ;
#145 = ADVANCED_FACE ( 'NONE', ( #1860 ), #1516, .F. ) ;
#146 = STYLED_ITEM ( 'NONE', ( #2465 ), #3258 ) ;
#147 = DIRECTION ( 'NONE',  ( 0.000000000000000000, -0.6131883886701940956, 0.7899367063252922261 ) ) ;
#148 = CYLINDRICAL_SURFACE ( 'NONE', #3463, 1.600000000000000755 ) ;
#149 = VERTEX_POINT ( 'NONE', #227 ) ;
#150 = CARTESIAN_POINT ( 'NONE',  ( -4.575000000000000178, -0.9617718549882106061, 14.08119503557874452 ) ) ;
#151 = VECTOR ( 'NONE', #2858, 1000.000000000000000 ) ;
#152 = FACE_OUTER_BOUND ( 'NONE', #3103, .T. ) ;
#153 = EDGE_CURVE ( 'NONE', #3592, #2129, #2007, .T. ) ;
#154 = DIRECTION ( 'NONE',  ( 1.000000000000000000, 0.000000000000000000, 0.000000000000000000 ) ) ;
#155 = ORIENTED_EDGE ( 'NONE', *, *, #2813, .T. ) ;
#156 = CARTESIAN_POINT ( 'NONE',  ( 0.000000000000000000, 0.000000000000000000, -4.530000000000000249 ) ) ;
#157 = CARTESIAN_POINT ( 'NONE',  ( 0.000000000000000000, 0.000000000000000000, 14.71499999999999986 ) ) ;
#158 = EDGE_CURVE ( 'NONE', #1060, #1367, #2561, .T. ) ;
#159 = ORIENTED_EDGE ( 'NONE', *, *, #2679, .T. ) ;
#160 = DIRECTION ( 'NONE',  ( 0.000000000000000000, 0.000000000000000000, 1.000000000000000000 ) ) ;
#161 = DIRECTION ( 'NONE',  ( 0.000000000000000000, -1.000000000000000000, 0.000000000000000000 ) ) ;
#162 = ORIENTED_EDGE ( 'NONE', *, *, #1240, .F. ) ;
#163 = DIRECTION ( 'NONE',  ( 0.000000000000000000, 0.000000000000000000, 1.000000000000000000 ) ) ;
#164 = CARTESIAN_POINT ( 'NONE',  ( 4.074999999999999289, 0.000000000000000000, 9.889999999999998792 ) ) ;
#165 = ORIENTED_EDGE ( 'NONE', *, *, #851, .T. ) ;
#166 = CARTESIAN_POINT ( 'NONE',  ( -6.349999999999999645, -6.349999999999999645, 0.09998537558667000558 ) ) ;
#167 = ORIENTED_EDGE ( 'NONE', *, *, #4008, .T. ) ;
#168 = DIRECTION ( 'NONE',  ( -1.000000000000000000, 0.000000000000000000, 0.000000000000000000 ) ) ;
#169 = EDGE_CURVE ( 'NONE', #910, #3343, #855, .T. ) ;
#170 = B_SPLINE_CURVE_WITH_KNOTS ( 'NONE', 3,
 ( #46, #2789, #2884, #4181, #3863 ),
 .UNSPECIFIED., .F., .F.,
 ( 4, 1, 4 ),
 ( 0.000000000000000000, 0.3333333333333000081, 0.4999999999012531005 ),
 .UNSPECIFIED. ) ;
#171 = CYLINDRICAL_SURFACE ( 'NONE', #4128, 2.500000000000000444 ) ;
#172 =( GEOMETRIC_REPRESENTATION_CONTEXT ( 3 ) GLOBAL_UNCERTAINTY_ASSIGNED_CONTEXT ( ( #4303 ) ) GLOBAL_UNIT_ASSIGNED_CONTEXT ( ( #2661, #218, #2381 ) ) REPRESENTATION_CONTEXT ( 'NONE', 'WORKASPACE' ) );
#173 = DIRECTION ( 'NONE',  ( 1.000000000000000000, 0.000000000000000000, 0.000000000000000000 ) ) ;
#174 =( LENGTH_UNIT ( ) NAMED_UNIT ( * ) SI_UNIT ( .MILLI., .METRE. ) );
#175 = ORIENTED_EDGE ( 'NONE', *, *, #3048, .F. ) ;
#176 = CARTESIAN_POINT ( 'NONE',  ( -4.647072058422298646, -1.317879053189220162, 11.91819312691081123 ) ) ;
#177 = DIRECTION ( 'NONE',  ( -1.000000000000000000, 0.000000000000000000, 0.000000000000000000 ) ) ;
#178 = PRESENTATION_LAYER_ASSIGNMENT (  '', '', ( #3412 ) ) ;
#179 = EDGE_CURVE ( 'NONE', #2634, #1253, #2995, .T. ) ;
#180 = AXIS2_PLACEMENT_3D ( 'NONE', #3301, #4007, #1566 ) ;
#181 = EDGE_LOOP ( 'NONE', ( #2030, #1244, #2799, #703, #4495 ) ) ;
#182 = DIRECTION ( 'NONE',  ( -1.000000000000000000, 0.000000000000000000, 0.000000000000000000 ) ) ;
#183 = PLANE ( 'NONE',  #209 ) ;
#184 = ADVANCED_FACE ( 'NONE', ( #849 ), #892, .F. ) ;
#185 = CARTESIAN_POINT ( 'NONE',  ( 4.575000000000000178, 1.307171557173999910, 12.82815155481999980 ) ) ;
#186 = ORIENTED_EDGE ( 'NONE', *, *, #786, .T. ) ;
#187 = CARTESIAN_POINT ( 'NONE',  ( -0.6939740629158999141, -0.1499999999999999944, 14.56499999999999950 ) ) ;
#188 = ORIENTED_EDGE ( 'NONE', *, *, #4002, .F. ) ;
#189 = SURFACE_SIDE_STYLE ('',( #3330 ) ) ;
#190 = VERTEX_POINT ( 'NONE', #561 ) ;
#191 = CIRCLE ( 'NONE', #621, 3.550000000000000266 ) ;
#192 = CARTESIAN_POINT ( 'NONE',  ( 8.750000000000000000, -7.479999999999999538, 2.299999999999999822 ) ) ;
#193 = ORIENTED_EDGE ( 'NONE', *, *, #422, .T. ) ;
#194 = DIRECTION ( 'NONE',  ( 1.000000000000000000, 0.000000000000000000, 0.000000000000000000 ) ) ;
#195 =( NAMED_UNIT ( * ) PLANE_ANGLE_UNIT ( ) SI_UNIT ( $, .RADIAN. ) );
#196 = VECTOR ( 'NONE', #2591, 1000.000000000000000 ) ;
#197 = SURFACE_STYLE_FILL_AREA ( #841 ) ;
#198 = AXIS2_PLACEMENT_3D ( 'NONE', #371, #2080, #1793 ) ;
#199 = CIRCLE ( 'NONE', #4458, 0.8832050807568999629 ) ;
#200 = EDGE_CURVE ( 'NONE', #4484, #4301, #3945, .T. ) ;
#201 = ORIENTED_EDGE ( 'NONE', *, *, #3251, .F. ) ;
#202 =( NAMED_UNIT ( * ) SI_UNIT ( $, .STERADIAN. ) SOLID_ANGLE_UNIT ( ) );
#203 = CARTESIAN_POINT ( 'NONE',  ( -1.434238423672000051, -0.1499999999999999944, 14.86500000000000021 ) ) ;
#204 = AXIS2_PLACEMENT_3D ( 'NONE', #1943, #3344, #1583 ) ;
#205 = AXIS2_PLACEMENT_3D ( 'NONE', #2050, #1808, #2762 ) ;
#206 = UNCERTAINTY_MEASURE_WITH_UNIT (LENGTH_MEASURE( 1.000000000000000082E-05 ), #4000, 'distance_accuracy_value', 'NONE');
#207 = EDGE_CURVE ( 'NONE', #323, #1005, #2355, .T. ) ;
#208 = AXIS2_PLACEMENT_3D ( 'NONE', #1508, #2240, #400 ) ;
#209 = AXIS2_PLACEMENT_3D ( 'NONE', #203, #1250, #1984 ) ;
#210 = DIRECTION ( 'NONE',  ( 0.2112676056338054775, 0.9774282576280260981, 0.000000000000000000 ) ) ;
#211 = VERTEX_POINT ( 'NONE', #1237 ) ;
#212 = COLOUR_RGB ( '',1.000000000000000000, 1.000000000000000000, 1.000000000000000000 ) ;
#213 = CARTESIAN_POINT ( 'NONE',  ( -0.7130727625871000619, -0.1499999999999999944, 14.59733324679999988 ) ) ;
#214 = DIRECTION ( 'NONE',  ( 0.000000000000000000, 1.000000000000000000, 0.000000000000000000 ) ) ;
#215 = AXIS2_PLACEMENT_3D ( 'NONE', #1173, #3314, #1933 ) ;
#216 = EDGE_LOOP ( 'NONE', ( #3095, #405, #1741 ) ) ;
#217 = VECTOR ( 'NONE', #4292, 1000.000000000000000 ) ;
#218 =( NAMED_UNIT ( * ) PLANE_ANGLE_UNIT ( ) SI_UNIT ( $, .RADIAN. ) );
#219 = CARTESIAN_POINT ( 'NONE',  ( -6.349999999999999645, -8.149969025284805824, 0.000000000000000000 ) ) ;
#220 = ORIENTED_EDGE ( 'NONE', *, *, #794, .F. ) ;
#221 = CARTESIAN_POINT ( 'NONE',  ( -4.825000000000000178, -0.2821741124829981184, 11.55999999999999872 ) ) ;
#222 = DIRECTION ( 'NONE',  ( 0.000000000000000000, 0.000000000000000000, -1.000000000000000000 ) ) ;
#223 = VERTEX_POINT ( 'NONE', #3408 ) ;
#224 = CARTESIAN_POINT ( 'NONE',  ( 0.000000000000000000, 0.000000000000000000, 7.100002407777000535 ) ) ;
#225 = FACE_OUTER_BOUND ( 'NONE', #2369, .T. ) ;
#226 = EDGE_CURVE ( 'NONE', #4334, #2645, #3326, .T. ) ;
#227 = CARTESIAN_POINT ( 'NONE',  ( 1.039230484540999866, 0.1499999999999999944, 10.56499999999999950 ) ) ;
#228 = EDGE_LOOP ( 'NONE', ( #3969, #3128, #3668 ) ) ;
#229 = DIRECTION ( 'NONE',  ( 0.000000000000000000, 0.000000000000000000, 1.000000000000000000 ) ) ;
#230 = ADVANCED_FACE ( 'NONE', ( #535 ), #2691, .T. ) ;
#231 = ORIENTED_EDGE ( 'NONE', *, *, #2679, .F. ) ;
#232 = CARTESIAN_POINT ( 'NONE',  ( 6.349999999999999645, 6.349999999999999645, 2.299999999999999822 ) ) ;
#233 = B_SPLINE_CURVE_WITH_KNOTS ( 'NONE', 3,
 ( #2437, #1410, #3456, #1337, #3145, #971, #4541 ),
 .UNSPECIFIED., .F., .F.,
 ( 4, 1, 1, 1, 4 ),
 ( 0.000000000000000000, 0.2500000000000000000, 0.5000000000000000000, 0.7500000000000000000, 1.000000000000000000 ),
 .UNSPECIFIED. ) ;
#234 = LINE ( 'NONE', #2770, #1520 ) ;
#235 = SURFACE_STYLE_FILL_AREA ( #4449 ) ;
#236 = ORIENTED_EDGE ( 'NONE', *, *, #903, .T. ) ;
#237 = CIRCLE ( 'NONE', #1569, 1.600000000000000755 ) ;
#238 = CARTESIAN_POINT ( 'NONE',  ( -5.500000000000000000, 0.06431662453828999870, 15.04999999999999893 ) ) ;
#239 = AXIS2_PLACEMENT_3D ( 'NONE', #1143, #2590, #461 ) ;
#240 = ORIENTED_EDGE ( 'NONE', *, *, #2584, .T. ) ;
#241 = FACE_OUTER_BOUND ( 'NONE', #1037, .T. ) ;
#242 = FACE_OUTER_BOUND ( 'NONE', #181, .T. ) ;
#243 = CARTESIAN_POINT ( 'NONE',  ( -6.349999999999999645, 6.349999999999999645, 2.200014624412999886 ) ) ;
#244 = VECTOR ( 'NONE', #2247, 1000.000000000000000 ) ;
#245 = DIRECTION ( 'NONE',  ( 0.000000000000000000, 0.000000000000000000, -1.000000000000000000 ) ) ;
#246 = VERTEX_POINT ( 'NONE', #4439 ) ;
#247 = ADVANCED_FACE ( 'NONE', ( #4397 ), #2607, .T. ) ;
#248 = CARTESIAN_POINT ( 'NONE',  ( 0.000000000000000000, 0.000000000000000000, -3.600000000000000089 ) ) ;
#249 = DIRECTION ( 'NONE',  ( -0.2112676056338054775, -0.9774282576280260981, 0.000000000000000000 ) ) ;
#250 = ADVANCED_FACE ( 'NONE', ( #1567, #4354, #1275, #2295, #3682, #521 ), #1945, .F. ) ;
#251 = CARTESIAN_POINT ( 'NONE',  ( 0.000000000000000000, -1.050000000000000044, -8.400000000000000355 ) ) ;
#252 = DIRECTION ( 'NONE',  ( 1.000000000000000000, 0.000000000000000000, 0.000000000000000000 ) ) ;
#253 = ADVANCED_FACE ( 'NONE', ( #3083 ), #607, .T. ) ;
#254 = ORIENTED_EDGE ( 'NONE', *, *, #4372, .F. ) ;
#255 = DIRECTION ( 'NONE',  ( 0.000000000000000000, 0.000000000000000000, 1.000000000000000000 ) ) ;
#256 = LINE ( 'NONE', #2001, #3407 ) ;
#257 = MECHANICAL_DESIGN_GEOMETRIC_PRESENTATION_REPRESENTATION (  '', ( #2190 ), #4153 ) ;
#258 = DIRECTION ( 'NONE',  ( 0.000000000000000000, -0.9813279757874618925, 0.1923418933484916660 ) ) ;
#259 = ORIENTED_EDGE ( 'NONE', *, *, #2236, .T. ) ;
#260 = DIRECTION ( 'NONE',  ( 0.000000000000000000, 1.000000000000000000, 0.000000000000000000 ) ) ;
#261 = SURFACE_STYLE_FILL_AREA ( #3427 ) ;
#262 = CARTESIAN_POINT ( 'NONE',  ( -1.039230484540999866, -0.1499999999999999944, 14.86500000000000021 ) ) ;
#263 = AXIS2_PLACEMENT_3D ( 'NONE', #1040, #2459, #3856 ) ;
#264 = COLOUR_RGB ( '',1.000000000000000000, 0.8705882352941176627, 0.5294117647058823595 ) ;
#265 = ORIENTED_EDGE ( 'NONE', *, *, #639, .T. ) ;
#266 = CIRCLE ( 'NONE', #1838, 0.7099999999999999645 ) ;
#267 = VECTOR ( 'NONE', #1394, 1000.000000000000000 ) ;
#268 = DIRECTION ( 'NONE',  ( 0.000000000000000000, 0.000000000000000000, 1.000000000000000000 ) ) ;
#269 = AXIS2_PLACEMENT_3D ( 'NONE', #3905, #3569, #1484 ) ;
#270 = CIRCLE ( 'NONE', #2047, 1.599999999999999867 ) ;
#271 = EDGE_LOOP ( 'NONE', ( #1402, #812, #4140 ) ) ;
#272 = DIRECTION ( 'NONE',  ( 1.000000000000000000, 0.000000000000000000, 0.000000000000000000 ) ) ;
#273 = VERTEX_POINT ( 'NONE', #1500 ) ;
#274 = AXIS2_PLACEMENT_3D ( 'NONE', #1779, #1110, #2219 ) ;
#275 = CARTESIAN_POINT ( 'NONE',  ( 7.479999999999999538, 8.750000000000000000, 0.000000000000000000 ) ) ;
#276 = EDGE_CURVE ( 'NONE', #1495, #563, #2523, .T. ) ;
#277 = B_SPLINE_CURVE_WITH_KNOTS ( 'NONE', 3,
 ( #1088, #4200, #2482, #699, #2461, #2070, #3524, #329, #3149, #40, #18, #3571, #4275, #1780 ),
 .UNSPECIFIED., .F., .F.,
 ( 4, 2, 2, 2, 2, 2, 4 ),
 ( -0.002969744656132281609, -0.002227308492099208496, -0.001484872328066137552, -0.0007424361640330666076, -0.0003712180820165324364, -0.0001856090410082660014, 0.000000000000000000 ),
 .UNSPECIFIED. ) ;
#278 = CARTESIAN_POINT ( 'NONE',  ( 0.000000000000000000, 0.000000000000000000, -3.600000000000000089 ) ) ;
#279 = ORIENTED_EDGE ( 'NONE', *, *, #4252, .T. ) ;
#280 = DIRECTION ( 'NONE',  ( 0.000000000000000000, 0.000000000000000000, 1.000000000000000000 ) ) ;
#281 = MECHANICAL_DESIGN_GEOMETRIC_PRESENTATION_REPRESENTATION (  '', ( #2135 ), #1461 ) ;
#282 = EDGE_CURVE ( 'NONE', #103, #4056, #1964, .T. ) ;
#283 = PRESENTATION_LAYER_ASSIGNMENT (  '', '', ( #3608 ) ) ;
#284 = CYLINDRICAL_SURFACE ( 'NONE', #4331, 0.7099999999999999645 ) ;
#285 = VERTEX_POINT ( 'NONE', #2938 ) ;
#286 = DIRECTION ( 'NONE',  ( -0.9481865284974227981, -0.3177141910208074460, 0.000000000000000000 ) ) ;
#287 = VERTEX_POINT ( 'NONE', #4337 ) ;
#288 = PRESENTATION_STYLE_ASSIGNMENT (( #1726 ) ) ;
#289 = LINE ( 'NONE', #262, #907 ) ;
#290 = EDGE_CURVE ( 'NONE', #2964, #211, #390, .T. ) ;
#291 = CARTESIAN_POINT ( 'NONE',  ( 4.575000000000000178, -1.136784378778999960, 14.91712472344999973 ) ) ;
#292 = ORIENTED_EDGE ( 'NONE', *, *, #481, .T. ) ;
#293 = DIRECTION ( 'NONE',  ( -1.000000000000000000, 0.000000000000000000, 0.000000000000000000 ) ) ;
#294 = AXIS2_PLACEMENT_3D ( 'NONE', #2604, #3574, #3617 ) ;
#295 = UNCERTAINTY_MEASURE_WITH_UNIT (LENGTH_MEASURE( 1.000000000000000082E-05 ), #2202, 'distance_accuracy_value', 'NONE');
#296 = ORIENTED_EDGE ( 'NONE', *, *, #514, .F. ) ;
#297 = ORIENTED_EDGE ( 'NONE', *, *, #2635, .T. ) ;
#298 = CYLINDRICAL_SURFACE ( 'NONE', #2600, 5.500000000000000000 ) ;
#299 = FILL_AREA_STYLE ('',( #1769 ) ) ;
#300 = CARTESIAN_POINT ( 'NONE',  ( 4.575000000000000178, 0.000000000000000000, 14.05999999999999872 ) ) ;
#301 = ORIENTED_EDGE ( 'NONE', *, *, #925, .F. ) ;
#302 = EDGE_CURVE ( 'NONE', #3759, #1057, #3917, .T. ) ;
#303 = CARTESIAN_POINT ( 'NONE',  ( 6.349999999999999645, -6.349999999999999645, 0.1999724664463000123 ) ) ;
#304 = CARTESIAN_POINT ( 'NONE',  ( 4.575000000000000178, 0.9715146960295999445, 14.25041847440999909 ) ) ;
#305 = SURFACE_STYLE_FILL_AREA ( #3454 ) ;
#306 = VERTEX_POINT ( 'NONE', #790 ) ;
#307 = EDGE_CURVE ( 'NONE', #2152, #1044, #4232, .T. ) ;
#308 = CARTESIAN_POINT ( 'NONE',  ( 3.850000000000000089, 4.714890176717309515E-16, 0.000000000000000000 ) ) ;
#309 = ORIENTED_EDGE ( 'NONE', *, *, #1371, .T. ) ;
#310 = FACE_OUTER_BOUND ( 'NONE', #499, .T. ) ;
#311 = CARTESIAN_POINT ( 'NONE',  ( 4.199999999999996625, 0.000000000000000000, 17.80000000000000071 ) ) ;
#312 = CARTESIAN_POINT ( 'NONE',  ( -4.646957410391387100, -1.318221208879777340, 16.20154127472555672 ) ) ;
#313 = CONICAL_SURFACE ( 'NONE', #679, 4.137499999999999289, 0.01580146602146591250 ) ;
#314 = EDGE_LOOP ( 'NONE', ( #1956, #1815, #3247, #2424 ) ) ;
#315 = DIRECTION ( 'NONE',  ( 1.000000000000000000, 0.000000000000000000, 0.000000000000000000 ) ) ;
#316 = ADVANCED_FACE ( 'NONE', ( #1909 ), #2036, .F. ) ;
#317 = VERTEX_POINT ( 'NONE', #441 ) ;
#319 = ORIENTED_EDGE ( 'NONE', *, *, #702, .T. ) ;
#318 = CARTESIAN_POINT ( 'NONE',  ( -7.479999999999999538, -8.750000000000000000, 2.299999999999999822 ) ) ;
#320 = FACE_OUTER_BOUND ( 'NONE', #4277, .T. ) ;
#321 = FILL_AREA_STYLE_COLOUR ( '', #1416 ) ;
#322 = CARTESIAN_POINT ( 'NONE',  ( -3.850000000000000089, 0.000000000000000000, 0.000000000000000000 ) ) ;
#323 = VERTEX_POINT ( 'NONE', #4265 ) ;
#324 = DIRECTION ( 'NONE',  ( -1.000000000000000000, 0.000000000000000000, 0.000000000000000000 ) ) ;
#325 =( NAMED_UNIT ( * ) PLANE_ANGLE_UNIT ( ) SI_UNIT ( $, .RADIAN. ) );
#326 = ORIENTED_EDGE ( 'NONE', *, *, #1931, .T. ) ;
#327 = CARTESIAN_POINT ( 'NONE',  ( 0.000000000000000000, 0.000000000000000000, 9.466381805753000478 ) ) ;
#328 =( NAMED_UNIT ( * ) PLANE_ANGLE_UNIT ( ) SI_UNIT ( $, .RADIAN. ) );
#329 = CARTESIAN_POINT ( 'NONE',  ( -0.5339477366323593932, -0.4727968618195585448, -6.194348703770857334 ) ) ;
#330 = ADVANCED_FACE ( 'NONE', ( #2837 ), #3216, .F. ) ;
#331 = AXIS2_PLACEMENT_3D ( 'NONE', #1928, #2631, #503 ) ;
#332 = DIRECTION ( 'NONE',  ( 0.000000000000000000, 0.000000000000000000, 1.000000000000000000 ) ) ;
#333 = PRESENTATION_STYLE_ASSIGNMENT (( #2094 ) ) ;
#334 = EDGE_LOOP ( 'NONE', ( #25, #326, #2336, #2672, #4093, #4493 ) ) ;
#335 = CARTESIAN_POINT ( 'NONE',  ( 4.575000000000000178, 0.000000000000000000, 14.05999999999999872 ) ) ;
#336 = LINE ( 'NONE', #1759, #969 ) ;
#337 = AXIS2_PLACEMENT_3D ( 'NONE', #2494, #410, #3509 ) ;
#338 = EDGE_CURVE ( 'NONE', #3497, #2865, #4517, .T. ) ;
#339 = AXIS2_PLACEMENT_3D ( 'NONE', #3246, #84, #1478 ) ;
#340 = VECTOR ( 'NONE', #214, 1000.000000000000000 ) ;
#341 = ORIENTED_EDGE ( 'NONE', *, *, #1407, .T. ) ;
#343 = VERTEX_POINT ( 'NONE', #54 ) ;
#342 =( NAMED_UNIT ( * ) PLANE_ANGLE_UNIT ( ) SI_UNIT ( $, .RADIAN. ) );
#344 =( LENGTH_UNIT ( ) NAMED_UNIT ( * ) SI_UNIT ( .MILLI., .METRE. ) );
#345 = CIRCLE ( 'NONE', #3004, 5.500000000000000000 ) ;
#346 = STYLED_ITEM ( 'NONE', ( #1083 ), #2492 ) ;
#347 = AXIS2_PLACEMENT_3D ( 'NONE', #2116, #3176, #67 ) ;
#348 = SURFACE_SIDE_STYLE ('',( #1081 ) ) ;
#349 = ORIENTED_EDGE ( 'NONE', *, *, #3557, .T. ) ;
#350 = DIRECTION ( 'NONE',  ( 0.000000000000000000, 0.000000000000000000, 1.000000000000000000 ) ) ;
#351 = CIRCLE ( 'NONE', #1982, 1.599999999999999867 ) ;
#352 = DIRECTION ( 'NONE',  ( 0.000000000000000000, 0.000000000000000000, -1.000000000000000000 ) ) ;
#353 = ORIENTED_EDGE ( 'NONE', *, *, #3947, .F. ) ;
#354 = MECHANICAL_DESIGN_GEOMETRIC_PRESENTATION_REPRESENTATION (  '', ( #3816 ), #2944 ) ;
#355 = CARTESIAN_POINT ( 'NONE',  ( 4.575000000000000178, -1.532970971676000049, 12.42369318280000101 ) ) ;
#356 = EDGE_LOOP ( 'NONE', ( #1711, #2356, #3558, #3455, #2297, #762, #15, #3425 ) ) ;
#357 = PRESENTATION_STYLE_ASSIGNMENT (( #1485 ) ) ;
#358 = COLOUR_RGB ( '',1.000000000000000000, 0.8705882352941176627, 0.5294117647058823595 ) ;
#359 = PRESENTATION_STYLE_ASSIGNMENT (( #3527 ) ) ;
#360 = EDGE_LOOP ( 'NONE', ( #2349, #124, #545, #1431, #376, #666, #220, #3146, #4082, #2949, #2077, #2373 ) ) ;
#361 = LINE ( 'NONE', #1093, #267 ) ;
#362 = DIRECTION ( 'NONE',  ( 0.000000000000000000, 0.000000000000000000, -1.000000000000000000 ) ) ;
#363 = EDGE_CURVE ( 'NONE', #2055, #1309, #415, .T. ) ;
#364 = CARTESIAN_POINT ( 'NONE',  ( 4.825000000000000178, 0.000000000000000000, 16.55999999999999872 ) ) ;
#365 = ORIENTED_EDGE ( 'NONE', *, *, #741, .T. ) ;
#367 = ORIENTED_EDGE ( 'NONE', *, *, #2357, .F. ) ;
#366 = DIRECTION ( 'NONE',  ( 0.000000000000000000, 0.000000000000000000, 1.000000000000000000 ) ) ;
#368 = VERTEX_POINT ( 'NONE', #1948 ) ;
#369 = EDGE_CURVE ( 'NONE', #4536, #3660, #3262, .T. ) ;
#370 = FILL_AREA_STYLE ('',( #321 ) ) ;
#371 = CARTESIAN_POINT ( 'NONE',  ( -6.349999999999999645, -6.349999999999999645, 2.299999999999999822 ) ) ;
#372 = PLANE ( 'NONE',  #3820 ) ;
#373 = ORIENTED_EDGE ( 'NONE', *, *, #1280, .T. ) ;
#374 = FACE_OUTER_BOUND ( 'NONE', #3753, .T. ) ;
#375 = DIRECTION ( 'NONE',  ( -1.000000000000000000, 0.000000000000000000, 0.000000000000000000 ) ) ;
#376 = ORIENTED_EDGE ( 'NONE', *, *, #1053, .F. ) ;
#377 = CARTESIAN_POINT ( 'NONE',  ( 7.950000000000000178, -6.349999999999999645, 0.1999724664463000123 ) ) ;
#378 = DIRECTION ( 'NONE',  ( -1.000000000000000000, 0.000000000000000000, 0.000000000000000000 ) ) ;
#379 = DIRECTION ( 'NONE',  ( 0.000000000000000000, 0.000000000000000000, 1.000000000000000000 ) ) ;
#380 = ORIENTED_EDGE ( 'NONE', *, *, #851, .F. ) ;
#381 = DIRECTION ( 'NONE',  ( 0.000000000000000000, 0.000000000000000000, 1.000000000000000000 ) ) ;
#382 = AXIS2_PLACEMENT_3D ( 'NONE', #986, #3756, #1621 ) ;
#383 = DIRECTION ( 'NONE',  ( 0.000000000000000000, -1.000000000000000000, 0.000000000000000000 ) ) ;
#385 = VERTEX_POINT ( 'NONE', #1617 ) ;
#384 = CYLINDRICAL_SURFACE ( 'NONE', #2197, 5.500000000000000000 ) ;
#386 = AXIS2_PLACEMENT_3D ( 'NONE', #4204, #2466, #3912 ) ;
#387 = EDGE_LOOP ( 'NONE', ( #1735, #2169 ) ) ;
#388 = LINE ( 'NONE', #1817, #2538 ) ;
#389 = CIRCLE ( 'NONE', #3279, 3.850000000000000089 ) ;
#390 = LINE ( 'NONE', #4289, #196 ) ;
#391 = EDGE_CURVE ( 'NONE', #4484, #2968, #2278, .T. ) ;
#392 = CARTESIAN_POINT ( 'NONE',  ( -4.575000000000000178, -1.532970971676000049, 15.69630681720000176 ) ) ;
#393 = ORIENTED_EDGE ( 'NONE', *, *, #1348, .T. ) ;
#394 = DIRECTION ( 'NONE',  ( 1.000000000000000000, 0.000000000000000000, 0.000000000000000000 ) ) ;
#395 = B_SPLINE_CURVE_WITH_KNOTS ( 'NONE', 3,
 ( #727, #89, #1155, #39, #1893, #1854, #3927 ),
 .UNSPECIFIED., .F., .F.,
 ( 4, 1, 1, 1, 4 ),
 ( 0.000000000000000000, 0.2500000000000000000, 0.5000000000000000000, 0.7500000000000000000, 1.000000000000000000 ),
 .UNSPECIFIED. ) ;
#396 = DIRECTION ( 'NONE',  ( -1.000000000000000000, 0.000000000000000000, 0.000000000000000000 ) ) ;
#397 = ADVANCED_FACE ( 'NONE', ( #3395 ), #894, .T. ) ;
#398 = CARTESIAN_POINT ( 'NONE',  ( 5.497713831738000323, 0.1931863069384999743, 13.08258483366000036 ) ) ;
#399 = VERTEX_POINT ( 'NONE', #4497 ) ;
#400 = DIRECTION ( 'NONE',  ( 0.000000000000000000, -0.9813279757874618925, -0.1923418933484916660 ) ) ;
#401 = VERTEX_POINT ( 'NONE', #3350 ) ;
#402 = PRESENTATION_STYLE_ASSIGNMENT (( #4248 ) ) ;
#403 = DIRECTION ( 'NONE',  ( 0.000000000000000000, 0.000000000000000000, 1.000000000000000000 ) ) ;
#404 = DIRECTION ( 'NONE',  ( 0.000000000000000000, -0.7071006970993278795, 0.7071128652214188071 ) ) ;
#405 = ORIENTED_EDGE ( 'NONE', *, *, #1873, .T. ) ;
#406 = CARTESIAN_POINT ( 'NONE',  ( 4.575000000000000178, -1.532970971676000049, 12.08515823419000057 ) ) ;
#407 = FACE_OUTER_BOUND ( 'NONE', #4539, .T. ) ;
#408 = LINE ( 'NONE', #1837, #3108 ) ;
#409 = CARTESIAN_POINT ( 'NONE',  ( 0.000000000000000000, 0.000000000000000000, -1.199999999999999956 ) ) ;
#411 = ORIENTED_EDGE ( 'NONE', *, *, #3020, .T. ) ;
#410 = DIRECTION ( 'NONE',  ( 0.000000000000000000, 0.000000000000000000, 1.000000000000000000 ) ) ;
#412 = AXIS2_PLACEMENT_3D ( 'NONE', #3476, #4147, #4175 ) ;
#413 = VECTOR ( 'NONE', #2879, 1000.000000000000000 ) ;
#414 = DIRECTION ( 'NONE',  ( 0.000000000000000000, 0.000000000000000000, -1.000000000000000000 ) ) ;
#415 = LINE ( 'NONE', #1102, #49 ) ;
#416 = CARTESIAN_POINT ( 'NONE',  ( 4.575000000000000178, 0.000000000000000000, 18.30000000000000071 ) ) ;
#417 = CARTESIAN_POINT ( 'NONE',  ( -4.575000000000000178, 0.000000000000000000, 18.30000000000000071 ) ) ;
#418 = EDGE_LOOP ( 'NONE', ( #785, #2619 ) ) ;
#419 = AXIS2_PLACEMENT_3D ( 'NONE', #864, #3380, #1625 ) ;
#420 = FACE_OUTER_BOUND ( 'NONE', #2580, .T. ) ;
#421 = VECTOR ( 'NONE', #2487, 1000.000000000000000 ) ;
#422 = EDGE_CURVE ( 'NONE', #3259, #3343, #2312, .T. ) ;
#423 = VECTOR ( 'NONE', #774, 1000.000000000000000 ) ;
#424 = AXIS2_PLACEMENT_3D ( 'NONE', #473, #2246, #1183 ) ;
#425 = DIRECTION ( 'NONE',  ( 0.000000000000000000, -1.000000000000000000, 0.000000000000000000 ) ) ;
#426 = ORIENTED_EDGE ( 'NONE', *, *, #804, .F. ) ;
#427 = CYLINDRICAL_SURFACE ( 'NONE', #4400, 1.600000000000000755 ) ;
#428 = ORIENTED_EDGE ( 'NONE', *, *, #3715, .T. ) ;
#429 = FILL_AREA_STYLE_COLOUR ( '', #2936 ) ;
#430 = EDGE_CURVE ( 'NONE', #4428, #2589, #1598, .T. ) ;
#431 = CIRCLE ( 'NONE', #3601, 4.825000000000001066 ) ;
#432 = SURFACE_STYLE_USAGE ( .BOTH. , #1924 ) ;
#433 = AXIS2_PLACEMENT_3D ( 'NONE', #772, #1056, #3566 ) ;
#434 = EDGE_LOOP ( 'NONE', ( #2365, #1911, #1990, #4196, #2558 ) ) ;
#435 = CARTESIAN_POINT ( 'NONE',  ( -4.825000000000000178, 5.908920805885979576E-16, 7.299999999999999822 ) ) ;
#436 = UNCERTAINTY_MEASURE_WITH_UNIT (LENGTH_MEASURE( 1.000000000000000082E-05 ), #827, 'distance_accuracy_value', 'NONE');
#437 = AXIS2_PLACEMENT_3D ( 'NONE', #1283, #2798, #3049 ) ;
#438 = PRESENTATION_STYLE_ASSIGNMENT (( #3602 ) ) ;
#439 = VECTOR ( 'NONE', #464, 1000.000000000000114 ) ;
#440 = DIRECTION ( 'NONE',  ( 0.000000000000000000, 0.000000000000000000, -1.000000000000000000 ) ) ;
#441 = CARTESIAN_POINT ( 'NONE',  ( -1.039230484540999866, -0.1499999999999999944, 10.56499999999999950 ) ) ;
#442 = CARTESIAN_POINT ( 'NONE',  ( 0.1499999999999999944, 0.6939740629158999141, 10.56499999999999950 ) ) ;
#443 = CARTESIAN_POINT ( 'NONE',  ( -4.575000000000000178, -0.9819388371466000187, 14.35273767306000181 ) ) ;
#444 = ORIENTED_EDGE ( 'NONE', *, *, #2243, .F. ) ;
#445 = LINE ( 'NONE', #104, #4404 ) ;
#446 = EDGE_CURVE ( 'NONE', #512, #4039, #924, .T. ) ;
#447 = SURFACE_STYLE_FILL_AREA ( #3609 ) ;
#448 = ORIENTED_EDGE ( 'NONE', *, *, #874, .T. ) ;
#449 = DIRECTION ( 'NONE',  ( 0.000000000000000000, 0.000000000000000000, 1.000000000000000000 ) ) ;
#450 = DIRECTION ( 'NONE',  ( 0.000000000000000000, 0.000000000000000000, 1.000000000000000000 ) ) ;
#451 = EDGE_CURVE ( 'NONE', #1999, #5, #553, .T. ) ;
#452 = EDGE_CURVE ( 'NONE', #3718, #3473, #3328, .T. ) ;
#453 = ORIENTED_EDGE ( 'NONE', *, *, #3922, .T. ) ;
#454 = CARTESIAN_POINT ( 'NONE',  ( 6.349999999999999645, 4.650014629735999883, 2.200014624412999886 ) ) ;
#455 = B_SPLINE_CURVE_WITH_KNOTS ( 'NONE', 3,
 ( #4124, #1724, #1059, #3080, #2024, #4222 ),
 .UNSPECIFIED., .F., .F.,
 ( 4, 1, 1, 4 ),
 ( 0.000000000000000000, 0.3333333333333000081, 0.6666666666667000474, 1.000000000000000000 ),
 .UNSPECIFIED. ) ;
#456 = EDGE_CURVE ( 'NONE', #524, #3606, #3140, .T. ) ;
#457 = CARTESIAN_POINT ( 'NONE',  ( -0.8502457741855999895, 0.1499999999999999944, 14.83064306083000083 ) ) ;
#459 = ORIENTED_EDGE ( 'NONE', *, *, #1492, .F. ) ;
#458 = CARTESIAN_POINT ( 'NONE',  ( 0.000000000000000000, 0.000000000000000000, 10.56499999999999950 ) ) ;
#460 = DIRECTION ( 'NONE',  ( 1.000000000000000000, 0.000000000000000000, 0.000000000000000000 ) ) ;
#461 = DIRECTION ( 'NONE',  ( 0.000000000000000000, -0.9813279757874618925, 0.1923418933484916660 ) ) ;
#462 = CARTESIAN_POINT ( 'NONE',  ( 0.000000000000000000, 0.000000000000000000, -4.599999999999999645 ) ) ;
#463 = CIRCLE ( 'NONE', #3923, 1.599999999999999867 ) ;
#464 = DIRECTION ( 'NONE',  ( 8.659486053775537887E-17, 0.7071006970993278795, 0.7071128652214188071 ) ) ;
#465 = ORIENTED_EDGE ( 'NONE', *, *, #3334, .F. ) ;
#466 = CARTESIAN_POINT ( 'NONE',  ( 0.1499999999999999944, 1.039230484540999866, 10.56499999999999950 ) ) ;
#467 = LINE ( 'NONE', #1890, #4064 ) ;
#468 = CARTESIAN_POINT ( 'NONE',  ( 0.000000000000000000, 0.000000000000000000, 9.889999999999998792 ) ) ;
#469 = VERTEX_POINT ( 'NONE', #3479 ) ;
#470 = DIRECTION ( 'NONE',  ( 0.000000000000000000, 0.000000000000000000, 1.000000000000000000 ) ) ;
#471 = DIRECTION ( 'NONE',  ( -0.9774282576280260981, 0.2112676056338054775, 0.000000000000000000 ) ) ;
#472 = ORIENTED_EDGE ( 'NONE', *, *, #4086, .T. ) ;
#473 = CARTESIAN_POINT ( 'NONE',  ( 6.349999999999999645, 6.349999999999999645, 0.09998537558667000558 ) ) ;
#474 = PRESENTATION_STYLE_ASSIGNMENT (( #2223 ) ) ;
#475 = FACE_OUTER_BOUND ( 'NONE', #1204, .T. ) ;
#476 = UNCERTAINTY_MEASURE_WITH_UNIT (LENGTH_MEASURE( 1.000000000000000082E-05 ), #2261, 'distance_accuracy_value', 'NONE');
#477 = EDGE_CURVE ( 'NONE', #3059, #2121, #1219, .T. ) ;
#478 = CARTESIAN_POINT ( 'NONE',  ( -0.7130425623030000049, 0.1499999999999999944, 14.59728211905999906 ) ) ;
#480 = ORIENTED_EDGE ( 'NONE', *, *, #3580, .F. ) ;
#479 = CARTESIAN_POINT ( 'NONE',  ( 0.1499999999999999944, 0.8703741808410999647, 14.86500000000000021 ) ) ;
#481 = EDGE_CURVE ( 'NONE', #2274, #495, #2272, .T. ) ;
#482 = CARTESIAN_POINT ( 'NONE',  ( -5.412489899784000080, -0.9774262410971998882, 14.25308197658000076 ) ) ;
#483 = DIRECTION ( 'NONE',  ( 0.000000000000000000, 0.000000000000000000, -1.000000000000000000 ) ) ;
#484 = VECTOR ( 'NONE', #1570, 1000.000000000000114 ) ;
#485 = ORIENTED_EDGE ( 'NONE', *, *, #200, .T. ) ;
#486 = DIRECTION ( 'NONE',  ( -1.000000000000000000, 0.000000000000000000, 0.000000000000000000 ) ) ;
#487 = EDGE_CURVE ( 'NONE', #401, #4254, #2035, .T. ) ;
#488 = STYLED_ITEM ( 'NONE', ( #357 ), #1582 ) ;
#489 = PRESENTATION_LAYER_ASSIGNMENT (  '', '', ( #3651 ) ) ;
#490 = CARTESIAN_POINT ( 'NONE',  ( 4.575000000000000178, -0.9715146960295999445, 14.25041847441999998 ) ) ;
#491 = CIRCLE ( 'NONE', #3067, 1.799969025285000024 ) ;
#492 = CIRCLE ( 'NONE', #1292, 4.675000000000000711 ) ;
#493 = B_SPLINE_CURVE_WITH_KNOTS ( 'NONE', 3,
 ( #4417, #609, #2720, #959, #1710, #3060 ),
 .UNSPECIFIED., .F., .F.,
 ( 4, 1, 1, 4 ),
 ( 0.000000000000000000, 0.3333333333333000081, 0.6666666666667000474, 1.000000000000000000 ),
 .UNSPECIFIED. ) ;
#494 = SURFACE_STYLE_USAGE ( .BOTH. , #4059 ) ;
#495 = VERTEX_POINT ( 'NONE', #2167 ) ;
#496 = FACE_OUTER_BOUND ( 'NONE', #4238, .T. ) ;
#497 = CIRCLE ( 'NONE', #2566, 1.600000000000000755 ) ;
#498 = PRODUCT_DEFINITION_SHAPE ( 'NONE', 'NONE',  #1634 ) ;
#499 = EDGE_LOOP ( 'NONE', ( #1682, #1474, #319, #713, #2602, #33, #4418, #3729, #1842, #1404, #259, #4202 ) ) ;
#500 = CARTESIAN_POINT ( 'NONE',  ( 7.479999999999999538, 8.750000000000000000, 2.299999999999999822 ) ) ;
#501 = LINE ( 'NONE', #3035, #1843 ) ;
#502 = CIRCLE ( 'NONE', #3153, 2.350000000000000089 ) ;
#503 = DIRECTION ( 'NONE',  ( 1.000000000000000000, 0.000000000000000000, 0.000000000000000000 ) ) ;
#504 = EDGE_CURVE ( 'NONE', #2098, #3614, #2537, .T. ) ;
#506 = ORIENTED_EDGE ( 'NONE', *, *, #4348, .T. ) ;
#505 = DIRECTION ( 'NONE',  ( 0.9897433186107934544, -0.1428571428570990787, 0.000000000000000000 ) ) ;
#507 = CIRCLE ( 'NONE', #437, 1.599999999999999867 ) ;
#508 = CARTESIAN_POINT ( 'NONE',  ( -5.455276403909000038, -0.7046284270827000151, 13.35539934464000034 ) ) ;
#509 = CARTESIAN_POINT ( 'NONE',  ( 4.575000000000000178, -1.532970971676000049, 15.69630681720000176 ) ) ;
#510 = AXIS2_PLACEMENT_3D ( 'NONE', #815, #2232, #1910 ) ;
#511 = EDGE_CURVE ( 'NONE', #2881, #1755, #2924, .T. ) ;
#512 = VERTEX_POINT ( 'NONE', #3885 ) ;
#513 = FILL_AREA_STYLE_COLOUR ( '', #212 ) ;
#514 = EDGE_CURVE ( 'NONE', #2990, #3573, #3063, .T. ) ;
#515 = VERTEX_POINT ( 'NONE', #4177 ) ;
#516 = DIRECTION ( 'NONE',  ( -1.000000000000000000, 0.000000000000000000, 0.000000000000000000 ) ) ;
#517 = LINE ( 'NONE', #1894, #3187 ) ;
#518 = ORIENTED_EDGE ( 'NONE', *, *, #3333, .F. ) ;
#519 = DIRECTION ( 'NONE',  ( 0.000000000000000000, 0.000000000000000000, -1.000000000000000000 ) ) ;
#520 = DIRECTION ( 'NONE',  ( 0.000000000000000000, 0.000000000000000000, 1.000000000000000000 ) ) ;
#521 = FACE_OUTER_BOUND ( 'NONE', #2787, .T. ) ;
#522 = ORIENTED_EDGE ( 'NONE', *, *, #3421, .F. ) ;
#523 = CARTESIAN_POINT ( 'NONE',  ( 0.000000000000000000, 0.000000000000000000, -4.530000000000000249 ) ) ;
#524 = VERTEX_POINT ( 'NONE', #1436 ) ;
#525 = COLOUR_RGB ( '',1.000000000000000000, 0.8705882352941176627, 0.5294117647058823595 ) ;
#526 = EDGE_CURVE ( 'NONE', #1454, #1787, #42, .T. ) ;
#527 = EDGE_CURVE ( 'NONE', #3872, #3797, #2633, .T. ) ;
#528 = DIRECTION ( 'NONE',  ( 1.000000000000000000, 0.000000000000000000, 0.000000000000000000 ) ) ;
#529 = DIRECTION ( 'NONE',  ( 0.000000000000000000, 0.000000000000000000, -1.000000000000000000 ) ) ;
#530 = ORIENTED_EDGE ( 'NONE', *, *, #771, .T. ) ;
#531 = CARTESIAN_POINT ( 'NONE',  ( -0.1499999999999999944, -0.1499999999999999944, 14.86500000000000021 ) ) ;
#532 = EDGE_CURVE ( 'NONE', #980, #915, #199, .T. ) ;
#533 = ORIENTED_EDGE ( 'NONE', *, *, #169, .F. ) ;
#534 = CARTESIAN_POINT ( 'NONE',  ( 0.000000000000000000, 0.000000000000000000, 14.05999999999999872 ) ) ;
#535 = FACE_OUTER_BOUND ( 'NONE', #4119, .T. ) ;
#537 = EDGE_LOOP ( 'NONE', ( #1527, #12 ) ) ;
#536 = LINE ( 'NONE', #1683, #4522 ) ;
#538 = CARTESIAN_POINT ( 'NONE',  ( 6.349999999999999645, 8.049985370263998519, 2.200014624412999886 ) ) ;
#539 = CARTESIAN_POINT ( 'NONE',  ( 8.750000000000000000, -7.479999999999999538, 2.299999999999999822 ) ) ;
#540 = CONICAL_SURFACE ( 'NONE', #2263, 1.699985370264000206, 0.7853895592358033362 ) ;
#541 = CYLINDRICAL_SURFACE ( 'NONE', #510, 2.500000000000000444 ) ;
#542 = ORIENTED_EDGE ( 'NONE', *, *, #3305, .F. ) ;
#543 = DIRECTION ( 'NONE',  ( 0.000000000000000000, 0.000000000000000000, 1.000000000000000000 ) ) ;
#544 = CARTESIAN_POINT ( 'NONE',  ( 0.000000000000000000, 0.000000000000000000, 10.56499999999999950 ) ) ;
#545 = ORIENTED_EDGE ( 'NONE', *, *, #1310, .T. ) ;
#546 = CARTESIAN_POINT ( 'NONE',  ( -2.350000000000000089, 0.000000000000000000, 15.00000000000000000 ) ) ;
#547 = EDGE_CURVE ( 'NONE', #4039, #824, #3836, .T. ) ;
#548 = CARTESIAN_POINT ( 'NONE',  ( -4.710225702800567404, -1.079546726730897799, 11.78803794882925970 ) ) ;
#549 = AXIS2_PLACEMENT_3D ( 'NONE', #3229, #777, #1366 ) ;
#550 = FACE_OUTER_BOUND ( 'NONE', #2436, .T. ) ;
#551 = CARTESIAN_POINT ( 'NONE',  ( 4.646957410391387988, 1.318221208879778006, 16.20154127472556382 ) ) ;
#552 = STYLED_ITEM ( 'NONE', ( #4426 ), #1704 ) ;
#553 = CIRCLE ( 'NONE', #3512, 1.269999999999999352 ) ;
#554 = VERTEX_POINT ( 'NONE', #1466 ) ;
#555 = EDGE_CURVE ( 'NONE', #2062, #2018, #2508, .T. ) ;
#556 = CARTESIAN_POINT ( 'NONE',  ( -7.479999999999999538, 7.479999999999999538, 0.000000000000000000 ) ) ;
#557 = VECTOR ( 'NONE', #2667, 1000.000000000000000 ) ;
#558 = DIRECTION ( 'NONE',  ( 0.000000000000000000, 0.000000000000000000, 1.000000000000000000 ) ) ;
#559 = AXIS2_PLACEMENT_3D ( 'NONE', #2063, #3468, #4510 ) ;
#560 = STYLED_ITEM ( 'NONE', ( #2992 ), #1497 ) ;
#561 = CARTESIAN_POINT ( 'NONE',  ( -4.749999999999999112, 6.349999999999999645, 0.1999724664463000123 ) ) ;
#562 = ORIENTED_EDGE ( 'NONE', *, *, #555, .F. ) ;
#563 = VERTEX_POINT ( 'NONE', #4546 ) ;
#564 = CIRCLE ( 'NONE', #215, 1.050000000000000044 ) ;
#565 = CARTESIAN_POINT ( 'NONE',  ( 0.000000000000000000, 0.000000000000000000, 10.56499999999999950 ) ) ;
#566 = EDGE_LOOP ( 'NONE', ( #1581, #2728 ) ) ;
#567 = VECTOR ( 'NONE', #1482, 1000.000000000000000 ) ;
#568 =( NAMED_UNIT ( * ) SI_UNIT ( $, .STERADIAN. ) SOLID_ANGLE_UNIT ( ) );
#569 = ORIENTED_EDGE ( 'NONE', *, *, #3971, .T. ) ;
#570 = AXIS2_PLACEMENT_3D ( 'NONE', #166, #3023, #1216 ) ;
#571 = DIRECTION ( 'NONE',  ( -1.000000000000000000, 0.000000000000000000, 0.000000000000000000 ) ) ;
#572 = FACE_OUTER_BOUND ( 'NONE', #1338, .T. ) ;
#573 = CARTESIAN_POINT ( 'NONE',  ( 0.1499999999999999944, 0.1499999999999999944, 14.86500000000000021 ) ) ;
#574 = ORIENTED_EDGE ( 'NONE', *, *, #3354, .T. ) ;
#575 = SURFACE_STYLE_FILL_AREA ( #1226 ) ;
#576 = CARTESIAN_POINT ( 'NONE',  ( -5.422465746999000302, 0.9212467012986000903, 14.43957831651999868 ) ) ;
#577 = EDGE_CURVE ( 'NONE', #368, #2334, #752, .T. ) ;
#578 = VERTEX_POINT ( 'NONE', #1415 ) ;
#579 = FACE_OUTER_BOUND ( 'NONE', #3579, .T. ) ;
#580 = CARTESIAN_POINT ( 'NONE',  ( -4.575000000000000178, 1.532970971675795102, 12.08515823418700919 ) ) ;
#581 = DIRECTION ( 'NONE',  ( -1.000000000000000000, 0.000000000000000000, 0.000000000000000000 ) ) ;
#582 = EDGE_CURVE ( 'NONE', #3573, #287, #1202, .T. ) ;
#583 =( LENGTH_UNIT ( ) NAMED_UNIT ( * ) SI_UNIT ( .MILLI., .METRE. ) );
#584 = VERTEX_POINT ( 'NONE', #1832 ) ;
#585 = DIRECTION ( 'NONE',  ( 0.000000000000000000, 0.000000000000000000, 1.000000000000000000 ) ) ;
#586 = EDGE_CURVE ( 'NONE', #2055, #1463, #2694, .T. ) ;
#587 = ADVANCED_BREP_SHAPE_REPRESENTATION ( 'Connecteur BNC Amphenol RF Femelle Droit', ( #1388, #753 ), #4063 ) ;
#588 = CARTESIAN_POINT ( 'NONE',  ( 0.000000000000000000, 0.000000000000000000, 10.56499999999999950 ) ) ;
#589 = VERTEX_POINT ( 'NONE', #3502 ) ;
#590 = SURFACE_STYLE_FILL_AREA ( #3397 ) ;
#591 = ORIENTED_EDGE ( 'NONE', *, *, #3557, .F. ) ;
#592 = CARTESIAN_POINT ( 'NONE',  ( -4.825000000000000178, 5.908920805885979576E-16, 2.864999999999999769 ) ) ;
#593 = CARTESIAN_POINT ( 'NONE',  ( 0.1499999999999999944, 0.6939740629158999141, 10.56499999999999950 ) ) ;
#594 = DIRECTION ( 'NONE',  ( 1.000000000000000000, 0.000000000000000000, 0.000000000000000000 ) ) ;
#595 = ORIENTED_EDGE ( 'NONE', *, *, #2357, .T. ) ;
#596 = DIRECTION ( 'NONE',  ( -1.000000000000000000, 0.000000000000000000, 0.000000000000000000 ) ) ;
#597 = AXIS2_PLACEMENT_3D ( 'NONE', #616, #3845, #687 ) ;
#598 = AXIS2_PLACEMENT_3D ( 'NONE', #86, #2476, #2085 ) ;
#599 = CARTESIAN_POINT ( 'NONE',  ( -5.455275965784000647, 0.7046318312604998857, 14.76459735299999920 ) ) ;
#600 = CARTESIAN_POINT ( 'NONE',  ( 0.000000000000000000, 0.000000000000000000, -1.000000000000000000 ) ) ;
#601 = CIRCLE ( 'NONE', #4131, 1.269999999999999352 ) ;
#602 = VERTEX_POINT ( 'NONE', #1754 ) ;
#603 = DIRECTION ( 'NONE',  ( -1.000000000000000000, 0.000000000000000000, 0.000000000000000000 ) ) ;
#604 = PRESENTATION_STYLE_ASSIGNMENT (( #1339 ) ) ;
#605 = SURFACE_STYLE_FILL_AREA ( #2717 ) ;
#606 = VECTOR ( 'NONE', #1630, 1000.000000000000114 ) ;
#607 = CYLINDRICAL_SURFACE ( 'NONE', #2269, 1.050000000000000044 ) ;
#608 = VERTEX_POINT ( 'NONE', #1392 ) ;
#609 = CARTESIAN_POINT ( 'NONE',  ( -0.1499999999999999944, -0.7130425623030000049, 14.59728211905999906 ) ) ;
#610 = ADVANCED_FACE ( 'NONE', ( #2805 ), #1121, .T. ) ;
#611 = UNCERTAINTY_MEASURE_WITH_UNIT (LENGTH_MEASURE( 1.000000000000000082E-05 ), #3817, 'distance_accuracy_value', 'NONE');
#612 = EDGE_LOOP ( 'NONE', ( #411, #530, #819, #1790 ) ) ;
#613 = CARTESIAN_POINT ( 'NONE',  ( -0.02969339267162443216, -1.051229493599962206, -7.784085291288267427 ) ) ;
#614 = ORIENTED_EDGE ( 'NONE', *, *, #4079, .T. ) ;
#615 = ADVANCED_FACE ( 'NONE', ( #4184 ), #384, .T. ) ;
#616 = CARTESIAN_POINT ( 'NONE',  ( 6.349999999999999645, -6.349999999999999645, 2.100027533553999959 ) ) ;
#617 = CARTESIAN_POINT ( 'NONE',  ( 4.575000000000000178, -0.9617718549885678758, 14.03880496207788653 ) ) ;
#618 = CARTESIAN_POINT ( 'NONE',  ( 4.749999999999999112, 6.349999999999999645, 2.100027533553999959 ) ) ;
#619 = ORIENTED_EDGE ( 'NONE', *, *, #847, .F. ) ;
#620 = CARTESIAN_POINT ( 'NONE',  ( 4.575000000000000178, 1.020431101687000019, 14.56678301038000001 ) ) ;
#621 = AXIS2_PLACEMENT_3D ( 'NONE', #141, #3619, #3556 ) ;
#622 = CARTESIAN_POINT ( 'NONE',  ( -3.550000000000000266, 0.000000000000000000, -1.199999999999999956 ) ) ;
#623 = COLOUR_RGB ( '',1.000000000000000000, 0.8705882352941176627, 0.5294117647058823595 ) ;
#624 = CARTESIAN_POINT ( 'NONE',  ( 5.437493970658000109, 0.8292499487063000885, 14.61249837256999839 ) ) ;
#625 = ORIENTED_EDGE ( 'NONE', *, *, #1636, .T. ) ;
#626 = FACE_OUTER_BOUND ( 'NONE', #3050, .T. ) ;
#627 = FILL_AREA_STYLE ('',( #3457 ) ) ;
#628 = CARTESIAN_POINT ( 'NONE',  ( -6.349999999999999645, -6.349999999999999645, 0.000000000000000000 ) ) ;
#629 = VECTOR ( 'NONE', #4199, 1000.000000000000000 ) ;
#630 = VECTOR ( 'NONE', #379, 1000.000000000000000 ) ;
#631 = DIRECTION ( 'NONE',  ( 0.000000000000000000, 0.000000000000000000, -1.000000000000000000 ) ) ;
#632 = ORIENTED_EDGE ( 'NONE', *, *, #3389, .T. ) ;
#633 = LINE ( 'NONE', #2421, #3657 ) ;
#634 = AXIS2_PLACEMENT_3D ( 'NONE', #416, #55, #1449 ) ;
#635 = VECTOR ( 'NONE', #1555, 1000.000000000000114 ) ;
#636 = CARTESIAN_POINT ( 'NONE',  ( 0.000000000000000000, 0.000000000000000000, -1.625000000000000000 ) ) ;
#637 = CIRCLE ( 'NONE', #3141, 4.488675134594998894 ) ;
#638 = AXIS2_PLACEMENT_3D ( 'NONE', #4168, #1015, #1287 ) ;
#639 = EDGE_CURVE ( 'NONE', #3420, #1999, #2811, .T. ) ;
#640 = EDGE_LOOP ( 'NONE', ( #1703, #897 ) ) ;
#641 = ORIENTED_EDGE ( 'NONE', *, *, #3101, .T. ) ;
#642 = VERTEX_POINT ( 'NONE', #761 ) ;
#643 = AXIS2_PLACEMENT_3D ( 'NONE', #156, #1648, #3320 ) ;
#644 = CARTESIAN_POINT ( 'NONE',  ( -0.6817524290910820239, 0.8054749683677734362, -5.927521986406082632 ) ) ;
#645 = CARTESIAN_POINT ( 'NONE',  ( -7.479999999999999538, 8.750000000000000000, 2.299999999999999822 ) ) ;
#646 = EDGE_CURVE ( 'NONE', #2964, #3718, #3868, .T. ) ;
#647 = LINE ( 'NONE', #2060, #710 ) ;
#648 = CARTESIAN_POINT ( 'NONE',  ( -4.575000000000000178, 1.136782877084999921, 14.91712012734000048 ) ) ;
#649 = ORIENTED_EDGE ( 'NONE', *, *, #2971, .T. ) ;
#650 = DIRECTION ( 'NONE',  ( -1.000000000000000000, 0.000000000000000000, 0.000000000000000000 ) ) ;
#651 = CARTESIAN_POINT ( 'NONE',  ( 4.710261831077583672, -1.079155759773043233, 11.78797070427368787 ) ) ;
#652 = VECTOR ( 'NONE', #3758, 1000.000000000000227 ) ;
#653 = ADVANCED_FACE ( 'NONE', ( #4524 ), #739, .F. ) ;
#654 = CIRCLE ( 'NONE', #2294, 1.600000000000000755 ) ;
#655 =( NAMED_UNIT ( * ) PLANE_ANGLE_UNIT ( ) SI_UNIT ( $, .RADIAN. ) );
#656 = ORIENTED_EDGE ( 'NONE', *, *, #2603, .T. ) ;
#657 = CARTESIAN_POINT ( 'NONE',  ( -6.349999999999999645, -4.550030974714863063, 2.299999999999999822 ) ) ;
#658 = ORIENTED_EDGE ( 'NONE', *, *, #1256, .F. ) ;
#659 = SURFACE_STYLE_FILL_AREA ( #627 ) ;
#660 = FACE_OUTER_BOUND ( 'NONE', #2470, .T. ) ;
#661 = CARTESIAN_POINT ( 'NONE',  ( 0.000000000000000000, 0.000000000000000000, -8.400000000000000355 ) ) ;
#662 = ORIENTED_EDGE ( 'NONE', *, *, #1534, .T. ) ;
#663 = CARTESIAN_POINT ( 'NONE',  ( -7.479999999999999538, 8.750000000000000000, 0.000000000000000000 ) ) ;
#664 = B_SPLINE_CURVE_WITH_KNOTS ( 'NONE', 3,
 ( #4, #1397, #706, #2860, #2126, #364 ),
 .UNSPECIFIED., .F., .F.,
 ( 4, 2, 4 ),
 ( -0.001667084814084844992, -0.0008335424070424226044, 2.168404344971008868E-19 ),
 .UNSPECIFIED. ) ;
#665 = ORIENTED_EDGE ( 'NONE', *, *, #3341, .T. ) ;
#666 = ORIENTED_EDGE ( 'NONE', *, *, #1144, .T. ) ;
#667 = CARTESIAN_POINT ( 'NONE',  ( -0.4067769952799473732, 0.9699204917959000083, -6.457860782959504498 ) ) ;
#668 = FILL_AREA_STYLE ('',( #1033 ) ) ;
#669 = ORIENTED_EDGE ( 'NONE', *, *, #1905, .T. ) ;
#670 = DIRECTION ( 'NONE',  ( 0.000000000000000000, -0.9813279757874618925, 0.1923418933484916660 ) ) ;
#671 = EDGE_CURVE ( 'NONE', #792, #2245, #2151, .T. ) ;
#672 = DIRECTION ( 'NONE',  ( -1.000000000000000000, 0.000000000000000000, 0.000000000000000000 ) ) ;
#673 = VERTEX_POINT ( 'NONE', #2102 ) ;
#674 = DIRECTION ( 'NONE',  ( 1.000000000000000000, 0.000000000000000000, 0.000000000000000000 ) ) ;
#675 = AXIS2_PLACEMENT_3D ( 'NONE', #4446, #4137, #4116 ) ;
#676 = EDGE_CURVE ( 'NONE', #2332, #1259, #707, .T. ) ;
#677 = FACE_OUTER_BOUND ( 'NONE', #566, .T. ) ;
#678 = CARTESIAN_POINT ( 'NONE',  ( -4.575000000000000178, -0.9715146960295999445, 13.86958152558000101 ) ) ;
#679 = AXIS2_PLACEMENT_3D ( 'NONE', #3489, #30, #3539 ) ;
#680 = FACE_OUTER_BOUND ( 'NONE', #2745, .T. ) ;
#681 = ORIENTED_EDGE ( 'NONE', *, *, #2455, .F. ) ;
#682 = DIRECTION ( 'NONE',  ( 1.000000000000000000, 0.000000000000000000, 0.000000000000000000 ) ) ;
#683 = AXIS2_PLACEMENT_3D ( 'NONE', #1653, #2330, #4457 ) ;
#684 = ORIENTED_EDGE ( 'NONE', *, *, #3390, .T. ) ;
#686 = EDGE_LOOP ( 'NONE', ( #2082, #1929, #4216, #691 ) ) ;
#685 = DIRECTION ( 'NONE',  ( 0.000000000000000000, 0.000000000000000000, 1.000000000000000000 ) ) ;
#687 = DIRECTION ( 'NONE',  ( -1.000000000000000000, 0.000000000000000000, 0.000000000000000000 ) ) ;
#688 = B_SPLINE_CURVE_WITH_KNOTS ( 'NONE', 3,
 ( #4490, #2000, #2345, #1649, #620, #3469, #304 ),
 .UNSPECIFIED., .F., .F.,
 ( 4, 1, 1, 1, 4 ),
 ( 0.000000000000000000, 0.2500000000000000000, 0.5000000000000000000, 0.7500000000000000000, 1.000000000000000000 ),
 .UNSPECIFIED. ) ;
#689 = CARTESIAN_POINT ( 'NONE',  ( 0.7130425623030000049, -0.1499999999999999944, 14.59728211905999906 ) ) ;
#690 = LINE ( 'NONE', #1820, #217 ) ;
#691 = ORIENTED_EDGE ( 'NONE', *, *, #794, .T. ) ;
#692 = LINE ( 'NONE', #1695, #1008 ) ;
#693 = CARTESIAN_POINT ( 'NONE',  ( 6.349999999999999645, 6.349999999999999645, 2.100027533553999959 ) ) ;
#694 = EDGE_CURVE ( 'NONE', #385, #401, #4445, .T. ) ;
#695 = DIRECTION ( 'NONE',  ( 0.000000000000000000, 0.000000000000000000, 1.000000000000000000 ) ) ;
#696 = ORIENTED_EDGE ( 'NONE', *, *, #2158, .F. ) ;
#697 = SURFACE_SIDE_STYLE ('',( #2802 ) ) ;
#698 = CARTESIAN_POINT ( 'NONE',  ( -0.7099999999999999645, 0.000000000000000000, -5.884624424521483377 ) ) ;
#699 = CARTESIAN_POINT ( 'NONE',  ( -0.09227154114479124702, -0.7049447000472391922, -7.431368549663364576 ) ) ;
#700 = AXIS2_PLACEMENT_3D ( 'NONE', #3210, #742, #3622 ) ;
#701 = SURFACE_STYLE_FILL_AREA ( #3858 ) ;
#702 = EDGE_CURVE ( 'NONE', #211, #642, #3298, .T. ) ;
#703 = ORIENTED_EDGE ( 'NONE', *, *, #2848, .F. ) ;
#704 = CARTESIAN_POINT ( 'NONE',  ( 0.8502755931665999523, 0.1499999999999999944, 14.83069395849000038 ) ) ;
#705 = CARTESIAN_POINT ( 'NONE',  ( 2.350000000000000089, -2.877919977996279827E-16, -4.530000000000000249 ) ) ;
#706 = CARTESIAN_POINT ( 'NONE',  ( 4.710225702800570069, -1.079546726730889139, 16.33196205117074840 ) ) ;
#707 = CIRCLE ( 'NONE', #2845, 1.269999999999999352 ) ;
#708 = UNCERTAINTY_MEASURE_WITH_UNIT (LENGTH_MEASURE( 1.000000000000000082E-05 ), #2841, 'distance_accuracy_value', 'NONE');
#709 = ADVANCED_FACE ( 'NONE', ( #4283 ), #2175, .T. ) ;
#710 = VECTOR ( 'NONE', #1622, 1000.000000000000000 ) ;
#711 = AXIS2_PLACEMENT_3D ( 'NONE', #588, #2011, #249 ) ;
#712 = EDGE_LOOP ( 'NONE', ( #748, #3537, #1027, #1489 ) ) ;
#713 = ORIENTED_EDGE ( 'NONE', *, *, #1698, .T. ) ;
#714 = CONICAL_SURFACE ( 'NONE', #3444, 0.3659831962560999852, 1.047197551196400456 ) ;
#715 = PRESENTATION_LAYER_ASSIGNMENT (  '', '', ( #2703 ) ) ;
#716 = DIRECTION ( 'NONE',  ( 1.000000000000000000, 0.000000000000000000, 0.000000000000000000 ) ) ;
#717 = DIRECTION ( 'NONE',  ( 1.000000000000000000, 0.000000000000000000, 0.000000000000000000 ) ) ;
#718 = STYLED_ITEM ( 'NONE', ( #604 ), #1517 ) ;
#719 = FILL_AREA_STYLE ('',( #3920 ) ) ;
#720 = VERTEX_POINT ( 'NONE', #3207 ) ;
#721 = CYLINDRICAL_SURFACE ( 'NONE', #1084, 1.269999999999999352 ) ;
#722 = PRESENTATION_LAYER_ASSIGNMENT (  '', '', ( #3737 ) ) ;
#723 = CARTESIAN_POINT ( 'NONE',  ( 5.500000000000000000, 0.000000000000000000, 13.07000000000000028 ) ) ;
#724 = LINE ( 'NONE', #3629, #3811 ) ;
#725 = ORIENTED_EDGE ( 'NONE', *, *, #4305, .T. ) ;
#726 = PRESENTATION_LAYER_ASSIGNMENT (  '', '', ( #1925 ) ) ;
#727 = CARTESIAN_POINT ( 'NONE',  ( 4.575000000000000178, -1.532970971676000049, 12.42369318280000101 ) ) ;
#728 = CARTESIAN_POINT ( 'NONE',  ( -4.750000000000000000, -6.349999999999999645, 0.000000000000000000 ) ) ;
#729 = EDGE_CURVE ( 'NONE', #1259, #3759, #3865, .T. ) ;
#730 = STYLED_ITEM ( 'NONE', ( #1171 ), #3186 ) ;
#731 = CARTESIAN_POINT ( 'NONE',  ( -5.500000000000000000, 0.000000000000000000, 18.30000000000000071 ) ) ;
#732 = EDGE_LOOP ( 'NONE', ( #480, #3590 ) ) ;
#733 = LINE ( 'NONE', #1418, #1073 ) ;
#734 = CARTESIAN_POINT ( 'NONE',  ( 4.137499999999999289, 0.000000000000000000, 13.84499999999999886 ) ) ;
#735 = DIRECTION ( 'NONE',  ( 0.000000000000000000, 0.000000000000000000, 1.000000000000000000 ) ) ;
#736 = ADVANCED_FACE ( 'NONE', ( #26 ), #1734, .T. ) ;
#737 = MECHANICAL_DESIGN_GEOMETRIC_PRESENTATION_REPRESENTATION (  '', ( #4345 ), #2958 ) ;
#738 = FACE_OUTER_BOUND ( 'NONE', #3098, .T. ) ;
#740 = EDGE_LOOP ( 'NONE', ( #836, #3167, #380, #1271, #2982 ) ) ;
#739 = PLANE ( 'NONE',  #1365 ) ;
#741 = EDGE_CURVE ( 'NONE', #1193, #980, #1142, .T. ) ;
#742 = DIRECTION ( 'NONE',  ( 0.000000000000000000, 0.000000000000000000, 1.000000000000000000 ) ) ;
#743 = DIRECTION ( 'NONE',  ( 1.000000000000000000, 0.000000000000000000, 0.000000000000000000 ) ) ;
#744 = DIRECTION ( 'NONE',  ( 0.000000000000000000, 0.000000000000000000, 1.000000000000000000 ) ) ;
#745 = ORIENTED_EDGE ( 'NONE', *, *, #3411, .F. ) ;
#746 = CARTESIAN_POINT ( 'NONE',  ( -4.646957410391340915, 1.318221208879915674, 11.91845872527454731 ) ) ;
#747 = CARTESIAN_POINT ( 'NONE',  ( 4.488675134594372729, 0.000000000000000000, 18.30000000000000071 ) ) ;
#748 = ORIENTED_EDGE ( 'NONE', *, *, #532, .F. ) ;
#749 = CARTESIAN_POINT ( 'NONE',  ( -6.349999999999999645, -7.950000000000000178, 2.100027533553999959 ) ) ;
#750 = VERTEX_POINT ( 'NONE', #1903 ) ;
#751 = LINE ( 'NONE', #2828, #3635 ) ;
#752 = LINE ( 'NONE', #4201, #413 ) ;
#753 = AXIS2_PLACEMENT_3D ( 'NONE', #2520, #4211, #460 ) ;
#754 = ORIENTED_EDGE ( 'NONE', *, *, #804, .T. ) ;
#755 = CARTESIAN_POINT ( 'NONE',  ( 0.1499999999999999944, -0.6939740629158999141, 10.56499999999999950 ) ) ;
#756 = DIRECTION ( 'NONE',  ( 0.000000000000000000, -0.7071006970993278795, 0.7071128652214188071 ) ) ;
#757 = CARTESIAN_POINT ( 'NONE',  ( -0.6939740629158999141, -0.1499999999999999944, 10.56499999999999950 ) ) ;
#758 = VECTOR ( 'NONE', #4016, 1000.000000000000000 ) ;
#759 = FACE_OUTER_BOUND ( 'NONE', #4191, .T. ) ;
#760 = EDGE_CURVE ( 'NONE', #399, #149, #998, .T. ) ;
#762 = ORIENTED_EDGE ( 'NONE', *, *, #3861, .T. ) ;
#761 = CARTESIAN_POINT ( 'NONE',  ( 0.6939740629158999141, 0.1499999999999999944, 10.56499999999999950 ) ) ;
#763 = CIRCLE ( 'NONE', #2977, 0.8832050807568999629 ) ;
#764 = CONICAL_SURFACE ( 'NONE', #1650, 1.699985370264000206, 0.7853895592358033362 ) ;
#765 = SURFACE_STYLE_USAGE ( .BOTH. , #2911 ) ;
#766 = SURFACE_STYLE_USAGE ( .BOTH. , #2450 ) ;
#767 = EDGE_CURVE ( 'NONE', #1454, #792, #4398, .T. ) ;
#768 = CARTESIAN_POINT ( 'NONE',  ( -4.575000000000000178, -0.9715146960295999445, 14.25041847440999909 ) ) ;
#769 = ORIENTED_EDGE ( 'NONE', *, *, #4102, .F. ) ;
#770 = SURFACE_STYLE_FILL_AREA ( #34 ) ;
#771 = EDGE_CURVE ( 'NONE', #3564, #142, #3701, .T. ) ;
#772 = CARTESIAN_POINT ( 'NONE',  ( 6.349999999999999645, -6.349999999999999645, 2.100027533553999959 ) ) ;
#773 = ORIENTED_EDGE ( 'NONE', *, *, #1174, .T. ) ;
#774 = DIRECTION ( 'NONE',  ( 0.000000000000000000, 0.000000000000000000, 1.000000000000000000 ) ) ;
#775 =( NAMED_UNIT ( * ) PLANE_ANGLE_UNIT ( ) SI_UNIT ( $, .RADIAN. ) );
#776 = DIRECTION ( 'NONE',  ( 1.000000000000000000, 0.000000000000000000, 0.000000000000000000 ) ) ;
#777 = DIRECTION ( 'NONE',  ( 0.000000000000000000, 0.000000000000000000, 1.000000000000000000 ) ) ;
#778 = ORIENTED_EDGE ( 'NONE', *, *, #960, .F. ) ;
#779 = LINE ( 'NONE', #2193, #1297 ) ;
#780 = SURFACE_STYLE_FILL_AREA ( #3233 ) ;
#781 = VECTOR ( 'NONE', #2251, 1000.000000000000000 ) ;
#782 = CARTESIAN_POINT ( 'NONE',  ( 6.349999999999999645, 6.349999999999999645, 2.200014624412999886 ) ) ;
#783 = AXIS2_PLACEMENT_3D ( 'NONE', #1448, #814, #2230 ) ;
#785 = ORIENTED_EDGE ( 'NONE', *, *, #1980, .T. ) ;
#784 = DIRECTION ( 'NONE',  ( 0.000000000000000000, -1.000000000000000000, 0.000000000000000000 ) ) ;
#786 = EDGE_CURVE ( 'NONE', #2723, #3208, #536, .T. ) ;
#787 = STYLED_ITEM ( 'NONE', ( #886 ), #1616 ) ;
#788 = AXIS2_PLACEMENT_3D ( 'NONE', #3578, #3937, #3183 ) ;
#789 = SURFACE_SIDE_STYLE ('',( #1498 ) ) ;
#790 = CARTESIAN_POINT ( 'NONE',  ( -4.575000000000000178, 0.9715146960295999445, 14.25041847440999909 ) ) ;
#791 = DIRECTION ( 'NONE',  ( 1.000000000000000000, 0.000000000000000000, 0.000000000000000000 ) ) ;
#792 = VERTEX_POINT ( 'NONE', #3770 ) ;
#793 = CIRCLE ( 'NONE', #2567, 0.7099999999999999645 ) ;
#794 = EDGE_CURVE ( 'NONE', #3022, #246, #2565, .T. ) ;
#795 = CARTESIAN_POINT ( 'NONE',  ( 5.500000000000000000, 0.000000000000000000, 15.04999999999999893 ) ) ;
#796 = MECHANICAL_DESIGN_GEOMETRIC_PRESENTATION_REPRESENTATION (  '', ( #1151 ), #3735 ) ;
#797 = AXIS2_PLACEMENT_3D ( 'NONE', #1565, #1610, #3012 ) ;
#798 = PLANE ( 'NONE',  #130 ) ;
#799 = FACE_OUTER_BOUND ( 'NONE', #2203, .T. ) ;
#800 = ORIENTED_EDGE ( 'NONE', *, *, #3389, .F. ) ;
#801 = CARTESIAN_POINT ( 'NONE',  ( 0.000000000000000000, 0.000000000000000000, 10.56499999999999950 ) ) ;
#802 = DIRECTION ( 'NONE',  ( 0.000000000000000000, 1.000000000000000000, 0.000000000000000000 ) ) ;
#803 = STYLED_ITEM ( 'NONE', ( #1018 ), #2656 ) ;
#804 = EDGE_CURVE ( 'NONE', #3564, #3467, #1370, .T. ) ;
#805 = VERTEX_POINT ( 'NONE', #3018 ) ;
#806 = FACE_OUTER_BOUND ( 'NONE', #4185, .T. ) ;
#807 = FACE_OUTER_BOUND ( 'NONE', #3707, .T. ) ;
#808 = UNCERTAINTY_MEASURE_WITH_UNIT (LENGTH_MEASURE( 1.000000000000000082E-05 ), #2472, 'distance_accuracy_value', 'NONE');
#809 = CONICAL_SURFACE ( 'NONE', #3383, 1.699985370264000206, 0.7853895592358033362 ) ;
#810 = DIRECTION ( 'NONE',  ( 1.000000000000000000, 0.000000000000000000, 0.000000000000000000 ) ) ;
#811 = CIRCLE ( 'NONE', #2950, 1.599999999999999867 ) ;
#812 = ORIENTED_EDGE ( 'NONE', *, *, #3634, .T. ) ;
#813 = CARTESIAN_POINT ( 'NONE',  ( -5.422465500975000019, -0.9212481366007001515, 14.43957491382000136 ) ) ;
#814 = DIRECTION ( 'NONE',  ( 0.000000000000000000, 0.000000000000000000, -1.000000000000000000 ) ) ;
#815 = CARTESIAN_POINT ( 'NONE',  ( 4.825000000000000178, 0.000000000000000000, 14.05999999999999872 ) ) ;
#816 = ORIENTED_EDGE ( 'NONE', *, *, #1952, .T. ) ;
#817 = CARTESIAN_POINT ( 'NONE',  ( 0.000000000000000000, 1.050000000000000044, -8.400000000000000355 ) ) ;
#818 = LINE ( 'NONE', #3196, #567 ) ;
#819 = ORIENTED_EDGE ( 'NONE', *, *, #3884, .T. ) ;
#820 = EDGE_CURVE ( 'NONE', #1787, #1276, #493, .T. ) ;
#821 = CARTESIAN_POINT ( 'NONE',  ( 0.6939740629158999141, -0.1499999999999999944, 10.56499999999999950 ) ) ;
#822 = FILL_AREA_STYLE_COLOUR ( '', #2048 ) ;
#823 = CARTESIAN_POINT ( 'NONE',  ( 0.000000000000000000, 0.000000000000000000, -4.530000000000000249 ) ) ;
#824 = VERTEX_POINT ( 'NONE', #2671 ) ;
#825 = DIRECTION ( 'NONE',  ( 1.000000000000000000, 0.000000000000000000, 0.000000000000000000 ) ) ;
#826 = EDGE_CURVE ( 'NONE', #3711, #1333, #1222, .T. ) ;
#827 =( LENGTH_UNIT ( ) NAMED_UNIT ( * ) SI_UNIT ( .MILLI., .METRE. ) );
#828 = CARTESIAN_POINT ( 'NONE',  ( -6.349999999999999645, -6.349999999999999645, 2.200014624412999886 ) ) ;
#830 = ORIENTED_EDGE ( 'NONE', *, *, #3495, .T. ) ;
#829 = CARTESIAN_POINT ( 'NONE',  ( 0.1499999999999999944, 0.8502457741855999895, 14.83064306083000083 ) ) ;
#831 = MECHANICAL_DESIGN_GEOMETRIC_PRESENTATION_REPRESENTATION (  '', ( #4361 ), #1874 ) ;
#832 = STYLED_ITEM ( 'NONE', ( #3826 ), #3796 ) ;
#833 = CARTESIAN_POINT ( 'NONE',  ( -5.497713831738000323, -0.1931863069384999743, 15.03741516633999886 ) ) ;
#834 =( NAMED_UNIT ( * ) SI_UNIT ( $, .STERADIAN. ) SOLID_ANGLE_UNIT ( ) );
#835 = AXIS2_PLACEMENT_3D ( 'NONE', #2961, #3266, #4356 ) ;
#836 = ORIENTED_EDGE ( 'NONE', *, *, #3394, .T. ) ;
#837 = DIRECTION ( 'NONE',  ( 0.000000000000000000, 0.000000000000000000, 1.000000000000000000 ) ) ;
#838 = CARTESIAN_POINT ( 'NONE',  ( -1.050000000000000044, 0.000000000000000000, -3.600000000000000089 ) ) ;
#839 = DIRECTION ( 'NONE',  ( 0.000000000000000000, 1.000000000000000000, 0.000000000000000000 ) ) ;
#840 = ORIENTED_EDGE ( 'NONE', *, *, #1096, .T. ) ;
#841 = FILL_AREA_STYLE ('',( #3631 ) ) ;
#842 = ADVANCED_FACE ( 'NONE', ( #1277 ), #3752, .F. ) ;
#843 = ORIENTED_EDGE ( 'NONE', *, *, #2368, .T. ) ;
#844 =( NAMED_UNIT ( * ) SI_UNIT ( $, .STERADIAN. ) SOLID_ANGLE_UNIT ( ) );
#845 = CARTESIAN_POINT ( 'NONE',  ( -0.1499999999999999944, -0.6939740629158999141, 10.56499999999999950 ) ) ;
#846 =( NAMED_UNIT ( * ) PLANE_ANGLE_UNIT ( ) SI_UNIT ( $, .RADIAN. ) );
#847 = EDGE_CURVE ( 'NONE', #673, #2754, #2699, .T. ) ;
#848 = B_SPLINE_CURVE_WITH_KNOTS ( 'NONE', 3,
 ( #1103, #689, #2106, #3514, #1425, #2136 ),
 .UNSPECIFIED., .F., .F.,
 ( 4, 1, 1, 4 ),
 ( 0.000000000000000000, 0.3333333333333000081, 0.6666666666667000474, 1.000000000000000000 ),
 .UNSPECIFIED. ) ;
#849 = FACE_OUTER_BOUND ( 'NONE', #4183, .T. ) ;
#850 = ORIENTED_EDGE ( 'NONE', *, *, #1065, .T. ) ;
#851 = EDGE_CURVE ( 'NONE', #4346, #1005, #3142, .T. ) ;
#852 = DIRECTION ( 'NONE',  ( 0.000000000000000000, 0.000000000000000000, -1.000000000000000000 ) ) ;
#853 = CARTESIAN_POINT ( 'NONE',  ( 4.575000000000000178, -0.9715146960295999445, 14.25041847441999998 ) ) ;
#854 = CARTESIAN_POINT ( 'NONE',  ( 0.000000000000000000, 0.000000000000000000, -1.000000000000000000 ) ) ;
#855 = CIRCLE ( 'NONE', #1357, 0.7099999999999999645 ) ;
#856 = DIRECTION ( 'NONE',  ( 0.000000000000000000, -1.000000000000000000, 0.000000000000000000 ) ) ;
#857 = ORIENTED_EDGE ( 'NONE', *, *, #2909, .F. ) ;
#858 = CARTESIAN_POINT ( 'NONE',  ( -4.575000000000000178, -0.9672111853418999816, 14.20817693528000092 ) ) ;
#859 = MECHANICAL_DESIGN_GEOMETRIC_PRESENTATION_REPRESENTATION (  '', ( #1533 ), #4023 ) ;
#860 = LINE ( 'NONE', #3946, #2535 ) ;
#861 =( GEOMETRIC_REPRESENTATION_CONTEXT ( 3 ) GLOBAL_UNCERTAINTY_ASSIGNED_CONTEXT ( ( #3532 ) ) GLOBAL_UNIT_ASSIGNED_CONTEXT ( ( #2473, #3899, #4236 ) ) REPRESENTATION_CONTEXT ( 'NONE', 'WORKASPACE' ) );
#862 =( NAMED_UNIT ( * ) SI_UNIT ( $, .STERADIAN. ) SOLID_ANGLE_UNIT ( ) );
#863 = ORIENTED_EDGE ( 'NONE', *, *, #1553, .F. ) ;
#864 = CARTESIAN_POINT ( 'NONE',  ( -8.750000000000000000, 8.750000000000000000, 0.000000000000000000 ) ) ;
#865 = DIRECTION ( 'NONE',  ( 0.000000000000000000, 0.000000000000000000, 1.000000000000000000 ) ) ;
#866 = VECTOR ( 'NONE', #4145, 1000.000000000000000 ) ;
#867 = CIRCLE ( 'NONE', #3875, 5.500000000000000000 ) ;
#868 = ORIENTED_EDGE ( 'NONE', *, *, #1664, .T. ) ;
#869 = VECTOR ( 'NONE', #3139, 1000.000000000000114 ) ;
#870 =( NAMED_UNIT ( * ) PLANE_ANGLE_UNIT ( ) SI_UNIT ( $, .RADIAN. ) );
#871 = DIRECTION ( 'NONE',  ( 0.000000000000000000, -0.6131883886701940956, -0.7899367063252922261 ) ) ;
#872 = DIRECTION ( 'NONE',  ( 0.000000000000000000, 0.000000000000000000, 1.000000000000000000 ) ) ;
#873 = VERTEX_POINT ( 'NONE', #2693 ) ;
#874 = EDGE_CURVE ( 'NONE', #273, #589, #3956, .T. ) ;
#875 = ADVANCED_FACE ( 'NONE', ( #1321 ), #4130, .F. ) ;
#876 = AXIS2_PLACEMENT_3D ( 'NONE', #2184, #4297, #2846 ) ;
#877 =( NAMED_UNIT ( * ) SI_UNIT ( $, .STERADIAN. ) SOLID_ANGLE_UNIT ( ) );
#878 = ORIENTED_EDGE ( 'NONE', *, *, #2010, .F. ) ;
#879 = FACE_OUTER_BOUND ( 'NONE', #3877, .T. ) ;
#880 = VERTEX_POINT ( 'NONE', #2411 ) ;
#881 = EDGE_CURVE ( 'NONE', #3115, #3718, #2873, .T. ) ;
#882 = CARTESIAN_POINT ( 'NONE',  ( 4.575000000000000178, 1.532970971676000049, 15.69630681720000176 ) ) ;
#883 = SURFACE_STYLE_FILL_AREA ( #3293 ) ;
#884 = ORIENTED_EDGE ( 'NONE', *, *, #3310, .F. ) ;
#885 = CARTESIAN_POINT ( 'NONE',  ( 4.575000000000000178, 1.532970971676000049, 15.69630681720000176 ) ) ;
#886 = PRESENTATION_STYLE_ASSIGNMENT (( #2951 ) ) ;
#887 = VERTEX_POINT ( 'NONE', #2231 ) ;
#888 = VECTOR ( 'NONE', #756, 1000.000000000000114 ) ;
#889 = SURFACE_STYLE_FILL_AREA ( #3697 ) ;
#890 = FILL_AREA_STYLE ('',( #4026 ) ) ;
#891 = UNCERTAINTY_MEASURE_WITH_UNIT (LENGTH_MEASURE( 1.000000000000000082E-05 ), #344, 'distance_accuracy_value', 'NONE');
#892 = CYLINDRICAL_SURFACE ( 'NONE', #331, 1.599999999999999867 ) ;
#893 = VERTEX_POINT ( 'NONE', #3245 ) ;
#894 = PLANE ( 'NONE',  #2768 ) ;
#895 = EDGE_CURVE ( 'NONE', #4254, #385, #3800, .T. ) ;
#896 = LINE ( 'NONE', #539, #340 ) ;
#897 = ORIENTED_EDGE ( 'NONE', *, *, #3884, .F. ) ;
#898 = CONICAL_SURFACE ( 'NONE', #2092, 4.344337567296999936, 0.5235987755981996727 ) ;
#899 = FACE_OUTER_BOUND ( 'NONE', #4150, .T. ) ;
#900 = ORIENTED_EDGE ( 'NONE', *, *, #3263, .F. ) ;
#901 = AXIS2_PLACEMENT_3D ( 'NONE', #1531, #4344, #2595 ) ;
#902 = MECHANICAL_DESIGN_GEOMETRIC_PRESENTATION_REPRESENTATION (  '', ( #1262 ), #3999 ) ;
#903 = EDGE_CURVE ( 'NONE', #4512, #1057, #3268, .T. ) ;
#904 = PLANE ( 'NONE',  #3381 ) ;
#905 = EDGE_LOOP ( 'NONE', ( #3327, #843, #2734, #4231, #4341 ) ) ;
#906 = CARTESIAN_POINT ( 'NONE',  ( 6.349999999999999645, -8.049985370263998519, 0.09998537558667000558 ) ) ;
#907 = VECTOR ( 'NONE', #3056, 1000.000000000000000 ) ;
#908 = CYLINDRICAL_SURFACE ( 'NONE', #1804, 3.850000000000000089 ) ;
#909 = CIRCLE ( 'NONE', #597, 1.599999999999999867 ) ;
#910 = VERTEX_POINT ( 'NONE', #442 ) ;
#911 = FILL_AREA_STYLE_COLOUR ( '', #1004 ) ;
#912 = DIRECTION ( 'NONE',  ( 0.000000000000000000, 1.000000000000000000, 0.000000000000000000 ) ) ;
#913 = DIRECTION ( 'NONE',  ( 0.000000000000000000, 0.000000000000000000, 1.000000000000000000 ) ) ;
#915 = VERTEX_POINT ( 'NONE', #1191 ) ;
#914 = DIRECTION ( 'NONE',  ( -1.000000000000000000, 0.000000000000000000, 0.000000000000000000 ) ) ;
#916 = DIRECTION ( 'NONE',  ( 0.000000000000000000, 0.000000000000000000, -1.000000000000000000 ) ) ;
#917 = AXIS2_PLACEMENT_3D ( 'NONE', #2517, #48, #1494 ) ;
#918 = VERTEX_POINT ( 'NONE', #164 ) ;
#919 = EDGE_CURVE ( 'NONE', #1231, #4410, #1521, .T. ) ;
#920 = VECTOR ( 'NONE', #483, 1000.000000000000000 ) ;
#921 = DIRECTION ( 'NONE',  ( 0.000000000000000000, 0.000000000000000000, 1.000000000000000000 ) ) ;
#922 = EDGE_LOOP ( 'NONE', ( #2526, #669, #2074, #2068, #2596, #3307, #3075 ) ) ;
#923 = SURFACE_SIDE_STYLE ('',( #575 ) ) ;
#924 = CIRCLE ( 'NONE', #1902, 1.600000000000000755 ) ;
#925 = EDGE_CURVE ( 'NONE', #4464, #2809, #3727, .T. ) ;
#926 = ADVANCED_FACE ( 'NONE', ( #1501 ), #2912, .T. ) ;
#927 = CARTESIAN_POINT ( 'NONE',  ( -5.437493457676999320, 0.8292532895877000598, 13.50750651729000040 ) ) ;
#928 = CONICAL_SURFACE ( 'NONE', #129, 1.699985370263999318, 0.7853895592358033362 ) ;
#929 = AXIS2_PLACEMENT_3D ( 'NONE', #1658, #3016, #1300 ) ;
#930 = ORIENTED_EDGE ( 'NONE', *, *, #1342, .T. ) ;
#931 = EDGE_CURVE ( 'NONE', #3690, #495, #1592, .T. ) ;
#932 = MECHANICAL_DESIGN_GEOMETRIC_PRESENTATION_REPRESENTATION (  '', ( #1757 ), #2931 ) ;
#933 = DIRECTION ( 'NONE',  ( 1.000000000000000000, 0.000000000000000000, 0.000000000000000000 ) ) ;
#934 = PRESENTATION_LAYER_ASSIGNMENT (  '', '', ( #4329 ) ) ;
#935 = AXIS2_PLACEMENT_3D ( 'NONE', #3222, #66, #1462 ) ;
#936 = CARTESIAN_POINT ( 'NONE',  ( 4.575000000000000178, 0.9617718549370595227, 14.06000000450239362 ) ) ;
#937 =( GEOMETRIC_REPRESENTATION_CONTEXT ( 3 ) GLOBAL_UNCERTAINTY_ASSIGNED_CONTEXT ( ( #2100 ) ) GLOBAL_UNIT_ASSIGNED_CONTEXT ( ( #2757, #328, #2715 ) ) REPRESENTATION_CONTEXT ( 'NONE', 'WORKASPACE' ) );
#938 = DIRECTION ( 'NONE',  ( 0.000000000000000000, 0.000000000000000000, 1.000000000000000000 ) ) ;
#939 = VERTEX_POINT ( 'NONE', #1322 ) ;
#940 = CARTESIAN_POINT ( 'NONE',  ( 0.000000000000000000, 0.000000000000000000, 10.56499999999999950 ) ) ;
#941 = AXIS2_PLACEMENT_3D ( 'NONE', #2896, #2140, #1133 ) ;
#942 = AXIS2_PLACEMENT_3D ( 'NONE', #278, #2704, #594 ) ;
#943 = CARTESIAN_POINT ( 'NONE',  ( -1.050000087646810520, -0.1575328484580318655, -5.399999890128563074 ) ) ;
#944 = ORIENTED_EDGE ( 'NONE', *, *, #2485, .T. ) ;
#945 = DIRECTION ( 'NONE',  ( 0.000000000000000000, 0.000000000000000000, 1.000000000000000000 ) ) ;
#946 = MECHANICAL_DESIGN_GEOMETRIC_PRESENTATION_REPRESENTATION (  '', ( #730 ), #3319 ) ;
#947 = CARTESIAN_POINT ( 'NONE',  ( -4.575000000000000178, -1.136826568242000013, 13.20275719485000110 ) ) ;
#948 = PRESENTATION_STYLE_ASSIGNMENT (( #4100 ) ) ;
#949 = ORIENTED_EDGE ( 'NONE', *, *, #2083, .F. ) ;
#950 = CYLINDRICAL_SURFACE ( 'NONE', #2709, 1.599999999999999867 ) ;
#951 = SURFACE_SIDE_STYLE ('',( #4104 ) ) ;
#952 = ADVANCED_FACE ( 'NONE', ( #2658 ), #1637, .T. ) ;
#953 = EDGE_LOOP ( 'NONE', ( #949, #1690, #93, #3991, #1538 ) ) ;
#954 = CARTESIAN_POINT ( 'NONE',  ( 6.349999999999999645, -6.349999999999999645, 2.299999999999999822 ) ) ;
#955 =( NAMED_UNIT ( * ) PLANE_ANGLE_UNIT ( ) SI_UNIT ( $, .RADIAN. ) );
#956 = EDGE_CURVE ( 'NONE', #887, #2332, #896, .T. ) ;
#957 = FILL_AREA_STYLE ('',( #1681 ) ) ;
#958 = ORIENTED_EDGE ( 'NONE', *, *, #1859, .F. ) ;
#959 = CARTESIAN_POINT ( 'NONE',  ( -0.1499999999999999944, -0.8103463844495999435, 14.76260777650999856 ) ) ;
#960 = EDGE_CURVE ( 'NONE', #1454, #1253, #4393, .T. ) ;
#961 = DIRECTION ( 'NONE',  ( 0.01580080846133604180, 0.000000000000000000, 0.9998751594334005510 ) ) ;
#962 = ORIENTED_EDGE ( 'NONE', *, *, #3358, .F. ) ;
#963 = CARTESIAN_POINT ( 'NONE',  ( 4.575000000000000178, -0.9617718549370594117, 14.05999999549683643 ) ) ;
#964 =( NAMED_UNIT ( * ) SI_UNIT ( $, .STERADIAN. ) SOLID_ANGLE_UNIT ( ) );
#965 = ORIENTED_EDGE ( 'NONE', *, *, #511, .T. ) ;
#966 = DIRECTION ( 'NONE',  ( -1.000000000000000000, 0.000000000000000000, 0.000000000000000000 ) ) ;
#967 = PRESENTATION_LAYER_ASSIGNMENT (  '', '', ( #832 ) ) ;
#968 = CARTESIAN_POINT ( 'NONE',  ( 5.487878232155000369, 0.3796506656899999443, 14.98121294617999943 ) ) ;
#969 = VECTOR ( 'NONE', #3158, 1000.000000000000000 ) ;
#970 = ORIENTED_EDGE ( 'NONE', *, *, #3283, .F. ) ;
#971 = CARTESIAN_POINT ( 'NONE',  ( -4.575000000000000178, 0.9819406280838999246, 13.76724474781999952 ) ) ;
#972 = CARTESIAN_POINT ( 'NONE',  ( -1.050000000000000044, 0.000000000000000000, 15.00000000000000000 ) ) ;
#973 = DIRECTION ( 'NONE',  ( 1.000000000000000000, 0.000000000000000000, 0.000000000000000000 ) ) ;
#974 = EDGE_CURVE ( 'NONE', #554, #2519, #1149, .T. ) ;
#975 = AXIS2_PLACEMENT_3D ( 'NONE', #2689, #4090, #933 ) ;
#976 = DIRECTION ( 'NONE',  ( -1.000000000000000000, 0.000000000000000000, 0.000000000000000000 ) ) ;
#977 = ORIENTED_EDGE ( 'NONE', *, *, #1612, .F. ) ;
#978 = APPLICATION_CONTEXT ( 'automotive_design' ) ;
#979 = EDGE_CURVE ( 'NONE', #3711, #4509, #1210, .T. ) ;
#980 = VERTEX_POINT ( 'NONE', #2690 ) ;
#982 = ORIENTED_EDGE ( 'NONE', *, *, #2791, .T. ) ;
#981 = DIRECTION ( 'NONE',  ( -8.659486053775537887E-17, 0.7071006970993278795, -0.7071128652214188071 ) ) ;
#983 = VERTEX_POINT ( 'NONE', #936 ) ;
#984 =( NAMED_UNIT ( * ) SI_UNIT ( $, .STERADIAN. ) SOLID_ANGLE_UNIT ( ) );
#985 = ADVANCED_FACE ( 'NONE', ( #2738 ), #1043, .T. ) ;
#986 = CARTESIAN_POINT ( 'NONE',  ( -6.349999999999999645, 6.349999999999999645, 0.1999724664463000123 ) ) ;
#987 = CARTESIAN_POINT ( 'NONE',  ( -6.349999999999999645, 6.349999999999999645, 2.100027533553999959 ) ) ;
#988 = CARTESIAN_POINT ( 'NONE',  ( -4.575000000000000178, 1.452712237367000059, 15.55839310420000032 ) ) ;
#989 = ORIENTED_EDGE ( 'NONE', *, *, #903, .F. ) ;
#990 = CARTESIAN_POINT ( 'NONE',  ( -5.412490052837999777, 0.9774254027918000132, 13.86691402003000029 ) ) ;
#991 =( NAMED_UNIT ( * ) PLANE_ANGLE_UNIT ( ) SI_UNIT ( $, .RADIAN. ) );
#992 = VERTEX_POINT ( 'NONE', #1000 ) ;
#993 = DIRECTION ( 'NONE',  ( -1.000000000000000000, 0.000000000000000000, 0.000000000000000000 ) ) ;
#994 = ORIENTED_EDGE ( 'NONE', *, *, #3470, .T. ) ;
#995 =( LENGTH_UNIT ( ) NAMED_UNIT ( * ) SI_UNIT ( .MILLI., .METRE. ) );
#996 = FACE_BOUND ( 'NONE', #2049, .T. ) ;
#997 = MECHANICAL_DESIGN_GEOMETRIC_PRESENTATION_REPRESENTATION (  '', ( #787 ), #3364 ) ;
#998 = CIRCLE ( 'NONE', #3588, 1.049999999999999378 ) ;
#999 = DIRECTION ( 'NONE',  ( 0.000000000000000000, 0.000000000000000000, 1.000000000000000000 ) ) ;
#1000 = CARTESIAN_POINT ( 'NONE',  ( 6.349999999999999645, -4.550030974714863063, 2.299999999999999822 ) ) ;
#1001 = ORIENTED_EDGE ( 'NONE', *, *, #290, .F. ) ;
#1002 = CARTESIAN_POINT ( 'NONE',  ( 6.349999999999999645, 4.550030974715193466, 0.000000000000000000 ) ) ;
#1003 = PRESENTATION_LAYER_ASSIGNMENT (  '', '', ( #787 ) ) ;
#1004 = COLOUR_RGB ( '',1.000000000000000000, 0.8705882352941176627, 0.5294117647058823595 ) ;
#1005 = VERTEX_POINT ( 'NONE', #2393 ) ;
#1006 = ADVANCED_FACE ( 'NONE', ( #680 ), #798, .T. ) ;
#1007 = ORIENTED_EDGE ( 'NONE', *, *, #2597, .F. ) ;
#1008 = VECTOR ( 'NONE', #2800, 1000.000000000000000 ) ;
#1009 = LINE ( 'NONE', #2427, #3482 ) ;
#1010 = DIRECTION ( 'NONE',  ( 0.000000000000000000, 0.000000000000000000, 1.000000000000000000 ) ) ;
#1011 = CIRCLE ( 'NONE', #1766, 0.9900000000000001021 ) ;
#1012 = EDGE_CURVE ( 'NONE', #3507, #2979, #3302, .T. ) ;
#1013 = ORIENTED_EDGE ( 'NONE', *, *, #527, .T. ) ;
#1014 = CARTESIAN_POINT ( 'NONE',  ( 0.000000000000000000, 0.000000000000000000, 15.69630681720000176 ) ) ;
#1015 = DIRECTION ( 'NONE',  ( 0.000000000000000000, 0.000000000000000000, -1.000000000000000000 ) ) ;
#1016 = CIRCLE ( 'NONE', #3534, 0.8832050807568999629 ) ;
#1017 = AXIS2_PLACEMENT_3D ( 'NONE', #3281, #45, #2265 ) ;
#1018 = PRESENTATION_STYLE_ASSIGNMENT (( #4538 ) ) ;
#1019 = ORIENTED_EDGE ( 'NONE', *, *, #3594, .F. ) ;
#1020 = CARTESIAN_POINT ( 'NONE',  ( 4.575000000000000178, 0.000000000000000000, 18.30000000000000071 ) ) ;
#1021 = ORIENTED_EDGE ( 'NONE', *, *, #555, .T. ) ;
#1022 = CYLINDRICAL_SURFACE ( 'NONE', #2844, 0.7099999999999999645 ) ;
#1023 = CARTESIAN_POINT ( 'NONE',  ( 0.000000000000000000, 0.000000000000000000, 13.84499999999999886 ) ) ;
#1024 = CARTESIAN_POINT ( 'NONE',  ( 0.000000000000000000, 0.000000000000000000, -1.199999999999999956 ) ) ;
#1025 = EDGE_LOOP ( 'NONE', ( #1904, #167, #4246, #2954, #1595 ) ) ;
#1026 = DIRECTION ( 'NONE',  ( 0.000000000000000000, 0.000000000000000000, -1.000000000000000000 ) ) ;
#1027 = ORIENTED_EDGE ( 'NONE', *, *, #1794, .T. ) ;
#1029 = EDGE_LOOP ( 'NONE', ( #4135, #3402, #1946, #2663, #453, #3840, #4355 ) ) ;
#1028 = DIRECTION ( 'NONE',  ( 1.000000000000000000, 0.000000000000000000, 0.000000000000000000 ) ) ;
#1030 = VERTEX_POINT ( 'NONE', #2613 ) ;
#1031 = EDGE_CURVE ( 'NONE', #3318, #3259, #2853, .T. ) ;
#1032 = DIRECTION ( 'NONE',  ( -1.000000000000000000, 0.000000000000000000, 0.000000000000000000 ) ) ;
#1033 = FILL_AREA_STYLE_COLOUR ( '', #2195 ) ;
#1034 = CARTESIAN_POINT ( 'NONE',  ( -4.575000000000000178, 0.000000000000000000, 13.07000000000000028 ) ) ;
#1035 = ORIENTED_EDGE ( 'NONE', *, *, #4002, .T. ) ;
#1036 =( NAMED_UNIT ( * ) SI_UNIT ( $, .STERADIAN. ) SOLID_ANGLE_UNIT ( ) );
#1037 = EDGE_LOOP ( 'NONE', ( #1108, #2342, #2303, #3191, #2445, #2902 ) ) ;
#1038 = FACE_OUTER_BOUND ( 'NONE', #1029, .T. ) ;
#1040 = CARTESIAN_POINT ( 'NONE',  ( -6.349999999999999645, 6.349999999999999645, 2.100027533553999959 ) ) ;
#1039 = AXIS2_PLACEMENT_3D ( 'NONE', #157, #1351, #4485 ) ;
#1041 = PLANE ( 'NONE',  #4295 ) ;
#1042 = COLOUR_RGB ( '',1.000000000000000000, 0.8705882352941176627, 0.5294117647058823595 ) ;
#1043 = CYLINDRICAL_SURFACE ( 'NONE', #4460, 0.9899999999999995470 ) ;
#1044 = VERTEX_POINT ( 'NONE', #2146 ) ;
#1045 = CARTESIAN_POINT ( 'NONE',  ( 0.8703741808410999647, 0.1499999999999999944, 14.86500000000000021 ) ) ;
#1046 = DIRECTION ( 'NONE',  ( -1.000000000000000000, 0.000000000000000000, 0.000000000000000000 ) ) ;
#1047 = CARTESIAN_POINT ( 'NONE',  ( 0.000000000000000000, 0.000000000000000000, 14.86500000000000021 ) ) ;
#1048 = ORIENTED_EDGE ( 'NONE', *, *, #2153, .T. ) ;
#1050 = ORIENTED_EDGE ( 'NONE', *, *, #1053, .T. ) ;
#1049 = CARTESIAN_POINT ( 'NONE',  ( -4.825000000000000178, 0.2821741124829953429, 16.55999999999999872 ) ) ;
#1051 = ORIENTED_EDGE ( 'NONE', *, *, #1100, .F. ) ;
#1052 = VERTEX_POINT ( 'NONE', #2510 ) ;
#1053 = EDGE_CURVE ( 'NONE', #515, #2593, #2200, .T. ) ;
#1054 = FILL_AREA_STYLE_COLOUR ( '', #2346 ) ;
#1055 = CARTESIAN_POINT ( 'NONE',  ( 6.349999999999999645, 4.650014629735999883, 0.09998537558667000558 ) ) ;
#1056 = DIRECTION ( 'NONE',  ( 0.000000000000000000, 0.000000000000000000, -1.000000000000000000 ) ) ;
#1057 = VERTEX_POINT ( 'NONE', #663 ) ;
#1058 = EDGE_CURVE ( 'NONE', #983, #750, #492, .T. ) ;
#1059 = CARTESIAN_POINT ( 'NONE',  ( -0.1499999999999999944, 0.8104160582214000597, 14.76272649346999977 ) ) ;
#1060 = VERTEX_POINT ( 'NONE', #4227 ) ;
#1061 = DIRECTION ( 'NONE',  ( 0.000000000000000000, 0.9813279757874618925, 0.1923418933484916660 ) ) ;
#1062 = DIRECTION ( 'NONE',  ( -1.000000000000000000, 0.000000000000000000, 0.000000000000000000 ) ) ;
#1063 = EDGE_LOOP ( 'NONE', ( #2751, #2176, #2227 ) ) ;
#1064 = DIRECTION ( 'NONE',  ( -1.000000000000000000, 0.000000000000000000, 0.000000000000000000 ) ) ;
#1065 = EDGE_CURVE ( 'NONE', #1660, #2018, #2401, .T. ) ;
#1066 = CARTESIAN_POINT ( 'NONE',  ( -0.1499999999999999944, 0.6939740629158999141, 10.56499999999999950 ) ) ;
#1067 =( NAMED_UNIT ( * ) SI_UNIT ( $, .STERADIAN. ) SOLID_ANGLE_UNIT ( ) );
#1068 = MECHANICAL_DESIGN_GEOMETRIC_PRESENTATION_REPRESENTATION (  '', ( #718 ), #937 ) ;
#1069 = DIRECTION ( 'NONE',  ( 0.000000000000000000, 0.000000000000000000, 1.000000000000000000 ) ) ;
#1070 = VECTOR ( 'NONE', #3151, 1000.000000000000000 ) ;
#1071 = UNCERTAINTY_MEASURE_WITH_UNIT (LENGTH_MEASURE( 1.000000000000000082E-05 ), #4215, 'distance_accuracy_value', 'NONE');
#1072 = MECHANICAL_DESIGN_GEOMETRIC_PRESENTATION_REPRESENTATION (  '', ( #552 ), #3949 ) ;
#1073 = VECTOR ( 'NONE', #44, 1000.000000000000000 ) ;
#1074 = DIRECTION ( 'NONE',  ( 1.000000000000000000, 0.000000000000000000, 0.000000000000000000 ) ) ;
#1076 = ORIENTED_EDGE ( 'NONE', *, *, #3310, .T. ) ;
#1075 = DIRECTION ( 'NONE',  ( 1.000000000000000000, 0.000000000000000000, 0.000000000000000000 ) ) ;
#1077 = CIRCLE ( 'NONE', #3595, 0.9900000000000001021 ) ;
#1078 = MECHANICAL_DESIGN_GEOMETRIC_PRESENTATION_REPRESENTATION (  '', ( #2703 ), #2205 ) ;
#1079 = SURFACE_STYLE_USAGE ( .BOTH. , #3134 ) ;
#1080 = DIRECTION ( 'NONE',  ( 0.000000000000000000, 0.000000000000000000, 1.000000000000000000 ) ) ;
#1081 = SURFACE_STYLE_FILL_AREA ( #719 ) ;
#1082 = VERTEX_POINT ( 'NONE', #1002 ) ;
#1083 = PRESENTATION_STYLE_ASSIGNMENT (( #1850 ) ) ;
#1084 = AXIS2_PLACEMENT_3D ( 'NONE', #1455, #3248, #394 ) ;
#1085 = CARTESIAN_POINT ( 'NONE',  ( -0.7099999999999999645, 0.000000000000000000, -4.599999999999999645 ) ) ;
#1086 = ORIENTED_EDGE ( 'NONE', *, *, #4503, .T. ) ;
#1087 = CARTESIAN_POINT ( 'NONE',  ( -0.7099999999999999645, 0.000000000000000000, -5.884624424521483377 ) ) ;
#1088 = CARTESIAN_POINT ( 'NONE',  ( 0.000000000000000000, -0.7099999999999999645, -8.400000000000000355 ) ) ;
#1089 = EDGE_CURVE ( 'NONE', #805, #3541, #2778, .T. ) ;
#1090 = CIRCLE ( 'NONE', #4545, 4.200000000000000178 ) ;
#1091 = DIRECTION ( 'NONE',  ( 0.000000000000000000, 0.000000000000000000, -1.000000000000000000 ) ) ;
#1092 = EDGE_LOOP ( 'NONE', ( #3987, #778, #2108, #4129 ) ) ;
#1093 = CARTESIAN_POINT ( 'NONE',  ( 0.000000000000000000, 0.7099999999999999645, -8.400000000000000355 ) ) ;
#1094 = DIRECTION ( 'NONE',  ( 1.000000000000000000, 0.000000000000000000, 0.000000000000000000 ) ) ;
#1095 = DIRECTION ( 'NONE',  ( 0.000000000000000000, 0.000000000000000000, 1.000000000000000000 ) ) ;
#1096 = EDGE_CURVE ( 'NONE', #2686, #1618, #4500, .T. ) ;
#1097 = DIRECTION ( 'NONE',  ( 0.000000000000000000, -1.000000000000000000, 0.000000000000000000 ) ) ;
#1099 = ORIENTED_EDGE ( 'NONE', *, *, #2397, .T. ) ;
#1098 = SURFACE_SIDE_STYLE ('',( #2864 ) ) ;
#1100 = EDGE_CURVE ( 'NONE', #2764, #3436, #3440, .T. ) ;
#1101 =( NAMED_UNIT ( * ) SI_UNIT ( $, .STERADIAN. ) SOLID_ANGLE_UNIT ( ) );
#1102 = CARTESIAN_POINT ( 'NONE',  ( -2.350000000000000089, 0.000000000000000000, -4.530000000000000249 ) ) ;
#1103 = CARTESIAN_POINT ( 'NONE',  ( 0.6939740629158999141, -0.1499999999999999944, 14.56499999999999950 ) ) ;
#1104 = CARTESIAN_POINT ( 'NONE',  ( -3.850000000000000089, 0.000000000000000000, 0.000000000000000000 ) ) ;
#1105 = EDGE_LOOP ( 'NONE', ( #2850, #4073, #656 ) ) ;
#1106 = CARTESIAN_POINT ( 'NONE',  ( 5.455275965784000647, -0.7046318312604998857, 13.35540264700000002 ) ) ;
#1107 = CARTESIAN_POINT ( 'NONE',  ( 5.500000000000000000, 0.000000000000000000, 13.07000000000000028 ) ) ;
#1108 = ORIENTED_EDGE ( 'NONE', *, *, #1931, .F. ) ;
#1109 = ORIENTED_EDGE ( 'NONE', *, *, #2179, .T. ) ;
#1110 = DIRECTION ( 'NONE',  ( 0.000000000000000000, 0.000000000000000000, 1.000000000000000000 ) ) ;
#1111 = CARTESIAN_POINT ( 'NONE',  ( 0.1499999999999999944, -0.8104160582214000597, 14.76272649346999977 ) ) ;
#1112 = DIRECTION ( 'NONE',  ( 0.1698359795115990112, 0.9854723436318928442, 0.000000000000000000 ) ) ;
#1113 = PRESENTATION_LAYER_ASSIGNMENT (  '', '', ( #1641 ) ) ;
#1114 = ORIENTED_EDGE ( 'NONE', *, *, #1174, .F. ) ;
#1115 = CARTESIAN_POINT ( 'NONE',  ( 7.479999999999999538, 8.750000000000000000, 2.299999999999999822 ) ) ;
#1116 = EDGE_CURVE ( 'NONE', #3718, #2964, #793, .T. ) ;
#1117 = DIRECTION ( 'NONE',  ( 0.000000000000000000, -0.7071006970993278795, 0.7071128652214188071 ) ) ;
#1118 = UNCERTAINTY_MEASURE_WITH_UNIT (LENGTH_MEASURE( 1.000000000000000082E-05 ), #2727, 'distance_accuracy_value', 'NONE');
#1119 = VECTOR ( 'NONE', #3681, 1000.000000000000000 ) ;
#1120 = CARTESIAN_POINT ( 'NONE',  ( 4.575000000000000178, 1.532970971676000049, 12.08515823419000057 ) ) ;
#1122 = ORIENTED_EDGE ( 'NONE', *, *, #2767, .T. ) ;
#1121 = PLANE ( 'NONE',  #3723 ) ;
#1123 = VECTOR ( 'NONE', #2172, 1000.000000000000000 ) ;
#1124 = EDGE_CURVE ( 'NONE', #3541, #108, #733, .T. ) ;
#1125 = FILL_AREA_STYLE_COLOUR ( '', #1042 ) ;
#1126 = AXIS2_PLACEMENT_3D ( 'NONE', #1023, #403, #1829 ) ;
#1127 = DIRECTION ( 'NONE',  ( -0.9854723436318928442, 0.1698359795115990112, 0.000000000000000000 ) ) ;
#1128 = CARTESIAN_POINT ( 'NONE',  ( -4.575000000000000178, -1.020420852760999919, 14.56675984780000022 ) ) ;
#1129 = ORIENTED_EDGE ( 'NONE', *, *, #4158, .F. ) ;
#1130 = EDGE_CURVE ( 'NONE', #2593, #1512, #633, .T. ) ;
#1131 = LINE ( 'NONE', #466, #3666 ) ;
#1132 = CARTESIAN_POINT ( 'NONE',  ( 1.050000000000000044, -1.285879139104720732E-16, -4.530000000000000249 ) ) ;
#1133 = DIRECTION ( 'NONE',  ( 1.000000000000000000, 0.000000000000000000, 0.000000000000000000 ) ) ;
#1134 = ORIENTED_EDGE ( 'NONE', *, *, #646, .T. ) ;
#1135 = PRESENTATION_STYLE_ASSIGNMENT (( #2115 ) ) ;
#1136 = ORIENTED_EDGE ( 'NONE', *, *, #3772, .F. ) ;
#1137 = CARTESIAN_POINT ( 'NONE',  ( 7.479999999999999538, 7.479999999999999538, 2.342597802630999926 ) ) ;
#1138 = CARTESIAN_POINT ( 'NONE',  ( 4.825000000000000178, 0.000000000000000000, 14.05999999999999872 ) ) ;
#1139 = ORIENTED_EDGE ( 'NONE', *, *, #3101, .F. ) ;
#1140 = CIRCLE ( 'NONE', #1221, 1.050000000000000044 ) ;
#1141 = AXIS2_PLACEMENT_3D ( 'NONE', #1524, #83, #2207 ) ;
#1142 = B_SPLINE_CURVE_WITH_KNOTS ( 'NONE', 3,
 ( #118, #3683, #4333, #1589, #829, #479 ),
 .UNSPECIFIED., .F., .F.,
 ( 4, 1, 1, 4 ),
 ( 0.000000000000000000, 0.3333333333333000081, 0.6666666666667000474, 1.000000000000000000 ),
 .UNSPECIFIED. ) ;
#1143 = CARTESIAN_POINT ( 'NONE',  ( 4.575000000000000178, 0.000000000000000000, 14.05999999999999872 ) ) ;
#1144 = EDGE_CURVE ( 'NONE', #515, #246, #1438, .T. ) ;
#1145 = CARTESIAN_POINT ( 'NONE',  ( -6.349999999999999645, -4.650014629735999883, 2.200014624412999886 ) ) ;
#1146 = EDGE_LOOP ( 'NONE', ( #4088, #2781, #857, #4499, #1892, #2569, #72, #2114 ) ) ;
#1147 = AXIS2_PLACEMENT_3D ( 'NONE', #3474, #2735, #2481 ) ;
#1148 = DIRECTION ( 'NONE',  ( 1.000000000000000000, 0.000000000000000000, 0.000000000000000000 ) ) ;
#1149 = CIRCLE ( 'NONE', #929, 0.9900000000000001021 ) ;
#1150 = EDGE_CURVE ( 'NONE', #589, #2018, #3860, .T. ) ;
#1151 = STYLED_ITEM ( 'NONE', ( #3379 ), #2318 ) ;
#1152 = AXIS2_PLACEMENT_3D ( 'NONE', #2706, #3961, #1094 ) ;
#1153 = PRESENTATION_STYLE_ASSIGNMENT (( #107 ) ) ;
#1154 = EDGE_LOOP ( 'NONE', ( #2834, #1426, #1962, #2008 ) ) ;
#1155 = CARTESIAN_POINT ( 'NONE',  ( 4.575000000000000178, -1.307171492146999903, 12.82815182817999933 ) ) ;
#1156 =( NAMED_UNIT ( * ) PLANE_ANGLE_UNIT ( ) SI_UNIT ( $, .RADIAN. ) );
#1157 = PRESENTATION_LAYER_ASSIGNMENT (  '', '', ( #803 ) ) ;
#1158 = DIRECTION ( 'NONE',  ( 0.000000000000000000, 0.000000000000000000, 1.000000000000000000 ) ) ;
#1159 = B_SPLINE_CURVE_WITH_KNOTS ( 'NONE', 3,
 ( #1087, #3878, #2505, #2581, #3591, #2186, #2920, #4320, #3976, #4273, #1827, #2163, #1537, #2142 ),
 .UNSPECIFIED., .F., .F.,
 ( 4, 2, 2, 2, 2, 2, 4 ),
 ( 2.710505431213761085E-20, 0.0003697692111134229026, 0.0007395384222268458051, 0.001109307633340268816, 0.001479076844453691610, 0.002218615266680535030, 0.002958153688907378016 ),
 .UNSPECIFIED. ) ;
#1160 = COLOUR_RGB ( '',1.000000000000000000, 0.8705882352941176627, 0.5294117647058823595 ) ;
#1161 = EDGE_LOOP ( 'NONE', ( #2322, #4306 ) ) ;
#1162 = CARTESIAN_POINT ( 'NONE',  ( -0.1499999999999999944, -0.8703741808410999647, 14.86500000000000021 ) ) ;
#1163 = FACE_OUTER_BOUND ( 'NONE', #1791, .T. ) ;
#1164 = CARTESIAN_POINT ( 'NONE',  ( 4.575000000000000178, 1.136784344917999956, 13.20287536391999872 ) ) ;
#1165 = UNCERTAINTY_MEASURE_WITH_UNIT (LENGTH_MEASURE( 1.000000000000000082E-05 ), #4110, 'distance_accuracy_value', 'NONE');
#1166 = PRESENTATION_LAYER_ASSIGNMENT (  '', '', ( #730 ) ) ;
#1167 = LINE ( 'NONE', #1880, #2105 ) ;
#1168 = LINE ( 'NONE', #2937, #3632 ) ;
#1169 =( NAMED_UNIT ( * ) PLANE_ANGLE_UNIT ( ) SI_UNIT ( $, .RADIAN. ) );
#1170 = CARTESIAN_POINT ( 'NONE',  ( 0.000000000000000000, 0.000000000000000000, 0.000000000000000000 ) ) ;
#1171 = PRESENTATION_STYLE_ASSIGNMENT (( #1950 ) ) ;
#1172 = ORIENTED_EDGE ( 'NONE', *, *, #4503, .F. ) ;
#1173 = CARTESIAN_POINT ( 'NONE',  ( 0.000000000000000000, 0.000000000000000000, 10.56499999999999950 ) ) ;
#1174 = EDGE_CURVE ( 'NONE', #3606, #3636, #361, .T. ) ;
#1175 = CARTESIAN_POINT ( 'NONE',  ( 2.350000000000000089, -2.877919977996279827E-16, 15.00000000000000000 ) ) ;
#1176 = PLANE ( 'NONE',  #3873 ) ;
#1177 = ORIENTED_EDGE ( 'NONE', *, *, #1941, .T. ) ;
#1178 = LINE ( 'NONE', #2849, #2123 ) ;
#1179 = CARTESIAN_POINT ( 'NONE',  ( -6.349999999999999645, 6.349999999999999645, 0.000000000000000000 ) ) ;
#1180 = EDGE_CURVE ( 'NONE', #2334, #4272, #2282, .T. ) ;
#1181 = CYLINDRICAL_SURFACE ( 'NONE', #2308, 1.050000000000000044 ) ;
#1182 = VERTEX_POINT ( 'NONE', #3481 ) ;
#1183 = DIRECTION ( 'NONE',  ( 0.000000000000000000, -1.000000000000000000, 0.000000000000000000 ) ) ;
#1184 = PLANE ( 'NONE',  #1546 ) ;
#1185 = SURFACE_STYLE_USAGE ( .BOTH. , #1233 ) ;
#1186 = EDGE_CURVE ( 'NONE', #223, #3420, #1606, .T. ) ;
#1187 = CARTESIAN_POINT ( 'NONE',  ( 4.575000000000000178, 1.532970971676000049, 12.42369318280000101 ) ) ;
#1188 = EDGE_LOOP ( 'NONE', ( #3398, #1114, #2908, #4370, #2790, #884 ) ) ;
#1189 = AXIS2_PLACEMENT_3D ( 'NONE', #232, #3418, #2363 ) ;
#1190 = CARTESIAN_POINT ( 'NONE',  ( 4.575000000000000178, 0.000000000000000000, 14.05999999999999872 ) ) ;
#1191 = CARTESIAN_POINT ( 'NONE',  ( 0.8703741808410999647, 0.1499999999999999944, 14.86500000000000021 ) ) ;
#1192 = LINE ( 'NONE', #1243, #4338 ) ;
#1193 = VERTEX_POINT ( 'NONE', #1368 ) ;
#1194 = CARTESIAN_POINT ( 'NONE',  ( 0.1499999999999999944, -1.039230484540999866, 10.56499999999999950 ) ) ;
#1195 =( GEOMETRIC_REPRESENTATION_CONTEXT ( 3 ) GLOBAL_UNCERTAINTY_ASSIGNED_CONTEXT ( ( #1208 ) ) GLOBAL_UNIT_ASSIGNED_CONTEXT ( ( #2628, #846, #4028 ) ) REPRESENTATION_CONTEXT ( 'NONE', 'WORKASPACE' ) );
#1196 = DIRECTION ( 'NONE',  ( 0.000000000000000000, 0.000000000000000000, -1.000000000000000000 ) ) ;
#1197 = CARTESIAN_POINT ( 'NONE',  ( -8.750000000000000000, 7.479999999999999538, 2.299999999999999822 ) ) ;
#1198 = EDGE_LOOP ( 'NONE', ( #2187, #1821, #309 ) ) ;
#1199 =( NAMED_UNIT ( * ) SI_UNIT ( $, .STERADIAN. ) SOLID_ANGLE_UNIT ( ) );
#1200 = CARTESIAN_POINT ( 'NONE',  ( 0.000000000000000000, 0.000000000000000000, 7.299999999999999822 ) ) ;
#1201 = FACE_OUTER_BOUND ( 'NONE', #1146, .T. ) ;
#1202 = B_SPLINE_CURVE_WITH_KNOTS ( 'NONE', 3,
 ( #678, #3930, #2191, #3572, #2093 ),
 .UNSPECIFIED., .F., .F.,
 ( 4, 1, 4 ),
 ( 0.000000000000000000, 0.3333333333333000081, 0.5000000210642501219 ),
 .UNSPECIFIED. ) ;
#1203 = EDGE_CURVE ( 'NONE', #824, #1966, #1915, .T. ) ;
#1204 = EDGE_LOOP ( 'NONE', ( #2471, #4114, #3529, #4178, #2420 ) ) ;
#1205 = DIRECTION ( 'NONE',  ( 0.000000000000000000, 0.000000000000000000, -1.000000000000000000 ) ) ;
#1206 = DIRECTION ( 'NONE',  ( -1.000000000000000000, 0.000000000000000000, 0.000000000000000000 ) ) ;
#1207 =( NAMED_UNIT ( * ) PLANE_ANGLE_UNIT ( ) SI_UNIT ( $, .RADIAN. ) );
#1208 = UNCERTAINTY_MEASURE_WITH_UNIT (LENGTH_MEASURE( 1.000000000000000082E-05 ), #2628, 'distance_accuracy_value', 'NONE');
#1209 = EDGE_CURVE ( 'NONE', #1866, #4428, #1978, .T. ) ;
#1210 = LINE ( 'NONE', #1251, #4317 ) ;
#1211 = DIRECTION ( 'NONE',  ( 0.000000000000000000, 1.000000000000000000, 0.000000000000000000 ) ) ;
#1212 = ORIENTED_EDGE ( 'NONE', *, *, #3611, .T. ) ;
#1213 = PRESENTATION_LAYER_ASSIGNMENT (  '', '', ( #2624 ) ) ;
#1214 = DIRECTION ( 'NONE',  ( 0.000000000000000000, 0.000000000000000000, -1.000000000000000000 ) ) ;
#1215 = AXIS2_PLACEMENT_3D ( 'NONE', #3966, #1476, #3559 ) ;
#1216 = DIRECTION ( 'NONE',  ( 0.000000000000000000, -1.000000000000000000, 0.000000000000000000 ) ) ;
#1217 = CARTESIAN_POINT ( 'NONE',  ( -4.575000000000000178, -0.9715146960295999445, 14.25041847440999909 ) ) ;
#1218 = CIRCLE ( 'NONE', #2643, 1.799969025285000024 ) ;
#1219 = CIRCLE ( 'NONE', #1597, 3.850000000000000089 ) ;
#1220 = CARTESIAN_POINT ( 'NONE',  ( -6.349999999999999645, -6.349999999999999645, 2.100027533553999959 ) ) ;
#1221 = AXIS2_PLACEMENT_3D ( 'NONE', #4471, #1352, #252 ) ;
#1222 = CIRCLE ( 'NONE', #2040, 1.600000000000000755 ) ;
#1223 =( NAMED_UNIT ( * ) PLANE_ANGLE_UNIT ( ) SI_UNIT ( $, .RADIAN. ) );
#1224 = EDGE_LOOP ( 'NONE', ( #868, #4046, #944, #4053, #4319, #3844, #850, #562 ) ) ;
#1225 = CARTESIAN_POINT ( 'NONE',  ( 0.000000000000000000, 0.000000000000000000, 15.00000000000000000 ) ) ;
#1226 = FILL_AREA_STYLE ('',( #4083 ) ) ;
#1227 = FACE_BOUND ( 'NONE', #1861, .T. ) ;
#1228 = DIRECTION ( 'NONE',  ( 0.000000000000000000, -0.7071006970993278795, -0.7071128652214188071 ) ) ;
#1229 = CIRCLE ( 'NONE', #2199, 1.050000000000000044 ) ;
#1230 = MECHANICAL_DESIGN_GEOMETRIC_PRESENTATION_REPRESENTATION (  '', ( #4329 ), #4095 ) ;
#1231 = VERTEX_POINT ( 'NONE', #2807 ) ;
#1232 =( GEOMETRIC_REPRESENTATION_CONTEXT ( 3 ) GLOBAL_UNCERTAINTY_ASSIGNED_CONTEXT ( ( #3576 ) ) GLOBAL_UNIT_ASSIGNED_CONTEXT ( ( #4167, #2019, #1036 ) ) REPRESENTATION_CONTEXT ( 'NONE', 'WORKASPACE' ) );
#1233 = SURFACE_SIDE_STYLE ('',( #2352 ) ) ;
#1234 = CARTESIAN_POINT ( 'NONE',  ( 6.349999999999999645, -6.349999999999999645, 2.200014624412999886 ) ) ;
#1235 = EDGE_CURVE ( 'NONE', #915, #3818, #1288, .T. ) ;
#1236 =( GEOMETRIC_REPRESENTATION_CONTEXT ( 3 ) GLOBAL_UNCERTAINTY_ASSIGNED_CONTEXT ( ( #2885 ) ) GLOBAL_UNIT_ASSIGNED_CONTEXT ( ( #3831, #991, #4454 ) ) REPRESENTATION_CONTEXT ( 'NONE', 'WORKASPACE' ) );
#1237 = CARTESIAN_POINT ( 'NONE',  ( 0.7099999999999999645, -8.694992273946208239E-17, 10.56499999999999950 ) ) ;
#1238 = ORIENTED_EDGE ( 'NONE', *, *, #3077, .F. ) ;
#1239 = CIRCLE ( 'NONE', #3315, 4.825000000000000178 ) ;
#1240 = EDGE_CURVE ( 'NONE', #1755, #4484, #4324, .T. ) ;
#1241 = VECTOR ( 'NONE', #2013, 1000.000000000000000 ) ;
#1242 = CARTESIAN_POINT ( 'NONE',  ( -7.950000000000000178, -6.349999999999999645, 0.000000000000000000 ) ) ;
#1243 = CARTESIAN_POINT ( 'NONE',  ( 4.575000000000000178, -1.212400331155879702E-16, 15.04999999999999893 ) ) ;
#1244 = ORIENTED_EDGE ( 'NONE', *, *, #369, .T. ) ;
#1245 = ADVANCED_FACE ( 'NONE', ( #3932 ), #4326, .T. ) ;
#1246 = ORIENTED_EDGE ( 'NONE', *, *, #1012, .T. ) ;
#1247 = CARTESIAN_POINT ( 'NONE',  ( 6.349999999999999645, -6.349999999999999645, 0.000000000000000000 ) ) ;
#1248 = ORIENTED_EDGE ( 'NONE', *, *, #1280, .F. ) ;
#1249 = CARTESIAN_POINT ( 'NONE',  ( 6.349999999999999645, -6.349999999999999645, 0.09998537558667000558 ) ) ;
#1250 = DIRECTION ( 'NONE',  ( 0.000000000000000000, -1.000000000000000000, 0.000000000000000000 ) ) ;
#1251 = CARTESIAN_POINT ( 'NONE',  ( -7.950000000000000178, 6.349999999999999645, 0.000000000000000000 ) ) ;
#1252 = ADVANCED_FACE ( 'NONE', ( #806 ), #2955, .F. ) ;
#1253 = VERTEX_POINT ( 'NONE', #755 ) ;
#1254 = DIRECTION ( 'NONE',  ( 0.000000000000000000, 0.000000000000000000, 1.000000000000000000 ) ) ;
#1255 = ORIENTED_EDGE ( 'NONE', *, *, #338, .F. ) ;
#1256 = EDGE_CURVE ( 'NONE', #2968, #2403, #2859, .T. ) ;
#1257 = PRESENTATION_LAYER_ASSIGNMENT (  '', '', ( #3036 ) ) ;
#1258 = SURFACE_SIDE_STYLE ('',( #590 ) ) ;
#1259 = VERTEX_POINT ( 'NONE', #1115 ) ;
#1260 = CIRCLE ( 'NONE', #2746, 1.799969025285000024 ) ;
#1261 = CARTESIAN_POINT ( 'NONE',  ( 0.000000000000000000, 0.000000000000000000, -9.563250000000000028 ) ) ;
#1262 = STYLED_ITEM ( 'NONE', ( #2134 ), #3851 ) ;
#1263 = CARTESIAN_POINT ( 'NONE',  ( 0.6939740629158999141, 0.1499999999999999944, 10.56499999999999950 ) ) ;
#1264 = EDGE_CURVE ( 'NONE', #273, #2087, #2170, .T. ) ;
#1265 = DIRECTION ( 'NONE',  ( 1.000000000000000000, 0.000000000000000000, 0.000000000000000000 ) ) ;
#1266 = ORIENTED_EDGE ( 'NONE', *, *, #2797, .T. ) ;
#1267 = CARTESIAN_POINT ( 'NONE',  ( 8.750000000000000000, 7.479999999999999538, 2.299999999999999822 ) ) ;
#1268 = CARTESIAN_POINT ( 'NONE',  ( 5.500000000000000000, 0.000000000000000000, 7.100002407777000535 ) ) ;
#1269 = B_SPLINE_CURVE_WITH_KNOTS ( 'NONE', 3,
 ( #1998, #4190, #4472, #648, #4139, #988, #3446 ),
 .UNSPECIFIED., .F., .F.,
 ( 4, 1, 1, 1, 4 ),
 ( 0.000000000000000000, 0.2500000000000000000, 0.5000000000000000000, 0.7500000000000000000, 1.000000000000000000 ),
 .UNSPECIFIED. ) ;
#1270 = CARTESIAN_POINT ( 'NONE',  ( -8.750000000000000000, 7.479999999999999538, 2.299999999999999822 ) ) ;
#1271 = ORIENTED_EDGE ( 'NONE', *, *, #120, .F. ) ;
#1272 = CARTESIAN_POINT ( 'NONE',  ( -6.349999999999999645, 7.950000000000000178, 2.100027533553999959 ) ) ;
#1273 = SURFACE_SIDE_STYLE ('',( #3747 ) ) ;
#1274 = PLANE ( 'NONE',  #975 ) ;
#1275 = FACE_BOUND ( 'NONE', #3798, .T. ) ;
#1276 = VERTEX_POINT ( 'NONE', #1162 ) ;
#1277 = FACE_OUTER_BOUND ( 'NONE', #3447, .T. ) ;
#1278 = DIRECTION ( 'NONE',  ( -1.000000000000000000, 0.000000000000000000, 0.000000000000000000 ) ) ;
#1279 = ORIENTED_EDGE ( 'NONE', *, *, #3263, .T. ) ;
#1280 = EDGE_CURVE ( 'NONE', #1676, #5, #779, .T. ) ;
#1281 = VECTOR ( 'NONE', #4416, 1000.000000000000000 ) ;
#1282 = CARTESIAN_POINT ( 'NONE',  ( -4.575000000000000178, -0.9819388345848000244, 13.76726235209000038 ) ) ;
#1283 = CARTESIAN_POINT ( 'NONE',  ( 6.349999999999999645, -6.349999999999999645, 2.100027533553999959 ) ) ;
#1284 = ORIENTED_EDGE ( 'NONE', *, *, #4386, .T. ) ;
#1285 = CARTESIAN_POINT ( 'NONE',  ( 6.349999999999999645, 6.349999999999999645, 0.1999724664463000123 ) ) ;
#1286 = COLOUR_RGB ( '',1.000000000000000000, 0.8705882352941176627, 0.5294117647058823595 ) ;
#1287 = DIRECTION ( 'NONE',  ( 0.000000000000000000, -1.000000000000000000, 0.000000000000000000 ) ) ;
#1288 = B_SPLINE_CURVE_WITH_KNOTS ( 'NONE', 3,
 ( #1045, #704, #3178, #2830, #1563, #4371 ),
 .UNSPECIFIED., .F., .F.,
 ( 4, 1, 1, 4 ),
 ( 0.000000000000000000, 0.3333333333333000081, 0.6666666666667000474, 1.000000000000000000 ),
 .UNSPECIFIED. ) ;
#1289 = ADVANCED_FACE ( 'NONE', ( #3982 ), #4164, .F. ) ;
#1290 = CARTESIAN_POINT ( 'NONE',  ( 4.825000000000000178, 0.000000000000000000, 16.55999999999999872 ) ) ;
#1291 = CIRCLE ( 'NONE', #3138, 1.599999999999999867 ) ;
#1292 = AXIS2_PLACEMENT_3D ( 'NONE', #4179, #4520, #1346 ) ;
#1293 = DIRECTION ( 'NONE',  ( -0.9774282576280260981, -0.2112676056338054775, 0.000000000000000000 ) ) ;
#1294 = ORIENTED_EDGE ( 'NONE', *, *, #391, .F. ) ;
#1295 = DIRECTION ( 'NONE',  ( 0.000000000000000000, 0.000000000000000000, 1.000000000000000000 ) ) ;
#1296 = FACE_OUTER_BOUND ( 'NONE', #334, .T. ) ;
#1297 = VECTOR ( 'NONE', #1834, 1000.000000000000000 ) ;
#1298 = EDGE_CURVE ( 'NONE', #2310, #3866, #270, .T. ) ;
#1299 = CIRCLE ( 'NONE', #1977, 1.799969025285000024 ) ;
#1300 = DIRECTION ( 'NONE',  ( 0.000000000000000000, 0.9813279757874618925, 0.1923418933484916660 ) ) ;
#1301 = DIRECTION ( 'NONE',  ( 0.000000000000000000, 0.000000000000000000, 1.000000000000000000 ) ) ;
#1302 = ORIENTED_EDGE ( 'NONE', *, *, #4386, .F. ) ;
#1303 = DIRECTION ( 'NONE',  ( 0.000000000000000000, -1.000000000000000000, 0.000000000000000000 ) ) ;
#1304 = AXIS2_PLACEMENT_3D ( 'NONE', #1405, #2234, #3542 ) ;
#1305 = CARTESIAN_POINT ( 'NONE',  ( -1.855943302206088557E-16, -1.050000000000001155, -8.089994977759157990 ) ) ;
#1306 = CARTESIAN_POINT ( 'NONE',  ( -0.2918453715232997570, 1.010465023350640479, -6.742775774735581429 ) ) ;
#1307 = CYLINDRICAL_SURFACE ( 'NONE', #3439, 1.050000000000000044 ) ;
#1308 = DIRECTION ( 'NONE',  ( 0.000000000000000000, 0.000000000000000000, -1.000000000000000000 ) ) ;
#1309 = VERTEX_POINT ( 'NONE', #546 ) ;
#1310 = EDGE_CURVE ( 'NONE', #880, #1512, #1530, .T. ) ;
#1311 = LINE ( 'NONE', #3448, #869 ) ;
#1312 = CARTESIAN_POINT ( 'NONE',  ( 4.575000000000000178, -1.532970971675795102, 12.08515823418700919 ) ) ;
#1313 = CARTESIAN_POINT ( 'NONE',  ( 5.497713886045000109, 0.1931840728241999705, 15.03741546098000015 ) ) ;
#1314 = ORIENTED_EDGE ( 'NONE', *, *, #881, .F. ) ;
#1315 = EDGE_CURVE ( 'NONE', #3964, #602, #3712, .T. ) ;
#1316 = CARTESIAN_POINT ( 'NONE',  ( 1.039230484540999866, -0.1499999999999999944, 10.56499999999999950 ) ) ;
#1317 = SURFACE_SIDE_STYLE ('',( #659 ) ) ;
#1318 = DIRECTION ( 'NONE',  ( 0.000000000000000000, 0.9813279757874618925, -0.1923418933484916660 ) ) ;
#1319 = ORIENTED_EDGE ( 'NONE', *, *, #4033, .F. ) ;
#1320 = EDGE_CURVE ( 'NONE', #323, #2686, #867, .T. ) ;
#1321 = FACE_OUTER_BOUND ( 'NONE', #1942, .T. ) ;
#1322 = CARTESIAN_POINT ( 'NONE',  ( -4.575000000000000178, 0.9715146960295999445, 13.86958152559000013 ) ) ;
#1323 = ORIENTED_EDGE ( 'NONE', *, *, #2179, .F. ) ;
#1324 = VERTEX_POINT ( 'NONE', #1331 ) ;
#1325 = ORIENTED_EDGE ( 'NONE', *, *, #1612, .T. ) ;
#1326 =( NAMED_UNIT ( * ) PLANE_ANGLE_UNIT ( ) SI_UNIT ( $, .RADIAN. ) );
#1327 = CARTESIAN_POINT ( 'NONE',  ( 0.000000000000000000, 0.000000000000000000, -4.530000000000000249 ) ) ;
#1328 = DIRECTION ( 'NONE',  ( 0.000000000000000000, 0.000000000000000000, 1.000000000000000000 ) ) ;
#1329 = VERTEX_POINT ( 'NONE', #4452 ) ;
#1330 = FILL_AREA_STYLE ('',( #2729 ) ) ;
#1331 = CARTESIAN_POINT ( 'NONE',  ( -1.309580728941219271E-14, 5.300002320221985919, 7.299999999999999822 ) ) ;
#1332 = CARTESIAN_POINT ( 'NONE',  ( -5.455275943599999344, 0.7046320007851999412, 13.35540281622999892 ) ) ;
#1333 = VERTEX_POINT ( 'NONE', #4193 ) ;
#1334 = FILL_AREA_STYLE_COLOUR ( '', #4537 ) ;
#1335 = AXIS2_PLACEMENT_3D ( 'NONE', #1420, #1440, #1785 ) ;
#1336 = ORIENTED_EDGE ( 'NONE', *, *, #1428, .F. ) ;
#1337 = CARTESIAN_POINT ( 'NONE',  ( -4.575000000000000178, 1.136784398039999866, 13.20287632982999959 ) ) ;
#1338 = EDGE_LOOP ( 'NONE', ( #2553, #3230, #3294, #1400, #3487 ) ) ;
#1339 = SURFACE_STYLE_USAGE ( .BOTH. , #1317 ) ;
#1340 = DIRECTION ( 'NONE',  ( 0.000000000000000000, 0.000000000000000000, 1.000000000000000000 ) ) ;
#1341 = AXIS2_PLACEMENT_3D ( 'NONE', #3748, #581, #1061 ) ;
#1342 = EDGE_CURVE ( 'NONE', #2018, #273, #3560, .T. ) ;
#1343 = DIRECTION ( 'NONE',  ( -1.000000000000000000, 0.000000000000000000, 0.000000000000000000 ) ) ;
#1344 = FILL_AREA_STYLE_COLOUR ( '', #1601 ) ;
#1345 = ORIENTED_EDGE ( 'NONE', *, *, #2848, .T. ) ;
#1346 = DIRECTION ( 'NONE',  ( 1.000000000000000000, 0.000000000000000000, 0.000000000000000000 ) ) ;
#1347 = UNCERTAINTY_MEASURE_WITH_UNIT (LENGTH_MEASURE( 1.000000000000000082E-05 ), #3764, 'distance_accuracy_value', 'NONE');
#1348 = EDGE_CURVE ( 'NONE', #3597, #554, #688, .T. ) ;
#1349 = ORIENTED_EDGE ( 'NONE', *, *, #3984, .F. ) ;
#1350 = ORIENTED_EDGE ( 'NONE', *, *, #451, .F. ) ;
#1351 = DIRECTION ( 'NONE',  ( 0.000000000000000000, 0.000000000000000000, 1.000000000000000000 ) ) ;
#1352 = DIRECTION ( 'NONE',  ( 0.000000000000000000, 0.000000000000000000, 1.000000000000000000 ) ) ;
#1353 = DIRECTION ( 'NONE',  ( 0.000000000000000000, 1.000000000000000000, 0.000000000000000000 ) ) ;
#1354 = ORIENTED_EDGE ( 'NONE', *, *, #1320, .F. ) ;
#1355 = LINE ( 'NONE', #1481, #1761 ) ;
#1356 = CARTESIAN_POINT ( 'NONE',  ( -4.575000000000000178, 0.9672111857058000028, 13.91182306115000067 ) ) ;
#1357 = AXIS2_PLACEMENT_3D ( 'NONE', #2331, #872, #210 ) ;
#1358 = SURFACE_SIDE_STYLE ('',( #305 ) ) ;
#1359 = ORIENTED_EDGE ( 'NONE', *, *, #41, .F. ) ;
#1360 = DIRECTION ( 'NONE',  ( 0.000000000000000000, 0.000000000000000000, 1.000000000000000000 ) ) ;
#1361 = EDGE_LOOP ( 'NONE', ( #2056, #2761, #4293, #3173, #4298 ) ) ;
#1362 =( NAMED_UNIT ( * ) PLANE_ANGLE_UNIT ( ) SI_UNIT ( $, .RADIAN. ) );
#1363 = CARTESIAN_POINT ( 'NONE',  ( 0.1499999999999999944, -0.6939740629158999141, 14.56499999999999950 ) ) ;
#1364 = AXIS2_PLACEMENT_3D ( 'NONE', #3008, #2599, #4367 ) ;
#1365 = AXIS2_PLACEMENT_3D ( 'NONE', #2446, #3841, #1841 ) ;
#1366 = DIRECTION ( 'NONE',  ( -1.000000000000000000, 0.000000000000000000, 0.000000000000000000 ) ) ;
#1367 = VERTEX_POINT ( 'NONE', #2020 ) ;
#1368 = CARTESIAN_POINT ( 'NONE',  ( 0.1499999999999999944, 0.6939740629158999141, 14.56499999999999950 ) ) ;
#1369 = PRESENTATION_LAYER_ASSIGNMENT (  '', '', ( #3955 ) ) ;
#1370 = CIRCLE ( 'NONE', #3874, 2.700000000000000178 ) ;
#1371 = EDGE_CURVE ( 'NONE', #750, #939, #2516, .T. ) ;
#1372 = DIRECTION ( 'NONE',  ( -0.9854723436318928442, -0.1698359795115990112, 0.000000000000000000 ) ) ;
#1373 = MECHANICAL_DESIGN_GEOMETRIC_PRESENTATION_REPRESENTATION (  '', ( #4034 ), #1232 ) ;
#1374 = AXIS2_PLACEMENT_3D ( 'NONE', #4006, #4089, #871 ) ;
#1375 = ORIENTED_EDGE ( 'NONE', *, *, #302, .F. ) ;
#1376 = B_SPLINE_CURVE_WITH_KNOTS ( 'NONE', 3,
 ( #1290, #3716, #1671, #4106, #551, #1979 ),
 .UNSPECIFIED., .F., .F.,
 ( 4, 2, 4 ),
 ( 3.252606517456513302E-19, 0.0008319683109613617905, 0.001663936621922723364 ),
 .UNSPECIFIED. ) ;
#1377 = EDGE_LOOP ( 'NONE', ( #4111, #3430 ) ) ;
#1378 = ORIENTED_EDGE ( 'NONE', *, *, #3911, .T. ) ;
#1379 = ADVANCED_FACE ( 'NONE', ( #3052 ), #2932, .F. ) ;
#1380 = CARTESIAN_POINT ( 'NONE',  ( -0.8280534645701114194, 0.6541435309258140096, -5.698169819385794810 ) ) ;
#1381 = VECTOR ( 'NONE', #1308, 1000.000000000000000 ) ;
#1382 = DIRECTION ( 'NONE',  ( 0.000000000000000000, -0.7071069359642491170, -0.7071066264088120557 ) ) ;
#1383 = CARTESIAN_POINT ( 'NONE',  ( -8.750000000000000000, -7.479999999999999538, 2.299999999999999822 ) ) ;
#1384 = ORIENTED_EDGE ( 'NONE', *, *, #671, .T. ) ;
#1385 = DIRECTION ( 'NONE',  ( 0.000000000000000000, 0.000000000000000000, 1.000000000000000000 ) ) ;
#1386 = FACE_OUTER_BOUND ( 'NONE', #3768, .T. ) ;
#1387 = ORIENTED_EDGE ( 'NONE', *, *, #1873, .F. ) ;
#1388 = MANIFOLD_SOLID_BREP ( 'B6551A1-NT3G-50SAP_SW0001[1]', #3057 ) ;
#1389 = FILL_AREA_STYLE_COLOUR ( '', #1970 ) ;
#1390 = DIRECTION ( 'NONE',  ( -1.000000000000000000, 0.000000000000000000, 0.000000000000000000 ) ) ;
#1391 = DIRECTION ( 'NONE',  ( 0.000000000000000000, 0.000000000000000000, 1.000000000000000000 ) ) ;
#1392 = CARTESIAN_POINT ( 'NONE',  ( 1.039230484540999866, 0.1499999999999999944, 14.86500000000000021 ) ) ;
#1393 = ORIENTED_EDGE ( 'NONE', *, *, #1788, .T. ) ;
#1394 = DIRECTION ( 'NONE',  ( 0.000000000000000000, 1.000000000000000000, 0.000000000000000000 ) ) ;
#1395 = AXIS2_PLACEMENT_3D ( 'NONE', #2511, #1897, #2903 ) ;
#1396 = CARTESIAN_POINT ( 'NONE',  ( 0.7099999999999999645, -8.694992273946208239E-17, -9.563250000000000028 ) ) ;
#1397 = CARTESIAN_POINT ( 'NONE',  ( 4.647072058422299534, -1.317879053189220606, 16.20180687308918621 ) ) ;
#1398 = UNCERTAINTY_MEASURE_WITH_UNIT (LENGTH_MEASURE( 1.000000000000000082E-05 ), #3570, 'distance_accuracy_value', 'NONE');
#1399 = EDGE_CURVE ( 'NONE', #3644, #1309, #3073, .T. ) ;
#1400 = ORIENTED_EDGE ( 'NONE', *, *, #3411, .T. ) ;
#1402 = ORIENTED_EDGE ( 'NONE', *, *, #1209, .T. ) ;
#1401 = DIRECTION ( 'NONE',  ( 0.000000000000000000, 0.000000000000000000, -1.000000000000000000 ) ) ;
#1403 = EDGE_CURVE ( 'NONE', #3759, #3521, #2125, .T. ) ;
#1404 = ORIENTED_EDGE ( 'NONE', *, *, #4030, .F. ) ;
#1405 = CARTESIAN_POINT ( 'NONE',  ( 0.000000000000000000, 0.000000000000000000, 14.86500000000000021 ) ) ;
#1406 = DIRECTION ( 'NONE',  ( 0.000000000000000000, 0.000000000000000000, 1.000000000000000000 ) ) ;
#1407 = EDGE_CURVE ( 'NONE', #3467, #873, #501, .T. ) ;
#1408 = CARTESIAN_POINT ( 'NONE',  ( 5.422465500975000019, 0.9212481366007001515, 13.68042508617999786 ) ) ;
#1409 = EDGE_LOOP ( 'NONE', ( #201, #2463, #3921, #3915, #1875, #1655 ) ) ;
#1410 = CARTESIAN_POINT ( 'NONE',  ( -4.575000000000000178, 1.452712100114999849, 12.56160713164999976 ) ) ;
#1412 = DIRECTION ( 'NONE',  ( -1.000000000000000000, 0.000000000000000000, 0.000000000000000000 ) ) ;
#1411 = COLOUR_RGB ( '',1.000000000000000000, 1.000000000000000000, 1.000000000000000000 ) ;
#1413 = CONICAL_SURFACE ( 'NONE', #598, 1.699985370264000206, 0.7853895592358033362 ) ;
#1414 = CARTESIAN_POINT ( 'NONE',  ( 0.000000000000000000, 0.000000000000000000, 9.889999999999998792 ) ) ;
#1415 = CARTESIAN_POINT ( 'NONE',  ( -4.825000000000000178, 5.908920805885979576E-16, 18.30000000000000071 ) ) ;
#1416 = COLOUR_RGB ( '',1.000000000000000000, 0.8705882352941176627, 0.5294117647058823595 ) ;
#1417 = ORIENTED_EDGE ( 'NONE', *, *, #3669, .T. ) ;
#1418 = CARTESIAN_POINT ( 'NONE',  ( -4.575000000000000178, -1.532970971676000049, 12.08515823419000057 ) ) ;
#1419 = CARTESIAN_POINT ( 'NONE',  ( 0.6939740629158999141, -0.1499999999999999944, 14.56499999999999950 ) ) ;
#1420 = CARTESIAN_POINT ( 'NONE',  ( 0.000000000000000000, 0.000000000000000000, -8.400000000000000355 ) ) ;
#1421 = AXIS2_PLACEMENT_3D ( 'NONE', #534, #4437, #4125 ) ;
#1423 = EDGE_LOOP ( 'NONE', ( #2500, #2438, #3504, #240, #3007 ) ) ;
#1422 = CARTESIAN_POINT ( 'NONE',  ( -4.800464999221046192, 0.5542410105470019221, 16.51357893685595357 ) ) ;
#1424 =( LENGTH_UNIT ( ) NAMED_UNIT ( * ) SI_UNIT ( .MILLI., .METRE. ) );
#1425 = CARTESIAN_POINT ( 'NONE',  ( 0.8502457741855999895, -0.1499999999999999944, 14.83064306083000083 ) ) ;
#1426 = ORIENTED_EDGE ( 'NONE', *, *, #95, .T. ) ;
#1427 = SURFACE_SIDE_STYLE ('',( #770 ) ) ;
#1428 = EDGE_CURVE ( 'NONE', #584, #980, #4068, .T. ) ;
#1429 = CARTESIAN_POINT ( 'NONE',  ( 5.422465746999000302, -0.9212467012986000903, 13.68042168348000054 ) ) ;
#1430 = LINE ( 'NONE', #4271, #3459 ) ;
#1431 = ORIENTED_EDGE ( 'NONE', *, *, #1130, .F. ) ;
#1432 = ORIENTED_EDGE ( 'NONE', *, *, #639, .F. ) ;
#1433 = CARTESIAN_POINT ( 'NONE',  ( 4.575000000000000178, 0.000000000000000000, 13.07000000000000028 ) ) ;
#1434 = B_SPLINE_CURVE_WITH_KNOTS ( 'NONE', 3,
 ( #490, #3973, #3627, #1916, #4042 ),
 .UNSPECIFIED., .F., .F.,
 ( 4, 1, 4 ),
 ( 0.000000000000000000, 0.3333333333333000081, 0.5000000026425538424 ),
 .UNSPECIFIED. ) ;
#1435 = EDGE_CURVE ( 'NONE', #368, #918, #4396, .T. ) ;
#1436 = CARTESIAN_POINT ( 'NONE',  ( 0.7099999999999999645, -8.694992273946208239E-17, -8.400000000000000355 ) ) ;
#1437 = EDGE_LOOP ( 'NONE', ( #518, #297, #3197, #3024 ) ) ;
#1438 = LINE ( 'NONE', #1709, #1674 ) ;
#1439 = CARTESIAN_POINT ( 'NONE',  ( 4.750000000000000000, 6.349999999999999645, 0.000000000000000000 ) ) ;
#1440 = DIRECTION ( 'NONE',  ( 0.000000000000000000, 0.000000000000000000, 1.000000000000000000 ) ) ;
#1441 = CIRCLE ( 'NONE', #198, 1.799969025285000024 ) ;
#1442 = MECHANICAL_DESIGN_GEOMETRIC_PRESENTATION_REPRESENTATION (  '', ( #3369 ), #2338 ) ;
#1443 = DIRECTION ( 'NONE',  ( 0.000000000000000000, 1.000000000000000000, 0.000000000000000000 ) ) ;
#1445 = ORIENTED_EDGE ( 'NONE', *, *, #446, .T. ) ;
#1444 =( NAMED_UNIT ( * ) SI_UNIT ( $, .STERADIAN. ) SOLID_ANGLE_UNIT ( ) );
#1446 = B_SPLINE_CURVE_WITH_KNOTS ( 'NONE', 3,
 ( #4448, #1282, #4099, #947, #2364, #3757, #4531 ),
 .UNSPECIFIED., .F., .F.,
 ( 4, 1, 1, 1, 4 ),
 ( 0.000000000000000000, 0.2500000000000000000, 0.5000000000000000000, 0.7500000000000000000, 1.000000000000000000 ),
 .UNSPECIFIED. ) ;
#1447 = CIRCLE ( 'NONE', #4323, 1.269999999999999352 ) ;
#1448 = CARTESIAN_POINT ( 'NONE',  ( -6.349999999999999645, -6.349999999999999645, 2.299999999999999822 ) ) ;
#1449 = DIRECTION ( 'NONE',  ( 0.000000000000000000, 0.000000000000000000, 1.000000000000000000 ) ) ;
#1450 = CARTESIAN_POINT ( 'NONE',  ( -6.349999999999999645, -6.349999999999999645, 0.1999724664463000123 ) ) ;
#1451 = COLOUR_RGB ( '',1.000000000000000000, 0.8705882352941176627, 0.5294117647058823595 ) ;
#1452 = MECHANICAL_DESIGN_GEOMETRIC_PRESENTATION_REPRESENTATION (  '', ( #488 ), #3062 ) ;
#1453 = CYLINDRICAL_SURFACE ( 'NONE', #3745, 1.600000000000000755 ) ;
#1454 = VERTEX_POINT ( 'NONE', #845 ) ;
#1455 = CARTESIAN_POINT ( 'NONE',  ( 7.479999999999999538, -7.479999999999999538, 2.342597802630999926 ) ) ;
#1456 = VECTOR ( 'NONE', #3054, 1000.000000000000000 ) ;
#1457 = CARTESIAN_POINT ( 'NONE',  ( 5.412490052837999777, -0.9774254027918000132, 14.25308597996999893 ) ) ;
#1458 = EDGE_CURVE ( 'NONE', #3624, #805, #4048, .T. ) ;
#1459 = DIRECTION ( 'NONE',  ( 0.000000000000000000, 0.000000000000000000, 1.000000000000000000 ) ) ;
#1460 = ORIENTED_EDGE ( 'NONE', *, *, #2178, .T. ) ;
#1461 =( GEOMETRIC_REPRESENTATION_CONTEXT ( 3 ) GLOBAL_UNCERTAINTY_ASSIGNED_CONTEXT ( ( #3618 ) ) GLOBAL_UNIT_ASSIGNED_CONTEXT ( ( #4017, #3710, #1556 ) ) REPRESENTATION_CONTEXT ( 'NONE', 'WORKASPACE' ) );
#1462 = DIRECTION ( 'NONE',  ( 0.000000000000000000, 0.000000000000000000, -1.000000000000000000 ) ) ;
#1463 = VERTEX_POINT ( 'NONE', #3654 ) ;
#1464 = CARTESIAN_POINT ( 'NONE',  ( 0.1499999999999999944, -0.8502755931665999523, 14.83069395849000038 ) ) ;
#1465 = CIRCLE ( 'NONE', #78, 1.050000000000000044 ) ;
#1466 = CARTESIAN_POINT ( 'NONE',  ( 4.575000000000000178, 0.9715146960295999445, 14.25041847440999909 ) ) ;
#1467 = ADVANCED_FACE ( 'NONE', ( #242 ), #183, .F. ) ;
#1468 = EDGE_LOOP ( 'NONE', ( #2655, #3751, #840, #1882, #4268 ) ) ;
#1469 = LINE ( 'NONE', #500, #3613 ) ;
#1470 = CARTESIAN_POINT ( 'NONE',  ( -6.349999999999999645, 7.950000000000000178, 0.1999724664463000123 ) ) ;
#1471 = ADVANCED_FACE ( 'NONE', ( #225 ), #2784, .F. ) ;
#1472 = LINE ( 'NONE', #1120, #781 ) ;
#1474 = ORIENTED_EDGE ( 'NONE', *, *, #290, .T. ) ;
#1473 = DIRECTION ( 'NONE',  ( 0.000000000000000000, 0.000000000000000000, 1.000000000000000000 ) ) ;
#1475 = DIRECTION ( 'NONE',  ( 0.000000000000000000, 0.6131883886701940956, 0.7899367063252922261 ) ) ;
#1476 = DIRECTION ( 'NONE',  ( 0.000000000000000000, 0.000000000000000000, 1.000000000000000000 ) ) ;
#1477 = DIRECTION ( 'NONE',  ( 0.000000000000000000, 0.000000000000000000, -1.000000000000000000 ) ) ;
#1478 = DIRECTION ( 'NONE',  ( -1.000000000000000000, 0.000000000000000000, 0.000000000000000000 ) ) ;
#1479 = DIRECTION ( 'NONE',  ( 1.000000000000000000, 0.000000000000000000, 0.000000000000000000 ) ) ;
#1480 = EDGE_LOOP ( 'NONE', ( #3240, #2003, #4514, #3353, #2625 ) ) ;
#1481 = CARTESIAN_POINT ( 'NONE',  ( 3.550000000000000266, -4.347496136973103873E-16, -1.625000000000000000 ) ) ;
#1482 = DIRECTION ( 'NONE',  ( -1.000000000000000000, 0.000000000000000000, 0.000000000000000000 ) ) ;
#1483 = ORIENTED_EDGE ( 'NONE', *, *, #4188, .F. ) ;
#1484 = DIRECTION ( 'NONE',  ( 0.000000000000000000, 0.6131883886701940956, -0.7899367063252922261 ) ) ;
#1485 = SURFACE_STYLE_USAGE ( .BOTH. , #2241 ) ;
#1486 = CARTESIAN_POINT ( 'NONE',  ( 6.349999999999999645, -4.750000000000000000, 2.100027533553999959 ) ) ;
#1487 = B_SPLINE_CURVE_WITH_KNOTS ( 'NONE', 3,
 ( #963, #617, #2037, #4212, #1792 ),
 .UNSPECIFIED., .F., .F.,
 ( 4, 1, 4 ),
 ( 0.5000000026425538424, 0.6666666666667000474, 1.000000000000000000 ),
 .UNSPECIFIED. ) ;
#1488 = AXIS2_PLACEMENT_3D ( 'NONE', #3959, #1835, #74 ) ;
#1489 = ORIENTED_EDGE ( 'NONE', *, *, #1235, .F. ) ;
#1490 = CARTESIAN_POINT ( 'NONE',  ( -6.349999999999999645, -8.049985370263998519, 2.200014624412999886 ) ) ;
#1491 = CARTESIAN_POINT ( 'NONE',  ( -7.479999999999999538, -8.750000000000000000, 0.000000000000000000 ) ) ;
#1492 = EDGE_CURVE ( 'NONE', #589, #1660, #3374, .T. ) ;
#1493 = AXIS2_PLACEMENT_3D ( 'NONE', #2814, #4336, #414 ) ;
#1494 = DIRECTION ( 'NONE',  ( 0.000000000000000000, 0.000000000000000000, 1.000000000000000000 ) ) ;
#1495 = VERTEX_POINT ( 'NONE', #580 ) ;
#1496 = AXIS2_PLACEMENT_3D ( 'NONE', #134, #865, #3954 ) ;
#1497 = ADVANCED_FACE ( 'NONE', ( #2668, #2957 ), #3386, .T. ) ;
#1498 = SURFACE_STYLE_FILL_AREA ( #100 ) ;
#1499 = COLOUR_RGB ( '',1.000000000000000000, 0.8705882352941176627, 0.5294117647058823595 ) ;
#1500 = CARTESIAN_POINT ( 'NONE',  ( 4.575000000000000178, -1.532970971675795102, 12.08515823418700919 ) ) ;
#1501 = FACE_OUTER_BOUND ( 'NONE', #3734, .T. ) ;
#1502 = DIRECTION ( 'NONE',  ( 0.000000000000000000, 0.000000000000000000, 1.000000000000000000 ) ) ;
#1503 = ORIENTED_EDGE ( 'NONE', *, *, #4008, .F. ) ;
#1504 = CARTESIAN_POINT ( 'NONE',  ( 6.349999999999999645, -8.149969025285134450, 2.299999999999999822 ) ) ;
#1505 = CARTESIAN_POINT ( 'NONE',  ( -5.500000000000000000, 0.000000000000000000, 15.04999999999999893 ) ) ;
#1506 = CARTESIAN_POINT ( 'NONE',  ( 5.437493200532999893, 0.8292549640494000229, 13.50750897500000036 ) ) ;
#1507 = ORIENTED_EDGE ( 'NONE', *, *, #2368, .F. ) ;
#1508 = CARTESIAN_POINT ( 'NONE',  ( -4.575000000000000178, 0.000000000000000000, 14.05999999999999872 ) ) ;
#1509 = FACE_OUTER_BOUND ( 'NONE', #3373, .T. ) ;
#1510 = CARTESIAN_POINT ( 'NONE',  ( 0.000000000000000000, 0.000000000000000000, 2.864999999999999769 ) ) ;
#1511 = CONICAL_SURFACE ( 'NONE', #2555, 1.699985370263999318, 0.7853895592358033362 ) ;
#1512 = VERTEX_POINT ( 'NONE', #972 ) ;
#1513 = DIRECTION ( 'NONE',  ( 0.000000000000000000, 0.000000000000000000, -1.000000000000000000 ) ) ;
#1514 = DIRECTION ( 'NONE',  ( 1.000000000000000000, 0.000000000000000000, 0.000000000000000000 ) ) ;
#1515 = AXIS2_PLACEMENT_3D ( 'NONE', #3017, #4009, #4092 ) ;
#1516 = PLANE ( 'NONE',  #1515 ) ;
#1517 = ADVANCED_FACE ( 'NONE', ( #3814 ), #2069, .T. ) ;
#1518 = VECTOR ( 'NONE', #404, 1000.000000000000114 ) ;
#1519 = ORIENTED_EDGE ( 'NONE', *, *, #2097, .T. ) ;
#1520 = VECTOR ( 'NONE', #3047, 1000.000000000000000 ) ;
#1521 = CIRCLE ( 'NONE', #1141, 1.600000000000000755 ) ;
#1522 = DIRECTION ( 'NONE',  ( 0.000000000000000000, -1.000000000000000000, 0.000000000000000000 ) ) ;
#1523 = DIRECTION ( 'NONE',  ( -1.000000000000000000, 0.000000000000000000, 0.000000000000000000 ) ) ;
#1524 = CARTESIAN_POINT ( 'NONE',  ( -6.349999999999999645, -6.349999999999999645, 2.100027533553999959 ) ) ;
#1525 = ADVANCED_FACE ( 'NONE', ( #310 ), #1022, .F. ) ;
#1526 = DIRECTION ( 'NONE',  ( 0.000000000000000000, 0.000000000000000000, 1.000000000000000000 ) ) ;
#1527 = ORIENTED_EDGE ( 'NONE', *, *, #2909, .T. ) ;
#1528 = AXIS2_PLACEMENT_3D ( 'NONE', #3679, #4047, #1628 ) ;
#1529 = SURFACE_STYLE_FILL_AREA ( #126 ) ;
#1530 = CIRCLE ( 'NONE', #3736, 1.050000000000000044 ) ;
#1531 = CARTESIAN_POINT ( 'NONE',  ( 0.000000000000000000, 0.000000000000000000, -1.000000000000000000 ) ) ;
#1532 = CIRCLE ( 'NONE', #4465, 0.9900000000000001021 ) ;
#1533 = STYLED_ITEM ( 'NONE', ( #3928 ), #1561 ) ;
#1534 = EDGE_CURVE ( 'NONE', #3480, #2809, #2044, .T. ) ;
#1535 = CARTESIAN_POINT ( 'NONE',  ( 0.000000000000000000, 0.000000000000000000, 14.86500000000000021 ) ) ;
#1536 = ORIENTED_EDGE ( 'NONE', *, *, #2455, .T. ) ;
#1537 = CARTESIAN_POINT ( 'NONE',  ( 9.325832749269850677E-16, 0.7100000000001079892, -8.154410608460890941 ) ) ;
#1538 = ORIENTED_EDGE ( 'NONE', *, *, #1144, .F. ) ;
#1539 = VECTOR ( 'NONE', #3192, 1000.000000000000114 ) ;
#1540 = CARTESIAN_POINT ( 'NONE',  ( -4.749999999999999112, -6.349999999999999645, 2.100027533553999959 ) ) ;
#1541 = COLOUR_RGB ( '',1.000000000000000000, 0.8705882352941176627, 0.5294117647058823595 ) ;
#1542 = ORIENTED_EDGE ( 'NONE', *, *, #3861, .F. ) ;
#1543 = LINE ( 'NONE', #2959, #3703 ) ;
#1544 = CARTESIAN_POINT ( 'NONE',  ( -0.8103463844495999435, 0.1499999999999999944, 14.76260777650999856 ) ) ;
#1545 = EDGE_CURVE ( 'NONE', #4039, #4509, #2347, .T. ) ;
#1546 = AXIS2_PLACEMENT_3D ( 'NONE', #2563, #2956, #2540 ) ;
#1547 = CARTESIAN_POINT ( 'NONE',  ( -5.500000000000000000, 0.000000000000000000, 13.07000000000000028 ) ) ;
#1548 = DIRECTION ( 'NONE',  ( 0.000000000000000000, -1.000000000000000000, 0.000000000000000000 ) ) ;
#1549 = CARTESIAN_POINT ( 'NONE',  ( 7.479999999999999538, 8.750000000000000000, 0.000000000000000000 ) ) ;
#1550 = DIRECTION ( 'NONE',  ( 1.000000000000000000, 0.000000000000000000, 0.000000000000000000 ) ) ;
#1551 = VERTEX_POINT ( 'NONE', #698 ) ;
#1552 = CARTESIAN_POINT ( 'NONE',  ( 0.000000000000000000, 0.000000000000000000, 18.30000000000000071 ) ) ;
#1553 = EDGE_CURVE ( 'NONE', #1367, #2290, #3451, .T. ) ;
#1554 = CARTESIAN_POINT ( 'NONE',  ( 5.497713849194999725, -0.1931855727788999721, 15.03741526093000047 ) ) ;
#1555 = DIRECTION ( 'NONE',  ( -0.8660254037843398978, 0.000000000000000000, 0.5000000000001709743 ) ) ;
#1556 =( NAMED_UNIT ( * ) SI_UNIT ( $, .STERADIAN. ) SOLID_ANGLE_UNIT ( ) );
#1557 = EDGE_LOOP ( 'NONE', ( #2012, #1573, #2721, #3864, #1926, #2090 ) ) ;
#1558 = PRESENTATION_STYLE_ASSIGNMENT (( #4451 ) ) ;
#1559 = DIRECTION ( 'NONE',  ( 0.9897433186107934544, 0.1428571428570990787, 0.000000000000000000 ) ) ;
#1560 = SURFACE_STYLE_USAGE ( .BOTH. , #3633 ) ;
#1561 = ADVANCED_FACE ( 'NONE', ( #1509 ), #1803, .T. ) ;
#1562 = VERTEX_POINT ( 'NONE', #1433 ) ;
#1563 = CARTESIAN_POINT ( 'NONE',  ( 0.7130727625871000619, 0.1499999999999999944, 14.59733324679999988 ) ) ;
#1564 = LINE ( 'NONE', #2974, #61 ) ;
#1565 = CARTESIAN_POINT ( 'NONE',  ( 0.000000000000000000, 0.000000000000000000, 14.05999999999999872 ) ) ;
#1566 = DIRECTION ( 'NONE',  ( 1.000000000000000000, 0.000000000000000000, 0.000000000000000000 ) ) ;
#1567 = FACE_BOUND ( 'NONE', #4144, .T. ) ;
#1568 = ORIENTED_EDGE ( 'NONE', *, *, #1203, .F. ) ;
#1569 = AXIS2_PLACEMENT_3D ( 'NONE', #128, #1934, #1954 ) ;
#1570 = DIRECTION ( 'NONE',  ( 8.659486053775537887E-17, 0.7071006970993278795, 0.7071128652214188071 ) ) ;
#1571 = CIRCLE ( 'NONE', #1335, 0.7099999999999999645 ) ;
#1572 =( LENGTH_UNIT ( ) NAMED_UNIT ( * ) SI_UNIT ( .MILLI., .METRE. ) );
#1573 = ORIENTED_EDGE ( 'NONE', *, *, #1958, .F. ) ;
#1574 = FACE_BOUND ( 'NONE', #640, .T. ) ;
#1575 = CARTESIAN_POINT ( 'NONE',  ( -4.825000000000000178, 0.000000000000000000, 14.05999999999999872 ) ) ;
#1576 = PRESENTATION_STYLE_ASSIGNMENT (( #494 ) ) ;
#1577 = ORIENTED_EDGE ( 'NONE', *, *, #3892, .T. ) ;
#1578 = EDGE_CURVE ( 'NONE', #1562, #1866, #3883, .T. ) ;
#1579 = CYLINDRICAL_SURFACE ( 'NONE', #643, 2.700000000000000178 ) ;
#1580 = CARTESIAN_POINT ( 'NONE',  ( 0.000000000000000000, 0.000000000000000000, 2.864999999999999769 ) ) ;
#1581 = ORIENTED_EDGE ( 'NONE', *, *, #2946, .T. ) ;
#1582 = ADVANCED_FACE ( 'NONE', ( #90 ), #3548, .F. ) ;
#1583 = DIRECTION ( 'NONE',  ( 1.000000000000000000, 0.000000000000000000, 0.000000000000000000 ) ) ;
#1584 =( NAMED_UNIT ( * ) SI_UNIT ( $, .STERADIAN. ) SOLID_ANGLE_UNIT ( ) );
#1585 = CARTESIAN_POINT ( 'NONE',  ( 1.039230484540999866, 0.1499999999999999944, 10.56499999999999950 ) ) ;
#1586 = PRODUCT_DEFINITION_CONTEXT ( 'detailed design', #978, 'design' ) ;
#1587 = CARTESIAN_POINT ( 'NONE',  ( 0.000000000000000000, 0.000000000000000000, 0.000000000000000000 ) ) ;
#1588 = ADVANCED_FACE ( 'NONE', ( #2188 ), #3276, .T. ) ;
#1590 = EDGE_LOOP ( 'NONE', ( #3438, #1687, #3499, #3904, #649 ) ) ;
#1589 = CARTESIAN_POINT ( 'NONE',  ( 0.1499999999999999944, 0.8103463844495999435, 14.76260777650999856 ) ) ;
#1591 = SURFACE_STYLE_FILL_AREA ( #2981 ) ;
#1592 = LINE ( 'NONE', #1242, #1753 ) ;
#1593 = ORIENTED_EDGE ( 'NONE', *, *, #2243, .T. ) ;
#1594 = DIRECTION ( 'NONE',  ( -1.000000000000000000, 0.000000000000000000, 0.000000000000000000 ) ) ;
#1595 = ORIENTED_EDGE ( 'NONE', *, *, #3538, .F. ) ;
#1596 = CIRCLE ( 'NONE', #1967, 1.049999999999999378 ) ;
#1597 = AXIS2_PLACEMENT_3D ( 'NONE', #4376, #1214, #2638 ) ;
#1598 = B_SPLINE_CURVE_WITH_KNOTS ( 'NONE', 3,
 ( #853, #3704, #3665, #291, #2962, #2760, #509 ),
 .UNSPECIFIED., .F., .F.,
 ( 4, 1, 1, 1, 4 ),
 ( 0.000000000000000000, 0.2500000000000000000, 0.5000000000000000000, 0.7500000000000000000, 1.000000000000000000 ),
 .UNSPECIFIED. ) ;
#1599 = DIRECTION ( 'NONE',  ( 0.000000000000000000, 0.000000000000000000, 1.000000000000000000 ) ) ;
#1600 = CIRCLE ( 'NONE', #2777, 1.799969025285000024 ) ;
#1601 = COLOUR_RGB ( '',1.000000000000000000, 0.8705882352941176627, 0.5294117647058823595 ) ;
#1602 = ORIENTED_EDGE ( 'NONE', *, *, #1403, .F. ) ;
#1603 = DIRECTION ( 'NONE',  ( 0.000000000000000000, -0.7071006970993278795, -0.7071128652214188071 ) ) ;
#1604 = DIRECTION ( 'NONE',  ( 0.000000000000000000, 0.000000000000000000, 1.000000000000000000 ) ) ;
#1605 = TOROIDAL_SURFACE ( 'NONE', #2045, 13.67499999999999893, 9.000000000000000000 ) ;
#1606 = CIRCLE ( 'NONE', #3303, 1.269999999999999352 ) ;
#1607 = EDGE_CURVE ( 'NONE', #3255, #602, #1218, .T. ) ;
#1608 = ORIENTED_EDGE ( 'NONE', *, *, #2737, .F. ) ;
#1609 = DIRECTION ( 'NONE',  ( 0.000000000000000000, 0.000000000000000000, 1.000000000000000000 ) ) ;
#1610 = DIRECTION ( 'NONE',  ( 0.000000000000000000, 0.000000000000000000, 1.000000000000000000 ) ) ;
#1611 = CARTESIAN_POINT ( 'NONE',  ( 0.000000000000000000, 0.000000000000000000, 9.466381805753000478 ) ) ;
#1612 = EDGE_CURVE ( 'NONE', #2053, #1030, #4412, .T. ) ;
#1613 = CIRCLE ( 'NONE', #3886, 1.799969025285000024 ) ;
#1614 = ORIENTED_EDGE ( 'NONE', *, *, #2434, .F. ) ;
#1615 = VECTOR ( 'NONE', #839, 1000.000000000000000 ) ;
#1616 = ADVANCED_FACE ( 'NONE', ( #2621 ), #3692, .F. ) ;
#1617 = CARTESIAN_POINT ( 'NONE',  ( -4.574999999999721290, 1.532970971676627325, 16.03484176581234522 ) ) ;
#1618 = VERTEX_POINT ( 'NONE', #1268 ) ;
#1619 = LINE ( 'NONE', #1145, #439 ) ;
#1620 = ORIENTED_EDGE ( 'NONE', *, *, #1186, .F. ) ;
#1621 = DIRECTION ( 'NONE',  ( -1.000000000000000000, 0.000000000000000000, 0.000000000000000000 ) ) ;
#1622 = DIRECTION ( 'NONE',  ( 0.000000000000000000, 0.000000000000000000, 1.000000000000000000 ) ) ;
#1623 = ORIENTED_EDGE ( 'NONE', *, *, #1607, .T. ) ;
#1624 = SURFACE_STYLE_USAGE ( .BOTH. , #3355 ) ;
#1625 = DIRECTION ( 'NONE',  ( 0.000000000000000000, 0.000000000000000000, 1.000000000000000000 ) ) ;
#1626 = CARTESIAN_POINT ( 'NONE',  ( -5.422465737348000303, 0.9212467565702999739, 13.68042182996000022 ) ) ;
#1627 = ORIENTED_EDGE ( 'NONE', *, *, #2763, .T. ) ;
#1628 = DIRECTION ( 'NONE',  ( 1.000000000000000000, 0.000000000000000000, 0.000000000000000000 ) ) ;
#1629 = FILL_AREA_STYLE ('',( #1944 ) ) ;
#1630 = DIRECTION ( 'NONE',  ( -8.659486053775537887E-17, 0.7071006970993278795, -0.7071128652214188071 ) ) ;
#1631 = DIRECTION ( 'NONE',  ( 0.000000000000000000, 0.000000000000000000, 1.000000000000000000 ) ) ;
#1632 = ORIENTED_EDGE ( 'NONE', *, *, #2946, .F. ) ;
#1633 = DIRECTION ( 'NONE',  ( 1.000000000000000000, 0.000000000000000000, 0.000000000000000000 ) ) ;
#1634 = PRODUCT_DEFINITION ( 'UNKNOWN', '', #4431, #1586 ) ;
#1635 = APPLICATION_CONTEXT ( 'automotive_design' ) ;
#1636 = EDGE_CURVE ( 'NONE', #608, #584, #2773, .T. ) ;
#1637 = PLANE ( 'NONE',  #2276 ) ;
#1638 = EDGE_LOOP ( 'NONE', ( #367, #4349, #1708, #1852, #4166 ) ) ;
#1639 = CYLINDRICAL_SURFACE ( 'NONE', #2059, 5.500000000000000000 ) ;
#1640 = ORIENTED_EDGE ( 'NONE', *, *, #1898, .T. ) ;
#1641 = STYLED_ITEM ( 'NONE', ( #4469 ), #3766 ) ;
#1642 = EDGE_CURVE ( 'NONE', #2888, #1030, #2996, .T. ) ;
#1643 = SURFACE_STYLE_FILL_AREA ( #3046 ) ;
#1644 = AXIS2_PLACEMENT_3D ( 'NONE', #1190, #1844, #1475 ) ;
#1645 = DIRECTION ( 'NONE',  ( 0.000000000000000000, 0.000000000000000000, -1.000000000000000000 ) ) ;
#1646 = SURFACE_SIDE_STYLE ('',( #235 ) ) ;
#1647 = ORIENTED_EDGE ( 'NONE', *, *, #1553, .T. ) ;
#1648 = DIRECTION ( 'NONE',  ( 0.000000000000000000, 0.000000000000000000, 1.000000000000000000 ) ) ;
#1649 = CARTESIAN_POINT ( 'NONE',  ( 4.575000000000000178, 1.136785714151999915, 14.91712783956000088 ) ) ;
#1650 = AXIS2_PLACEMENT_3D ( 'NONE', #243, #2353, #3428 ) ;
#1651 = ORIENTED_EDGE ( 'NONE', *, *, #3215, .F. ) ;
#1652 = CARTESIAN_POINT ( 'NONE',  ( -2.350000000000000089, 0.000000000000000000, 9.889999999999998792 ) ) ;
#1653 = CARTESIAN_POINT ( 'NONE',  ( 0.000000000000000000, 0.000000000000000000, 10.56499999999999950 ) ) ;
#1654 = CARTESIAN_POINT ( 'NONE',  ( 0.000000000000000000, 0.000000000000000000, 18.30000000000000071 ) ) ;
#1655 = ORIENTED_EDGE ( 'NONE', *, *, #2707, .F. ) ;
#1656 = DIRECTION ( 'NONE',  ( 0.000000000000000000, 1.000000000000000000, 0.000000000000000000 ) ) ;
#1657 = EDGE_CURVE ( 'NONE', #2645, #4413, #491, .T. ) ;
#1658 = CARTESIAN_POINT ( 'NONE',  ( 4.575000000000000178, 0.000000000000000000, 14.05999999999999872 ) ) ;
#1659 = CARTESIAN_POINT ( 'NONE',  ( -6.349999999999999645, 6.349999999999999645, 2.100027533553999959 ) ) ;
#1660 = VERTEX_POINT ( 'NONE', #4021 ) ;
#1661 = CARTESIAN_POINT ( 'NONE',  ( 0.000000000000000000, 0.000000000000000000, 18.05000000000000071 ) ) ;
#1662 = AXIS2_PLACEMENT_3D ( 'NONE', #1587, #1301, #3058 ) ;
#1663 = SURFACE_SIDE_STYLE ('',( #1643 ) ) ;
#1664 = EDGE_CURVE ( 'NONE', #2062, #3391, #2698, .T. ) ;
#1665 = FILL_AREA_STYLE_COLOUR ( '', #4027 ) ;
#1666 = LINE ( 'NONE', #4487, #652 ) ;
#1667 = ORIENTED_EDGE ( 'NONE', *, *, #4281, .F. ) ;
#1668 = MECHANICAL_DESIGN_GEOMETRIC_PRESENTATION_REPRESENTATION (  '', ( #4035 ), #2491 ) ;
#1669 = DIRECTION ( 'NONE',  ( 0.000000000000000000, 0.000000000000000000, 1.000000000000000000 ) ) ;
#1670 = AXIS2_PLACEMENT_3D ( 'NONE', #2785, #70, #1062 ) ;
#1671 = CARTESIAN_POINT ( 'NONE',  ( 4.800240829354961214, 0.5557262377748504178, 16.51313322572146802 ) ) ;
#1672 = ADVANCED_FACE ( 'NONE', ( #550 ), #1976, .T. ) ;
#1673 = PRESENTATION_LAYER_ASSIGNMENT (  '', '', ( #2118 ) ) ;
#1674 = VECTOR ( 'NONE', #2073, 1000.000000000000000 ) ;
#1675 = CARTESIAN_POINT ( 'NONE',  ( 5.500000000000000000, 0.06431611403492999701, 15.04999999999999893 ) ) ;
#1676 = VERTEX_POINT ( 'NONE', #2684 ) ;
#1677 = DIRECTION ( 'NONE',  ( 0.000000000000000000, -0.9813279757874618925, 0.1923418933484916660 ) ) ;
#1678 = CARTESIAN_POINT ( 'NONE',  ( 0.000000000000000000, 0.000000000000000000, 15.00000000000000000 ) ) ;
#1679 = DIRECTION ( 'NONE',  ( 1.000000000000000000, 0.000000000000000000, 0.000000000000000000 ) ) ;
#1680 = COLOUR_RGB ( '',1.000000000000000000, 1.000000000000000000, 1.000000000000000000 ) ;
#1681 = FILL_AREA_STYLE_COLOUR ( '', #3129 ) ;
#1682 = ORIENTED_EDGE ( 'NONE', *, *, #646, .F. ) ;
#1683 = CARTESIAN_POINT ( 'NONE',  ( 0.1499999999999999944, -1.039230484540999866, 14.86500000000000021 ) ) ;
#1684 = UNCERTAINTY_MEASURE_WITH_UNIT (LENGTH_MEASURE( 1.000000000000000082E-05 ), #2969, 'distance_accuracy_value', 'NONE');
#1685 = AXIS2_PLACEMENT_3D ( 'NONE', #2257, #2594, #4379 ) ;
#1686 = DIRECTION ( 'NONE',  ( 0.000000000000000000, 0.000000000000000000, 1.000000000000000000 ) ) ;
#1687 = ORIENTED_EDGE ( 'NONE', *, *, #2544, .T. ) ;
#1688 = VECTOR ( 'NONE', #3849, 1000.000000000000000 ) ;
#1689 = CARTESIAN_POINT ( 'NONE',  ( -0.2359597472983847588, -1.030280549051050265, -6.880964610542077864 ) ) ;
#1690 = ORIENTED_EDGE ( 'NONE', *, *, #4030, .T. ) ;
#1691 = VECTOR ( 'NONE', #961, 1000.000000000000000 ) ;
#1692 = CARTESIAN_POINT ( 'NONE',  ( 0.000000000000000000, 0.000000000000000000, 14.86500000000000021 ) ) ;
#1693 = DIRECTION ( 'NONE',  ( 1.000000000000000000, 0.000000000000000000, 0.000000000000000000 ) ) ;
#1694 = ORIENTED_EDGE ( 'NONE', *, *, #1664, .F. ) ;
#1695 = CARTESIAN_POINT ( 'NONE',  ( -1.309580729207910424E-14, 5.400001181887985169, 7.200001182111000375 ) ) ;
#1696 = DIRECTION ( 'NONE',  ( 0.000000000000000000, 0.000000000000000000, 1.000000000000000000 ) ) ;
#1697 = ADVANCED_FACE ( 'NONE', ( #4384, #4084, #1227, #3677, #2002, #2237 ), #1176, .T. ) ;
#1698 = EDGE_CURVE ( 'NONE', #642, #3818, #2430, .T. ) ;
#1699 = CARTESIAN_POINT ( 'NONE',  ( -5.437493476110999424, 0.8292531715723999719, 14.61249366520000059 ) ) ;
#1700 = CARTESIAN_POINT ( 'NONE',  ( 5.500000000000000000, 0.000000000000000000, 2.299999999999999822 ) ) ;
#1701 = ORIENTED_EDGE ( 'NONE', *, *, #2477, .F. ) ;
#1702 = DIRECTION ( 'NONE',  ( 1.000000000000000000, 0.000000000000000000, 0.000000000000000000 ) ) ;
#1703 = ORIENTED_EDGE ( 'NONE', *, *, #3916, .F. ) ;
#1704 = ADVANCED_FACE ( 'NONE', ( #2402 ), #1307, .F. ) ;
#1705 = CARTESIAN_POINT ( 'NONE',  ( -4.575000000000000178, 0.000000000000000000, 14.05999999999999872 ) ) ;
#1706 = DIRECTION ( 'NONE',  ( 0.000000000000000000, 0.000000000000000000, -1.000000000000000000 ) ) ;
#1707 =( LENGTH_UNIT ( ) NAMED_UNIT ( * ) SI_UNIT ( .MILLI., .METRE. ) );
#1708 = ORIENTED_EDGE ( 'NONE', *, *, #1830, .T. ) ;
#1709 = CARTESIAN_POINT ( 'NONE',  ( -1.039230484540999866, 0.1499999999999999944, 10.56499999999999950 ) ) ;
#1710 = CARTESIAN_POINT ( 'NONE',  ( -0.1499999999999999944, -0.8502457741855999895, 14.83064306083000083 ) ) ;
#1711 = ORIENTED_EDGE ( 'NONE', *, *, #729, .T. ) ;
#1712 = ORIENTED_EDGE ( 'NONE', *, *, #2551, .F. ) ;
#1713 = FACE_OUTER_BOUND ( 'NONE', #418, .T. ) ;
#1714 = CARTESIAN_POINT ( 'NONE',  ( -3.850000000000000089, 0.000000000000000000, -1.199999999999999956 ) ) ;
#1715 = CARTESIAN_POINT ( 'NONE',  ( 4.575000000000000178, -0.9617718549370594117, 14.05999999549683643 ) ) ;
#1716 = ORIENTED_EDGE ( 'NONE', *, *, #1905, .F. ) ;
#1717 = SURFACE_STYLE_USAGE ( .BOTH. , #2774 ) ;
#1718 = CARTESIAN_POINT ( 'NONE',  ( -4.575000000000000178, 0.9617718549886703494, 14.03880496173011139 ) ) ;
#1719 = COLOUR_RGB ( '',1.000000000000000000, 1.000000000000000000, 1.000000000000000000 ) ;
#1720 = CARTESIAN_POINT ( 'NONE',  ( -5.500000000000000000, 0.06431663951171000260, 13.07000000000000028 ) ) ;
#1721 = EDGE_CURVE ( 'NONE', #1329, #3684, #1140, .T. ) ;
#1722 = CONICAL_SURFACE ( 'NONE', #4001, 1.699985370263999318, 0.7853895592358033362 ) ;
#1723 = ORIENTED_EDGE ( 'NONE', *, *, #3077, .T. ) ;
#1724 = CARTESIAN_POINT ( 'NONE',  ( -0.1499999999999999944, 0.8502755931665999523, 14.83069395849000038 ) ) ;
#1725 = ORIENTED_EDGE ( 'NONE', *, *, #3749, .T. ) ;
#1726 = SURFACE_STYLE_USAGE ( .BOTH. , #3147 ) ;
#1727 = AXIS2_PLACEMENT_3D ( 'NONE', #3501, #2852, #378 ) ;
#1728 = CARTESIAN_POINT ( 'NONE',  ( -4.825000000000000178, 5.908920805885980562E-16, 16.55999999999999872 ) ) ;
#1729 = ADVANCED_FACE ( 'NONE', ( #3780 ), #2680, .T. ) ;
#1730 = EDGE_LOOP ( 'NONE', ( #1294, #485, #2705, #2504, #658 ) ) ;
#1731 = DIRECTION ( 'NONE',  ( -1.000000000000000000, 0.000000000000000000, 0.000000000000000000 ) ) ;
#1732 = UNCERTAINTY_MEASURE_WITH_UNIT (LENGTH_MEASURE( 1.000000000000000082E-05 ), #3698, 'distance_accuracy_value', 'NONE');
#1733 = EDGE_LOOP ( 'NONE', ( #2233, #2639 ) ) ;
#1735 = ORIENTED_EDGE ( 'NONE', *, *, #2571, .T. ) ;
#1734 = PLANE ( 'NONE',  #3219 ) ;
#1736 = ORIENTED_EDGE ( 'NONE', *, *, #3503, .F. ) ;
#1737 = CARTESIAN_POINT ( 'NONE',  ( 0.000000000000000000, 1.050000000000000044, -8.400000000000000355 ) ) ;
#1738 = LINE ( 'NONE', #3185, #2016 ) ;
#1739 = CARTESIAN_POINT ( 'NONE',  ( 4.575000000000000178, 0.9672111857017998693, 13.91182306118999890 ) ) ;
#1740 = CARTESIAN_POINT ( 'NONE',  ( 1.039230484540999866, 0.1499999999999999944, 10.56499999999999950 ) ) ;
#1741 = ORIENTED_EDGE ( 'NONE', *, *, #3048, .T. ) ;
#1742 = CARTESIAN_POINT ( 'NONE',  ( 0.000000000000000000, 0.000000000000000000, -1.199999999999999956 ) ) ;
#1743 =( LENGTH_UNIT ( ) NAMED_UNIT ( * ) SI_UNIT ( .MILLI., .METRE. ) );
#1744 = AXIS2_PLACEMENT_3D ( 'NONE', #1654, #2270, #2653 ) ;
#1745 = AXIS2_PLACEMENT_3D ( 'NONE', #4036, #3685, #3121 ) ;
#1746 = DIRECTION ( 'NONE',  ( -1.000000000000000000, 0.000000000000000000, 0.000000000000000000 ) ) ;
#1747 = ORIENTED_EDGE ( 'NONE', *, *, #3580, .T. ) ;
#1748 = FACE_OUTER_BOUND ( 'NONE', #1468, .T. ) ;
#1749 = ORIENTED_EDGE ( 'NONE', *, *, #3251, .T. ) ;
#1750 = CARTESIAN_POINT ( 'NONE',  ( 0.000000000000000000, 0.000000000000000000, -4.599999999999999645 ) ) ;
#1751 = EDGE_CURVE ( 'NONE', #2327, #2245, #1596, .T. ) ;
#1752 = AXIS2_PLACEMENT_3D ( 'NONE', #1200, #2986, #4062 ) ;
#1753 = VECTOR ( 'NONE', #1686, 1000.000000000000000 ) ;
#1754 = CARTESIAN_POINT ( 'NONE',  ( -6.349999999999999645, 8.149969025284805824, 0.000000000000000000 ) ) ;
#1755 = VERTEX_POINT ( 'NONE', #618 ) ;
#1756 = DIRECTION ( 'NONE',  ( 0.000000000000000000, 0.6131883886701940956, -0.7899367063252922261 ) ) ;
#1757 = STYLED_ITEM ( 'NONE', ( #1135 ), #2212 ) ;
#1758 = AXIS2_PLACEMENT_3D ( 'NONE', #2882, #2926, #3615 ) ;
#1759 = CARTESIAN_POINT ( 'NONE',  ( -7.479999999999999538, -8.750000000000000000, 2.299999999999999822 ) ) ;
#1760 = ADVANCED_FACE ( 'NONE', ( #572 ), #928, .F. ) ;
#1761 = VECTOR ( 'NONE', #3944, 1000.000000000000000 ) ;
#1762 = AXIS2_PLACEMENT_3D ( 'NONE', #2586, #1513, #825 ) ;
#1763 = ORIENTED_EDGE ( 'NONE', *, *, #2514, .F. ) ;
#1765 = ORIENTED_EDGE ( 'NONE', *, *, #2477, .T. ) ;
#1764 = CARTESIAN_POINT ( 'NONE',  ( -0.1499999999999999944, -1.039230484540999866, 10.56499999999999950 ) ) ;
#1766 = AXIS2_PLACEMENT_3D ( 'NONE', #3496, #1746, #258 ) ;
#1767 = CARTESIAN_POINT ( 'NONE',  ( -3.811648262644349985E-18, 1.050000000000000266, -8.089679431393820508 ) ) ;
#1768 = EDGE_CURVE ( 'NONE', #2028, #512, #4154, .T. ) ;
#1769 = FILL_AREA_STYLE_COLOUR ( '', #2815 ) ;
#1770 = VECTOR ( 'NONE', #1502, 1000.000000000000000 ) ;
#1771 = CARTESIAN_POINT ( 'NONE',  ( 7.950000000000000178, -6.349999999999999645, 0.000000000000000000 ) ) ;
#1772 = ORIENTED_EDGE ( 'NONE', *, *, #2302, .T. ) ;
#1773 = DIRECTION ( 'NONE',  ( -1.000000000000000000, 0.000000000000000000, 0.000000000000000000 ) ) ;
#1774 = B_SPLINE_CURVE_WITH_KNOTS ( 'NONE', 3,
 ( #1737, #1767, #2724, #2794, #3088, #4467, #1306, #667, #4115, #2380, #644, #1380, #2078, #3777, #4187, #2448 ),
 .UNSPECIFIED., .F., .F.,
 ( 4, 2, 2, 2, 2, 2, 2, 4 ),
 ( -0.003704149668594011215, -0.002778112251445508628, -0.002315093542871256901, -0.001852074834297005607, -0.001389056125722754314, -0.0009260374171485025868, -0.0004630187085742512934, 0.000000000000000000 ),
 .UNSPECIFIED. ) ;
#1775 = AXIS2_PLACEMENT_3D ( 'NONE', #2941, #4340, #856 ) ;
#1776 = CARTESIAN_POINT ( 'NONE',  ( 5.455275706295999782, 0.7046338391855000438, 13.35540460862999979 ) ) ;
#1777 = ORIENTED_EDGE ( 'NONE', *, *, #2971, .F. ) ;
#1778 = CARTESIAN_POINT ( 'NONE',  ( -4.825000000000000178, 0.000000000000000000, 14.05999999999999872 ) ) ;
#1779 = CARTESIAN_POINT ( 'NONE',  ( 0.000000000000000000, 0.000000000000000000, 10.56499999999999950 ) ) ;
#1780 = CARTESIAN_POINT ( 'NONE',  ( -0.7099999999999999645, 0.000000000000000000, -5.884624424521483377 ) ) ;
#1781 = CARTESIAN_POINT ( 'NONE',  ( -4.825000000000001954, -0.2816412431761876056, 16.56000000000000227 ) ) ;
#1782 = ORIENTED_EDGE ( 'NONE', *, *, #3215, .T. ) ;
#1783 = CARTESIAN_POINT ( 'NONE',  ( 0.000000000000000000, 0.000000000000000000, 17.80000000000000071 ) ) ;
#1784 = CYLINDRICAL_SURFACE ( 'NONE', #4261, 0.7099999999999999645 ) ;
#1785 = DIRECTION ( 'NONE',  ( 0.000000000000000000, -1.000000000000000000, 0.000000000000000000 ) ) ;
#1786 = UNCERTAINTY_MEASURE_WITH_UNIT (LENGTH_MEASURE( 1.000000000000000082E-05 ), #174, 'distance_accuracy_value', 'NONE');
#1787 = VERTEX_POINT ( 'NONE', #3801 ) ;
#1788 = EDGE_CURVE ( 'NONE', #1052, #2447, #647, .T. ) ;
#1790 = ORIENTED_EDGE ( 'NONE', *, *, #1407, .F. ) ;
#1789 = CARTESIAN_POINT ( 'NONE',  ( -4.574999999999721290, 1.532970971676627325, 16.03484176581234522 ) ) ;
#1791 = EDGE_LOOP ( 'NONE', ( #4375, #1602, #2361, #2141 ) ) ;
#1792 = CARTESIAN_POINT ( 'NONE',  ( 4.575000000000000178, -0.9715146960295999445, 13.86958152559000013 ) ) ;
#1793 = DIRECTION ( 'NONE',  ( 1.000000000000000000, 0.000000000000000000, 0.000000000000000000 ) ) ;
#1794 = EDGE_CURVE ( 'NONE', #1193, #3818, #266, .T. ) ;
#1795 =( NAMED_UNIT ( * ) SI_UNIT ( $, .STERADIAN. ) SOLID_ANGLE_UNIT ( ) );
#1796 = VERTEX_POINT ( 'NONE', #3399 ) ;
#1797 = CARTESIAN_POINT ( 'NONE',  ( 6.349999999999999645, -4.650014629735999883, 2.200014624412999886 ) ) ;
#1798 = FACE_OUTER_BOUND ( 'NONE', #4221, .T. ) ;
#1799 = CARTESIAN_POINT ( 'NONE',  ( 0.000000000000000000, -1.050000000000000044, -8.400000000000000355 ) ) ;
#1800 = EDGE_LOOP ( 'NONE', ( #2298, #2696, #3568, #816, #1712 ) ) ;
#1801 = CYLINDRICAL_SURFACE ( 'NONE', #935, 0.9899999999999995470 ) ;
#1802 = ORIENTED_EDGE ( 'NONE', *, *, #2423, .T. ) ;
#1803 = PLANE ( 'NONE',  #274 ) ;
#1804 = AXIS2_PLACEMENT_3D ( 'NONE', #4142, #3471, #3784 ) ;
#1805 = CARTESIAN_POINT ( 'NONE',  ( 7.950000000000000178, 6.349999999999999645, 2.100027533553999959 ) ) ;
#1806 = CARTESIAN_POINT ( 'NONE',  ( 0.000000000000000000, 0.000000000000000000, 14.86500000000000021 ) ) ;
#1807 = VERTEX_POINT ( 'NONE', #1715 ) ;
#1808 = DIRECTION ( 'NONE',  ( 0.000000000000000000, 0.000000000000000000, 1.000000000000000000 ) ) ;
#1809 = CARTESIAN_POINT ( 'NONE',  ( -0.1499999999999999944, 1.039230484540999866, 10.56499999999999950 ) ) ;
#1810 =( NAMED_UNIT ( * ) SI_UNIT ( $, .STERADIAN. ) SOLID_ANGLE_UNIT ( ) );
#1811 = CIRCLE ( 'NONE', #1341, 0.9900000000000001021 ) ;
#1812 = CARTESIAN_POINT ( 'NONE',  ( -0.8703741808410999647, 0.1499999999999999944, 14.86500000000000021 ) ) ;
#1814 = ORIENTED_EDGE ( 'NONE', *, *, #2975, .F. ) ;
#1813 = CARTESIAN_POINT ( 'NONE',  ( -4.647072058422298646, 1.317879053189220384, 16.20180687308918266 ) ) ;
#1815 = ORIENTED_EDGE ( 'NONE', *, *, #3333, .T. ) ;
#1816 = EDGE_CURVE ( 'NONE', #3259, #3022, #234, .T. ) ;
#1817 = CARTESIAN_POINT ( 'NONE',  ( 4.575000000000000178, -1.532970971676000049, 15.69630681720000176 ) ) ;
#1818 = FILL_AREA_STYLE ('',( #2496 ) ) ;
#1819 = CARTESIAN_POINT ( 'NONE',  ( 4.575000000000000178, 0.9715146960295999445, 13.86958152558000101 ) ) ;
#1820 = CARTESIAN_POINT ( 'NONE',  ( -8.750000000000000000, 7.479999999999999538, 2.299999999999999822 ) ) ;
#1821 = ORIENTED_EDGE ( 'NONE', *, *, #3984, .T. ) ;
#1822 = CARTESIAN_POINT ( 'NONE',  ( 0.000000000000000000, 0.000000000000000000, 18.05000000000000071 ) ) ;
#1823 = EDGE_CURVE ( 'NONE', #3573, #108, #1446, .T. ) ;
#1824 = LINE ( 'NONE', #1055, #2601 ) ;
#1825 = FACE_OUTER_BOUND ( 'NONE', #3492, .T. ) ;
#1826 = ORIENTED_EDGE ( 'NONE', *, *, #487, .T. ) ;
#1827 = CARTESIAN_POINT ( 'NONE',  ( -0.09227853142522854379, 0.7049442899270331742, -7.431317120957351641 ) ) ;
#1828 = MECHANICAL_DESIGN_GEOMETRIC_PRESENTATION_REPRESENTATION (  '', ( #2624 ), #3362 ) ;
#1829 = DIRECTION ( 'NONE',  ( 1.000000000000000000, 0.000000000000000000, 0.000000000000000000 ) ) ;
#1830 = EDGE_CURVE ( 'NONE', #2836, #2182, #32, .T. ) ;
#1831 =( GEOMETRIC_REPRESENTATION_CONTEXT ( 3 ) GLOBAL_UNCERTAINTY_ASSIGNED_CONTEXT ( ( #2248 ) ) GLOBAL_UNIT_ASSIGNED_CONTEXT ( ( #82, #3989, #834 ) ) REPRESENTATION_CONTEXT ( 'NONE', 'WORKASPACE' ) );
#1832 = CARTESIAN_POINT ( 'NONE',  ( 0.1499999999999999944, 1.039230484540999866, 14.86500000000000021 ) ) ;
#1833 = ORIENTED_EDGE ( 'NONE', *, *, #3979, .F. ) ;
#1834 = DIRECTION ( 'NONE',  ( 0.000000000000000000, -1.000000000000000000, 0.000000000000000000 ) ) ;
#1835 = DIRECTION ( 'NONE',  ( 0.000000000000000000, 0.000000000000000000, -1.000000000000000000 ) ) ;
#1836 = PRESENTATION_LAYER_ASSIGNMENT (  '', '', ( #718 ) ) ;
#1837 = CARTESIAN_POINT ( 'NONE',  ( -0.6939740629158999141, 0.1499999999999999944, 10.56499999999999950 ) ) ;
#1838 = AXIS2_PLACEMENT_3D ( 'NONE', #1969, #3466, #3071 ) ;
#1839 = AXIS2_PLACEMENT_3D ( 'NONE', #4377, #2254, #147 ) ;
#1840 = DIRECTION ( 'NONE',  ( 0.000000000000000000, 0.000000000000000000, 1.000000000000000000 ) ) ;
#1842 = ORIENTED_EDGE ( 'NONE', *, *, #4401, .F. ) ;
#1841 = DIRECTION ( 'NONE',  ( 0.000000000000000000, 1.000000000000000000, 0.000000000000000000 ) ) ;
#1843 = VECTOR ( 'NONE', #2651, 1000.000000000000000 ) ;
#1844 = DIRECTION ( 'NONE',  ( 1.000000000000000000, 0.000000000000000000, 0.000000000000000000 ) ) ;
#1845 =( NAMED_UNIT ( * ) SI_UNIT ( $, .STERADIAN. ) SOLID_ANGLE_UNIT ( ) );
#1846 = DIRECTION ( 'NONE',  ( 1.000000000000000000, 0.000000000000000000, 0.000000000000000000 ) ) ;
#1847 = CIRCLE ( 'NONE', #4249, 5.500000000000000000 ) ;
#1848 = COLOUR_RGB ( '',1.000000000000000000, 1.000000000000000000, 1.000000000000000000 ) ;
#1849 = DIRECTION ( 'NONE',  ( 0.000000000000000000, 0.000000000000000000, 1.000000000000000000 ) ) ;
#1850 = SURFACE_STYLE_USAGE ( .BOTH. , #1427 ) ;
#1851 = DIRECTION ( 'NONE',  ( 1.000000000000000000, 0.000000000000000000, 0.000000000000000000 ) ) ;
#1852 = ORIENTED_EDGE ( 'NONE', *, *, #2343, .T. ) ;
#1853 = EDGE_CURVE ( 'NONE', #3866, #4382, #1291, .T. ) ;
#1854 = CARTESIAN_POINT ( 'NONE',  ( 4.575000000000000178, -0.9819404648914000777, 13.76724634964999971 ) ) ;
#1855 = FILL_AREA_STYLE ('',( #429 ) ) ;
#1856 = DIRECTION ( 'NONE',  ( 0.000000000000000000, 0.000000000000000000, 1.000000000000000000 ) ) ;
#1857 = CIRCLE ( 'NONE', #4411, 1.600000000000000755 ) ;
#1858 = ORIENTED_EDGE ( 'NONE', *, *, #514, .T. ) ;
#1859 = EDGE_CURVE ( 'NONE', #3348, #2129, #848, .T. ) ;
#1860 = FACE_OUTER_BOUND ( 'NONE', #434, .T. ) ;
#1861 = EDGE_LOOP ( 'NONE', ( #2145, #3253 ) ) ;
#1862 = PRODUCT_CONTEXT ( 'NONE', #1635, 'mechanical' ) ;
#1863 = CARTESIAN_POINT ( 'NONE',  ( -5.412490261920999579, -0.9774242651590999698, 13.86690789364000054 ) ) ;
#1864 = CARTESIAN_POINT ( 'NONE',  ( 0.000000000000000000, 0.000000000000000000, 14.86500000000000021 ) ) ;
#1865 = CARTESIAN_POINT ( 'NONE',  ( 6.349999999999999645, -6.349999999999999645, 0.000000000000000000 ) ) ;
#1866 = VERTEX_POINT ( 'NONE', #3540 ) ;
#1867 = DIRECTION ( 'NONE',  ( 0.000000000000000000, 0.000000000000000000, 1.000000000000000000 ) ) ;
#1868 = CARTESIAN_POINT ( 'NONE',  ( 5.500000000000000000, -0.06431663951171000260, 15.04999999999999893 ) ) ;
#1869 = SURFACE_SIDE_STYLE ('',( #447 ) ) ;
#1870 = ORIENTED_EDGE ( 'NONE', *, *, #956, .F. ) ;
#1871 = DIRECTION ( 'NONE',  ( -1.000000000000000000, 0.000000000000000000, 0.000000000000000000 ) ) ;
#1872 = DIRECTION ( 'NONE',  ( 0.000000000000000000, 0.000000000000000000, 1.000000000000000000 ) ) ;
#1873 = EDGE_CURVE ( 'NONE', #2519, #983, #3552, .T. ) ;
#1874 =( GEOMETRIC_REPRESENTATION_CONTEXT ( 3 ) GLOBAL_UNCERTAINTY_ASSIGNED_CONTEXT ( ( #206 ) ) GLOBAL_UNIT_ASSIGNED_CONTEXT ( ( #4000, #3340, #3297 ) ) REPRESENTATION_CONTEXT ( 'NONE', 'WORKASPACE' ) );
#1875 = ORIENTED_EDGE ( 'NONE', *, *, #974, .F. ) ;
#1876 = CARTESIAN_POINT ( 'NONE',  ( 0.000000000000000000, 0.000000000000000000, 2.864999999999999769 ) ) ;
#1877 = UNCERTAINTY_MEASURE_WITH_UNIT (LENGTH_MEASURE( 1.000000000000000082E-05 ), #1424, 'distance_accuracy_value', 'NONE');
#1878 = PRESENTATION_LAYER_ASSIGNMENT (  '', '', ( #2311 ) ) ;
#1879 = ADVANCED_FACE ( 'NONE', ( #2180 ), #3870, .F. ) ;
#1880 = CARTESIAN_POINT ( 'NONE',  ( 3.850000000000000089, 4.714890176717309515E-16, 0.000000000000000000 ) ) ;
#1882 = ORIENTED_EDGE ( 'NONE', *, *, #2343, .F. ) ;
#1881 = DIRECTION ( 'NONE',  ( 1.000000000000000000, 0.000000000000000000, 0.000000000000000000 ) ) ;
#1883 = CONICAL_SURFACE ( 'NONE', #1126, 4.137499999999999289, 0.01580146602146591250 ) ;
#1884 = DIRECTION ( 'NONE',  ( 0.000000000000000000, 0.000000000000000000, 1.000000000000000000 ) ) ;
#1885 = DIRECTION ( 'NONE',  ( 1.000000000000000000, 0.000000000000000000, 0.000000000000000000 ) ) ;
#1886 = DIRECTION ( 'NONE',  ( 1.000000000000000000, 0.000000000000000000, 0.000000000000000000 ) ) ;
#1887 = CYLINDRICAL_SURFACE ( 'NONE', #3388, 1.600000000000000755 ) ;
#1888 = ORIENTED_EDGE ( 'NONE', *, *, #226, .T. ) ;
#1889 = DIRECTION ( 'NONE',  ( 0.000000000000000000, 0.000000000000000000, 1.000000000000000000 ) ) ;
#1890 = CARTESIAN_POINT ( 'NONE',  ( 0.1499999999999999944, -1.039230484540999866, 10.56499999999999950 ) ) ;
#1891 = CARTESIAN_POINT ( 'NONE',  ( 8.750000000000000000, -7.479999999999999538, 0.000000000000000000 ) ) ;
#1892 = ORIENTED_EDGE ( 'NONE', *, *, #3503, .T. ) ;
#1893 = CARTESIAN_POINT ( 'NONE',  ( 4.575000000000000178, -1.020431098058000030, 13.55321701194000106 ) ) ;
#1894 = CARTESIAN_POINT ( 'NONE',  ( -1.039230484540999866, 0.1499999999999999944, 14.86500000000000021 ) ) ;
#1895 = CONICAL_SURFACE ( 'NONE', #47, 1.699985370264000206, 0.7853895592358033362 ) ;
#1896 = ORIENTED_EDGE ( 'NONE', *, *, #4040, .T. ) ;
#1897 = DIRECTION ( 'NONE',  ( 0.000000000000000000, 0.000000000000000000, -1.000000000000000000 ) ) ;
#1898 = EDGE_CURVE ( 'NONE', #1044, #2152, #1441, .T. ) ;
#1899 = DIRECTION ( 'NONE',  ( 0.000000000000000000, 0.000000000000000000, 1.000000000000000000 ) ) ;
#1900 = AXIS2_PLACEMENT_3D ( 'NONE', #462, #2866, #1885 ) ;
#1901 = PLANE ( 'NONE',  #3126 ) ;
#1902 = AXIS2_PLACEMENT_3D ( 'NONE', #1930, #916, #1343 ) ;
#1904 = ORIENTED_EDGE ( 'NONE', *, *, #1853, .T. ) ;
#1903 = CARTESIAN_POINT ( 'NONE',  ( -4.575000000000000178, 0.9617718549370595227, 14.05999999549673518 ) ) ;
#1905 = EDGE_CURVE ( 'NONE', #720, #4254, #2155, .T. ) ;
#1906 = AXIS2_PLACEMENT_3D ( 'NONE', #3714, #1922, #1559 ) ;
#1907 = AXIS2_PLACEMENT_3D ( 'NONE', #3888, #3553, #293 ) ;
#1908 = CARTESIAN_POINT ( 'NONE',  ( -5.487878232155000369, -0.3796506656899999443, 13.13878705381999978 ) ) ;
#1909 = FACE_OUTER_BOUND ( 'NONE', #3084, .T. ) ;
#1910 = DIRECTION ( 'NONE',  ( 0.000000000000000000, 0.000000000000000000, -1.000000000000000000 ) ) ;
#1911 = ORIENTED_EDGE ( 'NONE', *, *, #2250, .T. ) ;
#1912 = ADVANCED_FACE ( 'NONE', ( #3135 ), #3212, .T. ) ;
#1913 = CIRCLE ( 'NONE', #4242, 0.7099999999999999645 ) ;
#1914 = CYLINDRICAL_SURFACE ( 'NONE', #1685, 2.500000000000000444 ) ;
#1915 = CIRCLE ( 'NONE', #3445, 1.799969025285000024 ) ;
#1916 = CARTESIAN_POINT ( 'NONE',  ( 4.575000000000000178, -0.9617718548855511695, 14.08119502958789582 ) ) ;
#1917 = STYLED_ITEM ( 'NONE', ( #1558 ), #2350 ) ;
#1918 = AXIS2_PLACEMENT_3D ( 'NONE', #3612, #1412, #2922 ) ;
#1919 = LINE ( 'NONE', #2644, #1615 ) ;
#1920 = ORIENTED_EDGE ( 'NONE', *, *, #2697, .F. ) ;
#1921 = DIRECTION ( 'NONE',  ( 0.000000000000000000, 0.000000000000000000, 1.000000000000000000 ) ) ;
#1922 = DIRECTION ( 'NONE',  ( 0.000000000000000000, 0.000000000000000000, 1.000000000000000000 ) ) ;
#1923 =( GEOMETRIC_REPRESENTATION_CONTEXT ( 3 ) GLOBAL_UNCERTAINTY_ASSIGNED_CONTEXT ( ( #708 ) ) GLOBAL_UNIT_ASSIGNED_CONTEXT ( ( #2841, #2211, #3902 ) ) REPRESENTATION_CONTEXT ( 'NONE', 'WORKASPACE' ) );
#1924 = SURFACE_SIDE_STYLE ('',( #1940 ) ) ;
#1925 = STYLED_ITEM ( 'NONE', ( #1153 ), #2878 ) ;
#1926 = ORIENTED_EDGE ( 'NONE', *, *, #919, .F. ) ;
#1927 = FACE_OUTER_BOUND ( 'NONE', #3782, .T. ) ;
#1928 = CARTESIAN_POINT ( 'NONE',  ( -6.349999999999999645, 6.349999999999999645, 0.000000000000000000 ) ) ;
#1929 = ORIENTED_EDGE ( 'NONE', *, *, #282, .T. ) ;
#1930 = CARTESIAN_POINT ( 'NONE',  ( -6.349999999999999645, 6.349999999999999645, 2.100027533553999959 ) ) ;
#1931 = EDGE_CURVE ( 'NONE', #287, #1807, #3799, .T. ) ;
#1932 = CARTESIAN_POINT ( 'NONE',  ( -6.349999999999999645, -7.950000000000000178, 0.1999724664463000123 ) ) ;
#1933 = DIRECTION ( 'NONE',  ( -1.000000000000000000, 0.000000000000000000, 0.000000000000000000 ) ) ;
#1934 = DIRECTION ( 'NONE',  ( 0.000000000000000000, 0.000000000000000000, 1.000000000000000000 ) ) ;
#1935 = EDGE_CURVE ( 'NONE', #3391, #2062, #2337, .T. ) ;
#1936 = DIRECTION ( 'NONE',  ( -1.000000000000000000, 0.000000000000000000, 0.000000000000000000 ) ) ;
#1937 = EDGE_LOOP ( 'NONE', ( #175, #3104, #1349, #2869, #2431, #393 ) ) ;
#1938 = CARTESIAN_POINT ( 'NONE',  ( -4.199999999999996625, 5.143516556418878983E-16, 17.80000000000000071 ) ) ;
#1939 =( LENGTH_UNIT ( ) NAMED_UNIT ( * ) SI_UNIT ( .MILLI., .METRE. ) );
#1940 = SURFACE_STYLE_FILL_AREA ( #2560 ) ;
#1941 = EDGE_CURVE ( 'NONE', #3059, #3797, #2890, .T. ) ;
#1942 = EDGE_LOOP ( 'NONE', ( #1701, #3486, #662, #1417 ) ) ;
#1943 = CARTESIAN_POINT ( 'NONE',  ( -1.243449787579999883E-14, -1.487698852997999749E-14, 7.299999999999999822 ) ) ;
#1944 = FILL_AREA_STYLE_COLOUR ( '', #3960 ) ;
#1945 = PLANE ( 'NONE',  #1662 ) ;
#1946 = ORIENTED_EDGE ( 'NONE', *, *, #1348, .F. ) ;
#1947 = VECTOR ( 'NONE', #4486, 1000.000000000000000 ) ;
#1948 = CARTESIAN_POINT ( 'NONE',  ( -4.074999999999999289, 5.066976131472171488E-16, 9.889999999999998792 ) ) ;
#1949 = CIRCLE ( 'NONE', #4502, 0.7099999999999999645 ) ;
#1950 = SURFACE_STYLE_USAGE ( .BOTH. , #189 ) ;
#1951 = ORIENTED_EDGE ( 'NONE', *, *, #826, .T. ) ;
#1952 = EDGE_CURVE ( 'NONE', #3162, #2925, #1564, .T. ) ;
#1953 = TOROIDAL_SURFACE ( 'NONE', #1421, 13.67499999999999893, 9.000000000000000000 ) ;
#1954 = DIRECTION ( 'NONE',  ( -1.000000000000000000, 0.000000000000000000, 0.000000000000000000 ) ) ;
#1955 = DIRECTION ( 'NONE',  ( 0.000000000000000000, 0.000000000000000000, 1.000000000000000000 ) ) ;
#1956 = ORIENTED_EDGE ( 'NONE', *, *, #586, .T. ) ;
#1957 = DIRECTION ( 'NONE',  ( 0.000000000000000000, -1.000000000000000000, 0.000000000000000000 ) ) ;
#1958 = EDGE_CURVE ( 'NONE', #2979, #3690, #497, .T. ) ;
#1959 = ORIENTED_EDGE ( 'NONE', *, *, #2006, .T. ) ;
#1960 = LINE ( 'NONE', #2067, #3232 ) ;
#1961 = EDGE_CURVE ( 'NONE', #1676, #1057, #1447, .T. ) ;
#1962 = ORIENTED_EDGE ( 'NONE', *, *, #4348, .F. ) ;
#1963 = CARTESIAN_POINT ( 'NONE',  ( -0.8703741808410999647, -0.1499999999999999944, 14.86500000000000021 ) ) ;
#1964 = CIRCLE ( 'NONE', #2921, 0.8832050807568999629 ) ;
#1965 =( NAMED_UNIT ( * ) PLANE_ANGLE_UNIT ( ) SI_UNIT ( $, .RADIAN. ) );
#1966 = VERTEX_POINT ( 'NONE', #3385 ) ;
#1967 = AXIS2_PLACEMENT_3D ( 'NONE', #1692, #921, #2339 ) ;
#1968 = VECTOR ( 'NONE', #784, 1000.000000000000000 ) ;
#1969 = CARTESIAN_POINT ( 'NONE',  ( 0.000000000000000000, 0.000000000000000000, 14.56499999999999950 ) ) ;
#1970 = COLOUR_RGB ( '',1.000000000000000000, 0.8705882352941176627, 0.5294117647058823595 ) ;
#1971 = VECTOR ( 'NONE', #2550, 1000.000000000000000 ) ;
#1972 = CARTESIAN_POINT ( 'NONE',  ( 6.349999999999999645, 4.750000000000000000, 2.100027533553999959 ) ) ;
#1973 = EDGE_LOOP ( 'NONE', ( #3887, #4312 ) ) ;
#1974 = CARTESIAN_POINT ( 'NONE',  ( -6.349999999999999645, 8.049985370263998519, 0.09998537558667000558 ) ) ;
#1975 = CARTESIAN_POINT ( 'NONE',  ( -4.800464999221046192, -0.5542410105470061410, 11.60642106314404565 ) ) ;
#1976 = PLANE ( 'NONE',  #419 ) ;
#1977 = AXIS2_PLACEMENT_3D ( 'NONE', #3076, #3852, #4120 ) ;
#1978 = CIRCLE ( 'NONE', #4534, 0.9900000000000001021 ) ;
#1979 = CARTESIAN_POINT ( 'NONE',  ( 4.574999999999721290, 1.532970971676625771, 16.03484176581234522 ) ) ;
#1980 = EDGE_CURVE ( 'NONE', #2836, #1324, #2641, .T. ) ;
#1981 = ORIENTED_EDGE ( 'NONE', *, *, #2608, .F. ) ;
#1982 = AXIS2_PLACEMENT_3D ( 'NONE', #3472, #4492, #672 ) ;
#1983 = DIRECTION ( 'NONE',  ( 1.000000000000000000, 0.000000000000000000, 0.000000000000000000 ) ) ;
#1984 = DIRECTION ( 'NONE',  ( 0.000000000000000000, 0.000000000000000000, -1.000000000000000000 ) ) ;
#1985 = FILL_AREA_STYLE_COLOUR ( '', #31 ) ;
#1986 = EDGE_CURVE ( 'NONE', #992, #2585, #1600, .T. ) ;
#1987 = DIRECTION ( 'NONE',  ( -8.659486053775537887E-17, 0.7071006970993278795, -0.7071128652214188071 ) ) ;
#1988 = ORIENTED_EDGE ( 'NONE', *, *, #2813, .F. ) ;
#1990 = ORIENTED_EDGE ( 'NONE', *, *, #1859, .T. ) ;
#1989 = CARTESIAN_POINT ( 'NONE',  ( 0.000000000000000000, 0.000000000000000000, -8.400000000000000355 ) ) ;
#1991 = CIRCLE ( 'NONE', #1775, 1.050000000000000044 ) ;
#1992 = CARTESIAN_POINT ( 'NONE',  ( -7.479999999999999538, -7.479999999999999538, 0.000000000000000000 ) ) ;
#1993 = ORIENTED_EDGE ( 'NONE', *, *, #676, .F. ) ;
#1994 = CARTESIAN_POINT ( 'NONE',  ( 0.000000000000000000, 0.000000000000000000, -9.563250000000000028 ) ) ;
#1995 = CARTESIAN_POINT ( 'NONE',  ( -0.7099999999999999645, 0.000000000000000000, -9.563250000000000028 ) ) ;
#1996 = DIRECTION ( 'NONE',  ( 0.000000000000000000, -1.000000000000000000, 0.000000000000000000 ) ) ;
#1997 = COLOUR_RGB ( '',1.000000000000000000, 0.8705882352941176627, 0.5294117647058823595 ) ;
#1998 = CARTESIAN_POINT ( 'NONE',  ( -4.575000000000000178, 0.9715146960295999445, 14.25041847440999909 ) ) ;
#1999 = VERTEX_POINT ( 'NONE', #4436 ) ;
#2000 = CARTESIAN_POINT ( 'NONE',  ( 4.575000000000000178, 1.452714555590999934, 15.55839708775000041 ) ) ;
#2001 = CARTESIAN_POINT ( 'NONE',  ( -0.1499999999999999944, -1.039230484540999866, 14.86500000000000021 ) ) ;
#2002 = FACE_BOUND ( 'NONE', #3763, .T. ) ;
#2003 = ORIENTED_EDGE ( 'NONE', *, *, #526, .T. ) ;
#2004 = CARTESIAN_POINT ( 'NONE',  ( 4.825000000000000178, 0.000000000000000000, 7.299999999999999822 ) ) ;
#2005 = PRESENTATION_STYLE_ASSIGNMENT (( #4069 ) ) ;
#2006 = EDGE_CURVE ( 'NONE', #1005, #2182, #345, .T. ) ;
#2007 = LINE ( 'NONE', #2309, #1281 ) ;
#2008 = ORIENTED_EDGE ( 'NONE', *, *, #1941, .F. ) ;
#2009 = CARTESIAN_POINT ( 'NONE',  ( 4.575000000000000178, 0.000000000000000000, 14.05999999999999872 ) ) ;
#2010 = EDGE_CURVE ( 'NONE', #3436, #2764, #637, .T. ) ;
#2011 = DIRECTION ( 'NONE',  ( 0.000000000000000000, 0.000000000000000000, 1.000000000000000000 ) ) ;
#2012 = ORIENTED_EDGE ( 'NONE', *, *, #931, .F. ) ;
#2013 = DIRECTION ( 'NONE',  ( 0.000000000000000000, 0.000000000000000000, 1.000000000000000000 ) ) ;
#2014 = AXIS2_PLACEMENT_3D ( 'NONE', #693, #352, #396 ) ;
#2015 = CARTESIAN_POINT ( 'NONE',  ( 6.349999999999999645, 7.950000000000000178, 2.100027533553999959 ) ) ;
#2016 = VECTOR ( 'NONE', #2104, 1000.000000000000000 ) ;
#2017 = SURFACE_SIDE_STYLE ('',( #3738 ) ) ;
#2018 = VERTEX_POINT ( 'NONE', #4389 ) ;
#2019 =( NAMED_UNIT ( * ) PLANE_ANGLE_UNIT ( ) SI_UNIT ( $, .RADIAN. ) );
#2020 = CARTESIAN_POINT ( 'NONE',  ( 6.349999999999999645, -7.950000000000000178, 0.1999724664463000123 ) ) ;
#2021 = CONICAL_SURFACE ( 'NONE', #3847, 1.699985370263999318, 0.7853895592358033362 ) ;
#2022 = CARTESIAN_POINT ( 'NONE',  ( -4.575000000000000178, 0.000000000000000000, 13.07000000000000028 ) ) ;
#2023 = ORIENTED_EDGE ( 'NONE', *, *, #1180, .T. ) ;
#2024 = CARTESIAN_POINT ( 'NONE',  ( -0.1499999999999999944, 0.7130727625871000619, 14.59733324679999988 ) ) ;
#2025 = FILL_AREA_STYLE_COLOUR ( '', #2285 ) ;
#2026 =( NAMED_UNIT ( * ) SI_UNIT ( $, .STERADIAN. ) SOLID_ANGLE_UNIT ( ) );
#2027 = SURFACE_STYLE_FILL_AREA ( #957 ) ;
#2028 = VERTEX_POINT ( 'NONE', #1272 ) ;
#2029 = DIRECTION ( 'NONE',  ( -1.000000000000000000, 0.000000000000000000, 0.000000000000000000 ) ) ;
#2030 = ORIENTED_EDGE ( 'NONE', *, *, #4158, .T. ) ;
#2031 = ADVANCED_FACE ( 'NONE', ( #2626 ), #2291, .T. ) ;
#2032 = AXIS2_PLACEMENT_3D ( 'NONE', #77, #2863, #1074 ) ;
#2033 = LINE ( 'NONE', #705, #2652 ) ;
#2034 = ORIENTED_EDGE ( 'NONE', *, *, #1058, .F. ) ;
#2035 = B_SPLINE_CURVE_WITH_KNOTS ( 'NONE', 3,
 ( #1728, #1781, #2484, #3200, #312, #4276 ),
 .UNSPECIFIED., .F., .F.,
 ( 4, 2, 4 ),
 ( 0.001668306182471426900, 0.002500884024384287217, 0.003333461866297148402 ),
 .UNSPECIFIED. ) ;
#2036 = CONICAL_SURFACE ( 'NONE', #700, 0.7966025403783999481, 0.5235987755981996727 ) ;
#2037 = CARTESIAN_POINT ( 'NONE',  ( 4.575000000000000178, -0.9628597212329231825, 13.97521986153993723 ) ) ;
#2038 = EDGE_CURVE ( 'NONE', #1324, #2836, #4160, .T. ) ;
#2039 = ORIENTED_EDGE ( 'NONE', *, *, #1089, .T. ) ;
#2040 = AXIS2_PLACEMENT_3D ( 'NONE', #4501, #3410, #914 ) ;
#2041 = CARTESIAN_POINT ( 'NONE',  ( 5.422466187452999797, 0.9212441395699999536, 14.43958448006999973 ) ) ;
#2042 = ORIENTED_EDGE ( 'NONE', *, *, #2083, .T. ) ;
#2043 = FILL_AREA_STYLE ('',( #1389 ) ) ;
#2044 = LINE ( 'NONE', #2803, #629 ) ;
#2045 = AXIS2_PLACEMENT_3D ( 'NONE', #4456, #1295, #674 ) ;
#2046 = LINE ( 'NONE', #3458, #606 ) ;
#2047 = AXIS2_PLACEMENT_3D ( 'NONE', #3231, #3260, #2744 ) ;
#2048 = COLOUR_RGB ( '',1.000000000000000000, 0.8705882352941176627, 0.5294117647058823595 ) ;
#2049 = EDGE_LOOP ( 'NONE', ( #1051, #878 ) ) ;
#2050 = CARTESIAN_POINT ( 'NONE',  ( 0.000000000000000000, 0.000000000000000000, 10.56499999999999950 ) ) ;
#2051 = DIRECTION ( 'NONE',  ( 0.000000000000000000, 0.000000000000000000, 1.000000000000000000 ) ) ;
#2052 = UNCERTAINTY_MEASURE_WITH_UNIT (LENGTH_MEASURE( 1.000000000000000082E-05 ), #995, 'distance_accuracy_value', 'NONE');
#2053 = VERTEX_POINT ( 'NONE', #4067 ) ;
#2054 = COLOUR_RGB ( '',1.000000000000000000, 0.8705882352941176627, 0.5294117647058823595 ) ;
#2055 = VERTEX_POINT ( 'NONE', #1652 ) ;
#2056 = ORIENTED_EDGE ( 'NONE', *, *, #2224, .T. ) ;
#2057 = CARTESIAN_POINT ( 'NONE',  ( 0.000000000000000000, 0.000000000000000000, 7.299999999999999822 ) ) ;
#2058 = ADVANCED_FACE ( 'NONE', ( #579 ), #3072, .F. ) ;
#2059 = AXIS2_PLACEMENT_3D ( 'NONE', #22, #4444, #1278 ) ;
#2060 = CARTESIAN_POINT ( 'NONE',  ( 4.825000000000000178, 0.000000000000000000, 2.864999999999999769 ) ) ;
#2061 = FACE_OUTER_BOUND ( 'NONE', #3832, .T. ) ;
#2062 = VERTEX_POINT ( 'NONE', #2004 ) ;
#2063 = CARTESIAN_POINT ( 'NONE',  ( 0.000000000000000000, 0.000000000000000000, 12.42369318280000101 ) ) ;
#2064 = ADVANCED_FACE ( 'NONE', ( #241 ), #1605, .F. ) ;
#2065 = DIRECTION ( 'NONE',  ( 0.000000000000000000, 0.000000000000000000, 1.000000000000000000 ) ) ;
#2066 = ORIENTED_EDGE ( 'NONE', *, *, #477, .F. ) ;
#2067 = CARTESIAN_POINT ( 'NONE',  ( -0.6939740629158999141, 0.1499999999999999944, 10.56499999999999950 ) ) ;
#2068 = ORIENTED_EDGE ( 'NONE', *, *, #3689, .F. ) ;
#2069 = CYLINDRICAL_SURFACE ( 'NONE', #412, 2.350000000000000089 ) ;
#2070 = CARTESIAN_POINT ( 'NONE',  ( -0.2938541725179582564, -0.6509211726438731693, -6.726398717636976166 ) ) ;
#2071 = DIRECTION ( 'NONE',  ( 0.000000000000000000, -1.000000000000000000, 0.000000000000000000 ) ) ;
#2072 = EDGE_LOOP ( 'NONE', ( #4133, #3091, #2897, #1988, #4462, #1483, #1384, #3517, #1359, #1007, #4403, #1460 ) ) ;
#2073 = DIRECTION ( 'NONE',  ( 0.000000000000000000, 0.000000000000000000, 1.000000000000000000 ) ) ;
#2074 = ORIENTED_EDGE ( 'NONE', *, *, #895, .T. ) ;
#2076 = EDGE_LOOP ( 'NONE', ( #3461, #301 ) ) ;
#2075 = FILL_AREA_STYLE_COLOUR ( '', #1286 ) ;
#2077 = ORIENTED_EDGE ( 'NONE', *, *, #1636, .F. ) ;
#2078 = CARTESIAN_POINT ( 'NONE',  ( -0.9006741333832062324, 0.5564338379696088799, -5.595848292474697949 ) ) ;
#2079 = CARTESIAN_POINT ( 'NONE',  ( 0.000000000000000000, 0.000000000000000000, 14.05999999999999872 ) ) ;
#2080 = DIRECTION ( 'NONE',  ( 0.000000000000000000, 0.000000000000000000, -1.000000000000000000 ) ) ;
#2081 = CARTESIAN_POINT ( 'NONE',  ( 7.479999999999999538, 7.479999999999999538, 0.000000000000000000 ) ) ;
#2082 = ORIENTED_EDGE ( 'NONE', *, *, #4447, .T. ) ;
#2083 = EDGE_CURVE ( 'NONE', #1796, #515, #1960, .T. ) ;
#2084 = CIRCLE ( 'NONE', #835, 2.700000000000000178 ) ;
#2085 = DIRECTION ( 'NONE',  ( 0.000000000000000000, -1.000000000000000000, 0.000000000000000000 ) ) ;
#2086 = CIRCLE ( 'NONE', #105, 0.7099999999999999645 ) ;
#2087 = VERTEX_POINT ( 'NONE', #355 ) ;
#2088 = EDGE_CURVE ( 'NONE', #4325, #3592, #4494, .T. ) ;
#2089 = FACE_OUTER_BOUND ( 'NONE', #228, .T. ) ;
#2090 = ORIENTED_EDGE ( 'NONE', *, *, #3611, .F. ) ;
#2091 = CARTESIAN_POINT ( 'NONE',  ( 0.000000000000000000, 0.000000000000000000, -9.563250000000000028 ) ) ;
#2092 = AXIS2_PLACEMENT_3D ( 'NONE', #1661, #945, #3823 ) ;
#2093 = CARTESIAN_POINT ( 'NONE',  ( -4.575000000000000178, -0.9617718549370564141, 14.06000000450248422 ) ) ;
#2094 = SURFACE_STYLE_USAGE ( .BOTH. , #3460 ) ;
#2095 = ORIENTED_EDGE ( 'NONE', *, *, #847, .T. ) ;
#2096 = CARTESIAN_POINT ( 'NONE',  ( 4.825000000000000178, 0.2821741124829978409, 11.55999999999999872 ) ) ;
#2097 = EDGE_CURVE ( 'NONE', #893, #306, #1077, .T. ) ;
#2098 = VERTEX_POINT ( 'NONE', #2780 ) ;
#2099 = B_SPLINE_CURVE_WITH_KNOTS ( 'NONE', 3,
 ( #2783, #1464, #1111, #3549, #3118, #1363 ),
 .UNSPECIFIED., .F., .F.,
 ( 4, 1, 1, 4 ),
 ( 0.000000000000000000, 0.3333333333333000081, 0.6666666666667000474, 1.000000000000000000 ),
 .UNSPECIFIED. ) ;
#2100 = UNCERTAINTY_MEASURE_WITH_UNIT (LENGTH_MEASURE( 1.000000000000000082E-05 ), #2757, 'distance_accuracy_value', 'NONE');
#2101 = ORIENTED_EDGE ( 'NONE', *, *, #115, .T. ) ;
#2103 = ORIENTED_EDGE ( 'NONE', *, *, #6, .T. ) ;
#2102 = CARTESIAN_POINT ( 'NONE',  ( 0.000000000000000000, -1.050000000000000044, -8.400000000000000355 ) ) ;
#2104 = DIRECTION ( 'NONE',  ( 1.000000000000000000, 0.000000000000000000, 0.000000000000000000 ) ) ;
#2105 = VECTOR ( 'NONE', #3304, 1000.000000000000000 ) ;
#2106 = CARTESIAN_POINT ( 'NONE',  ( 0.7515266461379999097, -0.1499999999999999944, 14.66255223760000170 ) ) ;
#2107 = LINE ( 'NONE', #3190, #1770 ) ;
#2108 = ORIENTED_EDGE ( 'NONE', *, *, #767, .T. ) ;
#2109 = DIRECTION ( 'NONE',  ( -0.9481865284974227981, -0.3177141910208074460, 0.000000000000000000 ) ) ;
#2110 = STYLED_ITEM ( 'NONE', ( #3767 ), #253 ) ;
#2111 = DIRECTION ( 'NONE',  ( 0.000000000000000000, -0.7071006970993278795, -0.7071128652214188071 ) ) ;
#2112 = MECHANICAL_DESIGN_GEOMETRIC_PRESENTATION_REPRESENTATION (  '', ( #4024 ), #4091 ) ;
#2113 = DIRECTION ( 'NONE',  ( -1.000000000000000000, 0.000000000000000000, 0.000000000000000000 ) ) ;
#2114 = ORIENTED_EDGE ( 'NONE', *, *, #3689, .T. ) ;
#2115 = SURFACE_STYLE_USAGE ( .BOTH. , #697 ) ;
#2116 = CARTESIAN_POINT ( 'NONE',  ( 6.349999999999999645, -6.349999999999999645, 0.1999724664463000123 ) ) ;
#2117 = DIRECTION ( 'NONE',  ( 0.000000000000000000, 0.000000000000000000, 1.000000000000000000 ) ) ;
#2118 = STYLED_ITEM ( 'NONE', ( #2838 ), #1879 ) ;
#2119 = EDGE_CURVE ( 'NONE', #1082, #4233, #4395, .T. ) ;
#2120 = SURFACE_SIDE_STYLE ('',( #701 ) ) ;
#2121 = VERTEX_POINT ( 'NONE', #308 ) ;
#2122 = DIRECTION ( 'NONE',  ( -1.000000000000000000, 0.000000000000000000, 0.000000000000000000 ) ) ;
#2123 = VECTOR ( 'NONE', #3546, 1000.000000000000000 ) ;
#2124 = DIRECTION ( 'NONE',  ( 0.000000000000000000, 0.000000000000000000, -1.000000000000000000 ) ) ;
#2125 = CIRCLE ( 'NONE', #3804, 1.269999999999999352 ) ;
#2126 = CARTESIAN_POINT ( 'NONE',  ( 4.825000000000000178, -0.2821741124829956759, 16.55999999999999517 ) ) ;
#2127 = EDGE_CURVE ( 'NONE', #4056, #343, #455, .T. ) ;
#2128 = PRESENTATION_LAYER_ASSIGNMENT (  '', '', ( #1917 ) ) ;
#2129 = VERTEX_POINT ( 'NONE', #3812 ) ;
#2131 = EDGE_LOOP ( 'NONE', ( #3926, #4209 ) ) ;
#2130 = DIRECTION ( 'NONE',  ( 1.000000000000000000, 0.000000000000000000, 0.000000000000000000 ) ) ;
#2132 = CIRCLE ( 'NONE', #3241, 0.7099999999999999645 ) ;
#2133 = ADVANCED_FACE ( 'NONE', ( #2089 ), #3116, .F. ) ;
#2134 = PRESENTATION_STYLE_ASSIGNMENT (( #1079 ) ) ;
#2135 = STYLED_ITEM ( 'NONE', ( #1576 ), #2939 ) ;
#2136 = CARTESIAN_POINT ( 'NONE',  ( 0.8703741808410999647, -0.1499999999999999944, 14.86500000000000021 ) ) ;
#2137 = CARTESIAN_POINT ( 'NONE',  ( 4.575000000000000178, 0.9672111853006000182, 14.20817693487999911 ) ) ;
#2138 = EDGE_LOOP ( 'NONE', ( #4506, #632, #1378, #231, #1858, #57 ) ) ;
#2139 = CARTESIAN_POINT ( 'NONE',  ( 5.500000000000000000, -0.06431662453827999282, 13.07000000000000028 ) ) ;
#2140 = DIRECTION ( 'NONE',  ( 0.000000000000000000, 0.000000000000000000, 1.000000000000000000 ) ) ;
#2141 = ORIENTED_EDGE ( 'NONE', *, *, #1961, .F. ) ;
#2142 = CARTESIAN_POINT ( 'NONE',  ( -1.300974674774686744E-16, 0.7099999999999999645, -8.400000000000000355 ) ) ;
#2143 = DIRECTION ( 'NONE',  ( 0.000000000000000000, 0.000000000000000000, -1.000000000000000000 ) ) ;
#2144 = CARTESIAN_POINT ( 'NONE',  ( -4.575000000000000178, 0.000000000000000000, 14.05999999999999872 ) ) ;
#2145 = ORIENTED_EDGE ( 'NONE', *, *, #1203, .T. ) ;
#2146 = CARTESIAN_POINT ( 'NONE',  ( -6.349999999999999645, -8.149969025285134450, 2.299999999999999822 ) ) ;
#2147 = CARTESIAN_POINT ( 'NONE',  ( -1.013060779880458950, -0.3080723863111458072, -5.445399366980339551 ) ) ;
#2148 = ADVANCED_FACE ( 'NONE', ( #1748 ), #2457, .T. ) ;
#2149 = UNCERTAINTY_MEASURE_WITH_UNIT (LENGTH_MEASURE( 1.000000000000000082E-05 ), #4225, 'distance_accuracy_value', 'NONE');
#2150 = FILL_AREA_STYLE ('',( #3986 ) ) ;
#2152 = VERTEX_POINT ( 'NONE', #657 ) ;
#2151 = LINE ( 'NONE', #1764, #127 ) ;
#2153 = EDGE_CURVE ( 'NONE', #563, #939, #233, .T. ) ;
#2154 =( NAMED_UNIT ( * ) PLANE_ANGLE_UNIT ( ) SI_UNIT ( $, .RADIAN. ) );
#2155 = LINE ( 'NONE', #392, #4391 ) ;
#2156 = DIRECTION ( 'NONE',  ( -1.000000000000000000, 0.000000000000000000, 0.000000000000000000 ) ) ;
#2157 = ORIENTED_EDGE ( 'NONE', *, *, #3394, .F. ) ;
#2158 = EDGE_CURVE ( 'NONE', #108, #2087, #3658, .T. ) ;
#2159 = FACE_OUTER_BOUND ( 'NONE', #2892, .T. ) ;
#2160 = CARTESIAN_POINT ( 'NONE',  ( -6.349999999999999645, 6.349999999999999645, 0.000000000000000000 ) ) ;
#2161 = CARTESIAN_POINT ( 'NONE',  ( 5.500000000000000000, 0.06431689186353999055, 13.07000000000000028 ) ) ;
#2162 = ORIENTED_EDGE ( 'NONE', *, *, #2742, .F. ) ;
#2163 = CARTESIAN_POINT ( 'NONE',  ( -0.01869968884331212403, 0.7107123897188575290, -7.911554925422252360 ) ) ;
#2164 = SURFACE_STYLE_FILL_AREA ( #2534 ) ;
#2165 = CIRCLE ( 'NONE', #1189, 1.799969025285000024 ) ;
#2166 = CARTESIAN_POINT ( 'NONE',  ( -4.574999999999721290, -1.532970971676627325, 16.03484176581234522 ) ) ;
#2167 = CARTESIAN_POINT ( 'NONE',  ( -7.950000000000000178, -6.349999999999999645, 2.100027533553999959 ) ) ;
#2168 = CIRCLE ( 'NONE', #239, 0.9900000000000001021 ) ;
#2169 = ORIENTED_EDGE ( 'NONE', *, *, #1986, .T. ) ;
#2170 = LINE ( 'NONE', #406, #62 ) ;
#2171 = CARTESIAN_POINT ( 'NONE',  ( -4.575000000000000178, -1.212400331155879702E-16, 15.04999999999999893 ) ) ;
#2172 = DIRECTION ( 'NONE',  ( 0.000000000000000000, 0.000000000000000000, 1.000000000000000000 ) ) ;
#2173 = CIRCLE ( 'NONE', #683, 1.049999999999999378 ) ;
#2174 = CARTESIAN_POINT ( 'NONE',  ( -6.349999999999999645, 6.349999999999999645, 0.09998537558667000558 ) ) ;
#2176 = ORIENTED_EDGE ( 'NONE', *, *, #874, .F. ) ;
#2175 = PLANE ( 'NONE',  #788 ) ;
#2177 = CARTESIAN_POINT ( 'NONE',  ( -0.1499999999999999944, 2.102463143792000277, 14.86500000000000021 ) ) ;
#2178 = EDGE_CURVE ( 'NONE', #1512, #880, #1229, .T. ) ;
#2179 = EDGE_CURVE ( 'NONE', #190, #512, #2755, .T. ) ;
#2180 = FACE_OUTER_BOUND ( 'NONE', #3740, .T. ) ;
#2181 = SURFACE_STYLE_USAGE ( .BOTH. , #348 ) ;
#2182 = VERTEX_POINT ( 'NONE', #3097 ) ;
#2183 = ADVANCED_FACE ( 'NONE', ( #1038 ), #4173, .T. ) ;
#2184 = CARTESIAN_POINT ( 'NONE',  ( 0.000000000000000000, 0.000000000000000000, 14.86500000000000021 ) ) ;
#2185 = ORIENTED_EDGE ( 'NONE', *, *, #1935, .F. ) ;
#2186 = CARTESIAN_POINT ( 'NONE',  ( -0.4351322656287775481, 0.5651600766161994915, -6.397451104328740534 ) ) ;
#2187 = ORIENTED_EDGE ( 'NONE', *, *, #4252, .F. ) ;
#2188 = FACE_OUTER_BOUND ( 'NONE', #3583, .T. ) ;
#2189 = DIRECTION ( 'NONE',  ( 0.2112676056338054775, -0.9774282576280260981, 0.000000000000000000 ) ) ;
#2190 = STYLED_ITEM ( 'NONE', ( #3370 ), #397 ) ;
#2191 = CARTESIAN_POINT ( 'NONE',  ( -4.575000000000000178, -0.9628597210285795294, 13.97521986451080878 ) ) ;
#2192 = VERTEX_POINT ( 'NONE', #3498 ) ;
#2193 = CARTESIAN_POINT ( 'NONE',  ( -8.750000000000000000, 7.479999999999999538, 0.000000000000000000 ) ) ;
#2194 = CARTESIAN_POINT ( 'NONE',  ( -7.479999999999999538, -8.750000000000000000, 2.299999999999999822 ) ) ;
#2195 = COLOUR_RGB ( '',1.000000000000000000, 0.8705882352941176627, 0.5294117647058823595 ) ;
#2196 =( NAMED_UNIT ( * ) PLANE_ANGLE_UNIT ( ) SI_UNIT ( $, .RADIAN. ) );
#2197 = AXIS2_PLACEMENT_3D ( 'NONE', #3914, #2545, #1028 ) ;
#2198 = UNCERTAINTY_MEASURE_WITH_UNIT (LENGTH_MEASURE( 1.000000000000000082E-05 ), #3179, 'distance_accuracy_value', 'NONE');
#2199 = AXIS2_PLACEMENT_3D ( 'NONE', #2826, #1360, #3787 ) ;
#2200 = CIRCLE ( 'NONE', #205, 1.050000000000000044 ) ;
#2201 = DIRECTION ( 'NONE',  ( 0.000000000000000000, 0.000000000000000000, -1.000000000000000000 ) ) ;
#2203 = EDGE_LOOP ( 'NONE', ( #3822, #2615, #2743, #155 ) ) ;
#2202 =( LENGTH_UNIT ( ) NAMED_UNIT ( * ) SI_UNIT ( .MILLI., .METRE. ) );
#2204 =( GEOMETRIC_REPRESENTATION_CONTEXT ( 3 ) GLOBAL_UNCERTAINTY_ASSIGNED_CONTEXT ( ( #1684 ) ) GLOBAL_UNIT_ASSIGNED_CONTEXT ( ( #2969, #3648, #1199 ) ) REPRESENTATION_CONTEXT ( 'NONE', 'WORKASPACE' ) );
#2205 =( GEOMETRIC_REPRESENTATION_CONTEXT ( 3 ) GLOBAL_UNCERTAINTY_ASSIGNED_CONTEXT ( ( #1732 ) ) GLOBAL_UNIT_ASSIGNED_CONTEXT ( ( #3698, #2688, #1584 ) ) REPRESENTATION_CONTEXT ( 'NONE', 'WORKASPACE' ) );
#2206 = SURFACE_STYLE_USAGE ( .BOTH. , #789 ) ;
#2207 = DIRECTION ( 'NONE',  ( -1.000000000000000000, 0.000000000000000000, 0.000000000000000000 ) ) ;
#2208 = CIRCLE ( 'NONE', #4163, 3.550000000000000266 ) ;
#2209 = CARTESIAN_POINT ( 'NONE',  ( 5.500000000000000000, 0.000000000000000000, 13.07000000000000028 ) ) ;
#2210 = VERTEX_POINT ( 'NONE', #16 ) ;
#2211 =( NAMED_UNIT ( * ) PLANE_ANGLE_UNIT ( ) SI_UNIT ( $, .RADIAN. ) );
#2212 = ADVANCED_FACE ( 'NONE', ( #626 ), #714, .F. ) ;
#2213 = AXIS2_PLACEMENT_3D ( 'NONE', #3565, #1867, #2870 ) ;
#2214 = CARTESIAN_POINT ( 'NONE',  ( -4.825000000000000178, 0.000000000000000000, 11.55999999999999872 ) ) ;
#2215 = FILL_AREA_STYLE_COLOUR ( '', #1160 ) ;
#2216 = EDGE_LOOP ( 'NONE', ( #3110, #3029, #1920, #3773 ) ) ;
#2217 = AXIS2_PLACEMENT_3D ( 'NONE', #417, #11, #2817 ) ;
#2218 = DIRECTION ( 'NONE',  ( -1.000000000000000000, 0.000000000000000000, 0.000000000000000000 ) ) ;
#2219 = DIRECTION ( 'NONE',  ( 1.000000000000000000, 0.000000000000000000, 0.000000000000000000 ) ) ;
#2220 = EDGE_CURVE ( 'NONE', #2087, #1866, #395, .T. ) ;
#2221 = COLOUR_RGB ( '',1.000000000000000000, 1.000000000000000000, 1.000000000000000000 ) ;
#2222 = ORIENTED_EDGE ( 'NONE', *, *, #3911, .F. ) ;
#2223 = SURFACE_STYLE_USAGE ( .BOTH. , #3910 ) ;
#2224 = EDGE_CURVE ( 'NONE', #3022, #4056, #1178, .T. ) ;
#2225 = VECTOR ( 'NONE', #3653, 1000.000000000000114 ) ;
#2226 = LINE ( 'NONE', #4304, #4015 ) ;
#2227 = ORIENTED_EDGE ( 'NONE', *, *, #1342, .F. ) ;
#2228 = SHAPE_DEFINITION_REPRESENTATION ( #498, #587 ) ;
#2229 = CARTESIAN_POINT ( 'NONE',  ( 0.000000000000000000, 0.000000000000000000, 15.00000000000000000 ) ) ;
#2230 = DIRECTION ( 'NONE',  ( 1.000000000000000000, 0.000000000000000000, 0.000000000000000000 ) ) ;
#2231 = CARTESIAN_POINT ( 'NONE',  ( 8.750000000000000000, -7.479999999999999538, 2.299999999999999822 ) ) ;
#2232 = DIRECTION ( 'NONE',  ( 1.000000000000000000, 0.000000000000000000, 0.000000000000000000 ) ) ;
#2233 = ORIENTED_EDGE ( 'NONE', *, *, #3495, .F. ) ;
#2234 = DIRECTION ( 'NONE',  ( 0.000000000000000000, 0.000000000000000000, 1.000000000000000000 ) ) ;
#2235 = CARTESIAN_POINT ( 'NONE',  ( -6.349999999999999645, -6.349999999999999645, 0.1999724664463000123 ) ) ;
#2236 = EDGE_CURVE ( 'NONE', #1796, #3473, #1913, .T. ) ;
#2237 = FACE_OUTER_BOUND ( 'NONE', #356, .T. ) ;
#2238 = DIRECTION ( 'NONE',  ( 0.000000000000000000, 0.000000000000000000, 1.000000000000000000 ) ) ;
#2239 = EDGE_LOOP ( 'NONE', ( #3160, #2934 ) ) ;
#2240 = DIRECTION ( 'NONE',  ( -1.000000000000000000, 0.000000000000000000, 0.000000000000000000 ) ) ;
#2241 = SURFACE_SIDE_STYLE ('',( #2506 ) ) ;
#2242 = FACE_OUTER_BOUND ( 'NONE', #3931, .T. ) ;
#2243 = EDGE_CURVE ( 'NONE', #1495, #805, #2280, .T. ) ;
#2244 = VECTOR ( 'NONE', #3316, 1000.000000000000000 ) ;
#2245 = VERTEX_POINT ( 'NONE', #4247 ) ;
#2246 = DIRECTION ( 'NONE',  ( 0.000000000000000000, 0.000000000000000000, -1.000000000000000000 ) ) ;
#2247 = DIRECTION ( 'NONE',  ( -1.000000000000000000, 0.000000000000000000, 0.000000000000000000 ) ) ;
#2248 = UNCERTAINTY_MEASURE_WITH_UNIT (LENGTH_MEASURE( 1.000000000000000082E-05 ), #82, 'distance_accuracy_value', 'NONE');
#2249 = AXIS2_PLACEMENT_3D ( 'NONE', #3581, #852, #3939 ) ;
#2250 = EDGE_CURVE ( 'NONE', #2279, #3348, #3275, .T. ) ;
#2251 = DIRECTION ( 'NONE',  ( 0.000000000000000000, 0.000000000000000000, 1.000000000000000000 ) ) ;
#2252 = EDGE_LOOP ( 'NONE', ( #800, #1519, #279, #3859, #159, #830 ) ) ;
#2253 = CARTESIAN_POINT ( 'NONE',  ( -5.437493200532999893, -0.8292549640494000229, 14.61249102500000063 ) ) ;
#2254 = DIRECTION ( 'NONE',  ( -1.000000000000000000, 0.000000000000000000, 0.000000000000000000 ) ) ;
#2255 = FILL_AREA_STYLE ('',( #2315 ) ) ;
#2256 = ORIENTED_EDGE ( 'NONE', *, *, #4086, .F. ) ;
#2257 = CARTESIAN_POINT ( 'NONE',  ( -4.825000000000000178, 0.000000000000000000, 14.05999999999999872 ) ) ;
#2258 = CARTESIAN_POINT ( 'NONE',  ( 5.472996199307999632, -0.5525510087092000422, 14.88921403794000042 ) ) ;
#2259 = LINE ( 'NONE', #1197, #2718 ) ;
#2260 = ORIENTED_EDGE ( 'NONE', *, *, #4259, .T. ) ;
#2261 =( LENGTH_UNIT ( ) NAMED_UNIT ( * ) SI_UNIT ( .MILLI., .METRE. ) );
#2262 = CARTESIAN_POINT ( 'NONE',  ( 6.349999999999999645, -8.149969025284805824, 0.000000000000000000 ) ) ;
#2263 = AXIS2_PLACEMENT_3D ( 'NONE', #2174, #96, #383 ) ;
#2264 = ORIENTED_EDGE ( 'NONE', *, *, #1657, .F. ) ;
#2265 = DIRECTION ( 'NONE',  ( 0.000000000000000000, 0.9813279757874618925, -0.1923418933484916660 ) ) ;
#2266 = DIRECTION ( 'NONE',  ( 0.000000000000000000, 1.000000000000000000, 0.000000000000000000 ) ) ;
#2267 = DIRECTION ( 'NONE',  ( 0.000000000000000000, -1.000000000000000000, 0.000000000000000000 ) ) ;
#2268 = EDGE_CURVE ( 'NONE', #3573, #469, #138, .T. ) ;
#2269 = AXIS2_PLACEMENT_3D ( 'NONE', #3243, #3898, #1523 ) ;
#2270 = DIRECTION ( 'NONE',  ( 0.000000000000000000, 0.000000000000000000, 1.000000000000000000 ) ) ;
#2271 = AXIS2_PLACEMENT_3D ( 'NONE', #1678, #2371, #3500 ) ;
#2272 = CIRCLE ( 'NONE', #1745, 1.600000000000000755 ) ;
#2273 = B_SPLINE_CURVE_WITH_KNOTS ( 'NONE', 3,
 ( #2928, #4353, #4330, #1164, #185, #3985, #1187 ),
 .UNSPECIFIED., .F., .F.,
 ( 4, 1, 1, 1, 4 ),
 ( 0.000000000000000000, 0.2500000000000000000, 0.5000000000000000000, 0.7500000000000000000, 1.000000000000000000 ),
 .UNSPECIFIED. ) ;
#2274 = VERTEX_POINT ( 'NONE', #749 ) ;
#2275 = EDGE_CURVE ( 'NONE', #1551, #3606, #1159, .T. ) ;
#2276 = AXIS2_PLACEMENT_3D ( 'NONE', #4052, #4421, #2676 ) ;
#2277 = CARTESIAN_POINT ( 'NONE',  ( -5.500000000000000000, 0.000000000000000000, 15.04999999999999893 ) ) ;
#2278 = LINE ( 'NONE', #538, #484 ) ;
#2279 = VERTEX_POINT ( 'NONE', #821 ) ;
#2280 = CIRCLE ( 'NONE', #269, 2.499999999999999556 ) ;
#2281 = CARTESIAN_POINT ( 'NONE',  ( 6.349999999999999645, -4.550030974715193466, 0.000000000000000000 ) ) ;
#2282 = CIRCLE ( 'NONE', #2341, 4.200000000000000178 ) ;
#2283 = DIRECTION ( 'NONE',  ( 0.000000000000000000, 0.000000000000000000, 1.000000000000000000 ) ) ;
#2284 = COLOUR_RGB ( '',1.000000000000000000, 1.000000000000000000, 1.000000000000000000 ) ;
#2285 = COLOUR_RGB ( '',1.000000000000000000, 0.8705882352941176627, 0.5294117647058823595 ) ;
#2286 = DIRECTION ( 'NONE',  ( 0.4999999999999140687, 0.000000000000000000, 0.8660254037844882236 ) ) ;
#2287 = ORIENTED_EDGE ( 'NONE', *, *, #29, .T. ) ;
#2288 = MECHANICAL_DESIGN_GEOMETRIC_PRESENTATION_REPRESENTATION (  '', ( #3737 ), #1236 ) ;
#2289 = CARTESIAN_POINT ( 'NONE',  ( 0.000000000000000000, 0.000000000000000000, 14.56499999999999950 ) ) ;
#2290 = VERTEX_POINT ( 'NONE', #377 ) ;
#2291 = CYLINDRICAL_SURFACE ( 'NONE', #2488, 1.050000000000000044 ) ;
#2292 = DIRECTION ( 'NONE',  ( 0.000000000000000000, 0.000000000000000000, 1.000000000000000000 ) ) ;
#2293 = LINE ( 'NONE', #2976, #3774 ) ;
#2294 = AXIS2_PLACEMENT_3D ( 'NONE', #2695, #2124, #1046 ) ;
#2295 = FACE_BOUND ( 'NONE', #1973, .T. ) ;
#2296 = ADVANCED_FACE ( 'NONE', ( #3295 ), #1801, .T. ) ;
#2297 = ORIENTED_EDGE ( 'NONE', *, *, #3995, .T. ) ;
#2298 = ORIENTED_EDGE ( 'NONE', *, *, #4223, .F. ) ;
#2299 = ADVANCED_FACE ( 'NONE', ( #133 ), #427, .F. ) ;
#2300 = ORIENTED_EDGE ( 'NONE', *, *, #487, .F. ) ;
#2301 = LINE ( 'NONE', #1132, #2244 ) ;
#2302 = EDGE_CURVE ( 'NONE', #1367, #4413, #2664, .T. ) ;
#2303 = ORIENTED_EDGE ( 'NONE', *, *, #1823, .T. ) ;
#2304 = CARTESIAN_POINT ( 'NONE',  ( -4.825000000000000178, 0.000000000000000000, 11.55999999999999872 ) ) ;
#2305 = ORIENTED_EDGE ( 'NONE', *, *, #2302, .F. ) ;
#2306 = DIRECTION ( 'NONE',  ( 0.000000000000000000, -1.000000000000000000, 0.000000000000000000 ) ) ;
#2307 = FILL_AREA_STYLE_COLOUR ( '', #1719 ) ;
#2308 = AXIS2_PLACEMENT_3D ( 'NONE', #823, #450, #111 ) ;
#2309 = CARTESIAN_POINT ( 'NONE',  ( 1.039230484540999866, -0.1499999999999999944, 14.86500000000000021 ) ) ;
#2310 = VERTEX_POINT ( 'NONE', #2598 ) ;
#2311 = STYLED_ITEM ( 'NONE', ( #4302 ), #4058 ) ;
#2312 = LINE ( 'NONE', #2674, #3133 ) ;
#2313 = EDGE_LOOP ( 'NONE', ( #3551, #2772, #2812, #1593, #2039, #3299, #3404, #296 ) ) ;
#2314 = CIRCLE ( 'NONE', #3490, 0.7099999999999999645 ) ;
#2315 = FILL_AREA_STYLE_COLOUR ( '', #2221 ) ;
#2316 = ORIENTED_EDGE ( 'NONE', *, *, #2485, .F. ) ;
#2317 = AXIS2_PLACEMENT_3D ( 'NONE', #1510, #1872, #3257 ) ;
#2318 = ADVANCED_FACE ( 'NONE', ( #2620 ), #1579, .T. ) ;
#2319 = EDGE_CURVE ( 'NONE', #3597, #1182, #4429, .T. ) ;
#2320 = CARTESIAN_POINT ( 'NONE',  ( -6.349999999999999645, -6.349999999999999645, 0.000000000000000000 ) ) ;
#2321 = CARTESIAN_POINT ( 'NONE',  ( 0.7099999999993312771, -8.694992273938017644E-17, 9.664999999999999147 ) ) ;
#2322 = ORIENTED_EDGE ( 'NONE', *, *, #3854, .T. ) ;
#2323 = DIRECTION ( 'NONE',  ( 0.000000000000000000, -1.049437788715000049E-14, 1.000000000000000000 ) ) ;
#2324 = CARTESIAN_POINT ( 'NONE',  ( 0.000000000000000000, 0.000000000000000000, -4.599999999999999645 ) ) ;
#2325 = EDGE_CURVE ( 'NONE', #3541, #3624, #2880, .T. ) ;
#2326 = CARTESIAN_POINT ( 'NONE',  ( -5.497713850056999974, 0.1931855214793000153, 15.03741526549000085 ) ) ;
#2327 = VERTEX_POINT ( 'NONE', #3030 ) ;
#2328 = DIRECTION ( 'NONE',  ( 0.000000000000000000, 0.000000000000000000, 1.000000000000000000 ) ) ;
#2329 = DIRECTION ( 'NONE',  ( 0.000000000000000000, -1.000000000000000000, 0.000000000000000000 ) ) ;
#2330 = DIRECTION ( 'NONE',  ( 0.000000000000000000, 0.000000000000000000, 1.000000000000000000 ) ) ;
#2331 = CARTESIAN_POINT ( 'NONE',  ( 0.000000000000000000, 0.000000000000000000, 10.56499999999999950 ) ) ;
#2332 = VERTEX_POINT ( 'NONE', #1267 ) ;
#2334 = VERTEX_POINT ( 'NONE', #1938 ) ;
#2333 = CARTESIAN_POINT ( 'NONE',  ( 0.000000000000000000, 0.000000000000000000, -1.625000000000000000 ) ) ;
#2335 = AXIS2_PLACEMENT_3D ( 'NONE', #661, #163, #2071 ) ;
#2336 = ORIENTED_EDGE ( 'NONE', *, *, #3634, .F. ) ;
#2337 = CIRCLE ( 'NONE', #339, 4.825000000000000178 ) ;
#2338 =( GEOMETRIC_REPRESENTATION_CONTEXT ( 3 ) GLOBAL_UNCERTAINTY_ASSIGNED_CONTEXT ( ( #3433 ) ) GLOBAL_UNIT_ASSIGNED_CONTEXT ( ( #1707, #1, #3400 ) ) REPRESENTATION_CONTEXT ( 'NONE', 'WORKASPACE' ) );
#2339 = DIRECTION ( 'NONE',  ( -0.9897433186107934544, -0.1428571428570990787, 0.000000000000000000 ) ) ;
#2340 = AXIS2_PLACEMENT_3D ( 'NONE', #2390, #3174, #286 ) ;
#2341 = AXIS2_PLACEMENT_3D ( 'NONE', #1783, #381, #315 ) ;
#2342 = ORIENTED_EDGE ( 'NONE', *, *, #582, .F. ) ;
#2343 = EDGE_CURVE ( 'NONE', #2182, #1618, #1847, .T. ) ;
#2344 = FILL_AREA_STYLE_COLOUR ( '', #1680 ) ;
#2345 = CARTESIAN_POINT ( 'NONE',  ( 4.575000000000000178, 1.307171511358999894, 15.29184820681000012 ) ) ;
#2346 = COLOUR_RGB ( '',1.000000000000000000, 0.8705882352941176627, 0.5294117647058823595 ) ;
#2347 = CIRCLE ( 'NONE', #263, 1.600000000000000755 ) ;
#2348 = CARTESIAN_POINT ( 'NONE',  ( -5.409004507090999780, 0.9962873015535000931, 14.06000002027999862 ) ) ;
#2349 = ORIENTED_EDGE ( 'NONE', *, *, #760, .F. ) ;
#2350 = ADVANCED_FACE ( 'NONE', ( #3691 ), #4383, .T. ) ;
#2351 = AXIS2_PLACEMENT_3D ( 'NONE', #3220, #2479, #3172 ) ;
#2352 = SURFACE_STYLE_FILL_AREA ( #890 ) ;
#2353 = DIRECTION ( 'NONE',  ( 0.000000000000000000, 0.000000000000000000, 1.000000000000000000 ) ) ;
#2354 = VECTOR ( 'NONE', #1328, 1000.000000000000000 ) ;
#2355 = LINE ( 'NONE', #3750, #2842 ) ;
#2356 = ORIENTED_EDGE ( 'NONE', *, *, #1403, .T. ) ;
#2357 = EDGE_CURVE ( 'NONE', #1324, #4346, #692, .T. ) ;
#2358 = MECHANICAL_DESIGN_GEOMETRIC_PRESENTATION_REPRESENTATION (  '', ( #146 ), #3894 ) ;
#2359 = ORIENTED_EDGE ( 'NONE', *, *, #3715, .F. ) ;
#2360 = CARTESIAN_POINT ( 'NONE',  ( -0.8276873817884000673, -0.6545640633437045386, -5.698723979958774777 ) ) ;
#2361 = ORIENTED_EDGE ( 'NONE', *, *, #302, .T. ) ;
#2362 = PLANE ( 'NONE',  #98 ) ;
#2363 = DIRECTION ( 'NONE',  ( 1.000000000000000000, 0.000000000000000000, 0.000000000000000000 ) ) ;
#2364 = CARTESIAN_POINT ( 'NONE',  ( -4.575000000000000178, -1.307255115598999984, 12.82799009050999928 ) ) ;
#2365 = ORIENTED_EDGE ( 'NONE', *, *, #3830, .F. ) ;
#2366 = CARTESIAN_POINT ( 'NONE',  ( -4.575000000000000178, 1.532970971676000049, 15.69630681720000176 ) ) ;
#2367 = CARTESIAN_POINT ( 'NONE',  ( -5.497713849194999725, 0.1931855727788999721, 13.08258473906999875 ) ) ;
#2368 = EDGE_CURVE ( 'NONE', #3813, #2310, #3958, .T. ) ;
#2369 = EDGE_LOOP ( 'NONE', ( #2034, #1387, #472, #3909, #1048, #4359 ) ) ;
#2370 = DIRECTION ( 'NONE',  ( -1.000000000000000000, 0.000000000000000000, 0.000000000000000000 ) ) ;
#2371 = DIRECTION ( 'NONE',  ( 0.000000000000000000, 0.000000000000000000, 1.000000000000000000 ) ) ;
#2372 = EDGE_CURVE ( 'NONE', #469, #893, #1532, .T. ) ;
#2373 = ORIENTED_EDGE ( 'NONE', *, *, #3014, .F. ) ;
#2374 = ADVANCED_FACE ( 'NONE', ( #2454 ), #950, .F. ) ;
#2375 = VERTEX_POINT ( 'NONE', #2366 ) ;
#2376 = MECHANICAL_DESIGN_GEOMETRIC_PRESENTATION_REPRESENTATION (  '', ( #3036 ), #2528 ) ;
#2377 = DIRECTION ( 'NONE',  ( -1.000000000000000000, 0.000000000000000000, 0.000000000000000000 ) ) ;
#2378 = ORIENTED_EDGE ( 'NONE', *, *, #1100, .T. ) ;
#2379 = CIRCLE ( 'NONE', #382, 1.600000000000000755 ) ;
#2380 = CARTESIAN_POINT ( 'NONE',  ( -0.6084278706312349350, 0.8594880930947065290, -6.053512218336796202 ) ) ;
#2381 =( NAMED_UNIT ( * ) SI_UNIT ( $, .STERADIAN. ) SOLID_ANGLE_UNIT ( ) );
#2382 = CIRCLE ( 'NONE', #386, 1.799969025285000024 ) ;
#2383 = DIRECTION ( 'NONE',  ( -1.000000000000000000, 0.000000000000000000, 0.000000000000000000 ) ) ;
#2384 = ORIENTED_EDGE ( 'NONE', *, *, #1545, .T. ) ;
#2385 = LINE ( 'NONE', #3111, #4169 ) ;
#2386 = CARTESIAN_POINT ( 'NONE',  ( -4.575000000000000178, 0.9617718549370595227, 14.05999999549673518 ) ) ;
#2387 = AXIS2_PLACEMENT_3D ( 'NONE', #3478, #2877, #4544 ) ;
#2388 = CARTESIAN_POINT ( 'NONE',  ( -0.7099999999999999645, 0.000000000000000000, 10.56499999999999950 ) ) ;
#2389 = EDGE_LOOP ( 'NONE', ( #4113, #3010, #2023, #900 ) ) ;
#2390 = CARTESIAN_POINT ( 'NONE',  ( 0.000000000000000000, 0.000000000000000000, 12.42369318280000101 ) ) ;
#2391 =( NAMED_UNIT ( * ) SI_UNIT ( $, .STERADIAN. ) SOLID_ANGLE_UNIT ( ) );
#2392 =( LENGTH_UNIT ( ) NAMED_UNIT ( * ) SI_UNIT ( .MILLI., .METRE. ) );
#2393 = CARTESIAN_POINT ( 'NONE',  ( -5.500000000000000000, 6.735557395310442023E-16, 7.100002407777000535 ) ) ;
#2394 = EDGE_LOOP ( 'NONE', ( #962, #1507, #1503, #614, #3879, #162 ) ) ;
#2395 = EDGE_CURVE ( 'NONE', #3813, #4233, #1311, .T. ) ;
#2396 = EDGE_LOOP ( 'NONE', ( #665, #3137, #1568, #3270, #2384 ) ) ;
#2397 = EDGE_CURVE ( 'NONE', #2290, #4334, #3450, .T. ) ;
#2398 = FACE_OUTER_BOUND ( 'NONE', #1733, .T. ) ;
#2399 = PRESENTATION_LAYER_ASSIGNMENT (  '', '', ( #2190 ) ) ;
#2400 = LINE ( 'NONE', #1995, #1947 ) ;
#2401 = B_SPLINE_CURVE_WITH_KNOTS ( 'NONE', 3,
 ( #2856, #4255, #3819, #21, #2096, #4151 ),
 .UNSPECIFIED., .F., .F.,
 ( 4, 2, 4 ),
 ( 8.153401315708112194E-16, 0.0008341530912361217603, 0.001668306182471428201 ),
 .UNSPECIFIED. ) ;
#2402 = FACE_OUTER_BOUND ( 'NONE', #360, .T. ) ;
#2403 = VERTEX_POINT ( 'NONE', #3170 ) ;
#2404 = ADVANCED_FACE ( 'NONE', ( #3806 ), #3881, .F. ) ;
#2405 = DIRECTION ( 'NONE',  ( 0.000000000000000000, 0.000000000000000000, 1.000000000000000000 ) ) ;
#2406 = VECTOR ( 'NONE', #1401, 1000.000000000000000 ) ;
#2407 = CARTESIAN_POINT ( 'NONE',  ( 4.800240829354995853, -0.5557262377744806026, 11.60686677427846725 ) ) ;
#2408 = CARTESIAN_POINT ( 'NONE',  ( -5.472996217300000410, 0.5525508294893000105, 14.88921415393000025 ) ) ;
#2409 = AXIS2_PLACEMENT_3D ( 'NONE', #531, #177, #1604 ) ;
#2410 = PRESENTATION_LAYER_ASSIGNMENT (  '', '', ( #3369 ) ) ;
#2411 = CARTESIAN_POINT ( 'NONE',  ( 1.050000000000000044, -1.285879139104720732E-16, 15.00000000000000000 ) ) ;
#2412 = CARTESIAN_POINT ( 'NONE',  ( 5.409004493633999822, 0.9962873734164999773, 14.06000505843999981 ) ) ;
#2413 = ORIENTED_EDGE ( 'NONE', *, *, #2220, .F. ) ;
#2414 = CARTESIAN_POINT ( 'NONE',  ( 0.000000000000000000, 0.000000000000000000, 2.299999999999999822 ) ) ;
#2415 = ORIENTED_EDGE ( 'NONE', *, *, #881, .T. ) ;
#2416 = CYLINDRICAL_SURFACE ( 'NONE', #2980, 1.599999999999999867 ) ;
#2417 = AXIS2_PLACEMENT_3D ( 'NONE', #2627, #2292, #3720 ) ;
#2418 = DIRECTION ( 'NONE',  ( 1.000000000000000000, 0.000000000000000000, 0.000000000000000000 ) ) ;
#2419 = AXIS2_PLACEMENT_3D ( 'NONE', #303, #280, #966 ) ;
#2420 = ORIENTED_EDGE ( 'NONE', *, *, #1986, .F. ) ;
#2421 = CARTESIAN_POINT ( 'NONE',  ( -1.050000000000000044, 0.000000000000000000, -4.530000000000000249 ) ) ;
#2422 = AXIS2_PLACEMENT_3D ( 'NONE', #4360, #486, #837 ) ;
#2423 = EDGE_CURVE ( 'NONE', #720, #2589, #431, .T. ) ;
#2424 = ORIENTED_EDGE ( 'NONE', *, *, #363, .F. ) ;
#2425 =( GEOMETRIC_REPRESENTATION_CONTEXT ( 3 ) GLOBAL_UNCERTAINTY_ASSIGNED_CONTEXT ( ( #1786 ) ) GLOBAL_UNIT_ASSIGNED_CONTEXT ( ( #174, #1223, #862 ) ) REPRESENTATION_CONTEXT ( 'NONE', 'WORKASPACE' ) );
#2426 = ORIENTED_EDGE ( 'NONE', *, *, #2732, .F. ) ;
#2427 = CARTESIAN_POINT ( 'NONE',  ( -6.349999999999999645, 4.650014629735999883, 0.09998537558667000558 ) ) ;
#2428 =( GEOMETRIC_REPRESENTATION_CONTEXT ( 3 ) GLOBAL_UNCERTAINTY_ASSIGNED_CONTEXT ( ( #1071 ) ) GLOBAL_UNIT_ASSIGNED_CONTEXT ( ( #4215, #3563, #1795 ) ) REPRESENTATION_CONTEXT ( 'NONE', 'WORKASPACE' ) );
#2429 = EDGE_CURVE ( 'NONE', #4233, #1082, #1299, .T. ) ;
#2430 = LINE ( 'NONE', #1263, #2483 ) ;
#2431 = ORIENTED_EDGE ( 'NONE', *, *, #4394, .F. ) ;
#2432 = CARTESIAN_POINT ( 'NONE',  ( -4.575000000000000178, 0.000000000000000000, 14.05999999999999872 ) ) ;
#2433 = FILL_AREA_STYLE_COLOUR ( '', #3234 ) ;
#2434 = EDGE_CURVE ( 'NONE', #3086, #1562, #2385, .T. ) ;
#2435 = LINE ( 'NONE', #2022, #1456 ) ;
#2436 = EDGE_LOOP ( 'NONE', ( #373, #3201, #3378, #2756 ) ) ;
#2437 = CARTESIAN_POINT ( 'NONE',  ( -4.575000000000000178, 1.532970971676000049, 12.42369318280000101 ) ) ;
#2438 = ORIENTED_EDGE ( 'NONE', *, *, #3195, .T. ) ;
#2439 =( NAMED_UNIT ( * ) SI_UNIT ( $, .STERADIAN. ) SOLID_ANGLE_UNIT ( ) );
#2440 = DIRECTION ( 'NONE',  ( 8.659486053775537887E-17, 0.7071006970993278795, 0.7071128652214188071 ) ) ;
#2441 = DIRECTION ( 'NONE',  ( 0.000000000000000000, 0.9813279757874618925, -0.1923418933484916660 ) ) ;
#2442 = FILL_AREA_STYLE ('',( #1344 ) ) ;
#2443 = ORIENTED_EDGE ( 'NONE', *, *, #3358, .T. ) ;
#2444 = CARTESIAN_POINT ( 'NONE',  ( 0.000000000000000000, 0.000000000000000000, 9.664999999999999147 ) ) ;
#2445 = ORIENTED_EDGE ( 'NONE', *, *, #2220, .T. ) ;
#2447 = VERTEX_POINT ( 'NONE', #4141 ) ;
#2446 = CARTESIAN_POINT ( 'NONE',  ( -4.575000000000000178, 0.000000000000000000, 18.30000000000000071 ) ) ;
#2448 = CARTESIAN_POINT ( 'NONE',  ( -1.050000000000000044, -7.715944918797495202E-32, -5.400000000000098943 ) ) ;
#2449 =( NAMED_UNIT ( * ) PLANE_ANGLE_UNIT ( ) SI_UNIT ( $, .RADIAN. ) );
#2450 = SURFACE_SIDE_STYLE ('',( #3827 ) ) ;
#2451 = DIRECTION ( 'NONE',  ( 0.000000000000000000, 0.000000000000000000, 1.000000000000000000 ) ) ;
#2452 = PLANE ( 'NONE',  #2578 ) ;
#2453 = EDGE_LOOP ( 'NONE', ( #1035, #3409, #773, #3828, #619, #1627 ) ) ;
#2454 = FACE_OUTER_BOUND ( 'NONE', #2532, .T. ) ;
#2455 = EDGE_CURVE ( 'NONE', #2942, #3480, #2208, .T. ) ;
#2456 = ORIENTED_EDGE ( 'NONE', *, *, #1961, .T. ) ;
#2457 = CYLINDRICAL_SURFACE ( 'NONE', #2702, 5.500000000000000000 ) ;
#2458 = ORIENTED_EDGE ( 'NONE', *, *, #282, .F. ) ;
#2459 = DIRECTION ( 'NONE',  ( 0.000000000000000000, 0.000000000000000000, -1.000000000000000000 ) ) ;
#2460 = EDGE_CURVE ( 'NONE', #2192, #563, #3148, .T. ) ;
#2461 = CARTESIAN_POINT ( 'NONE',  ( -0.1472296902602614477, -0.6988362225930738747, -7.193816779061241284 ) ) ;
#2462 = FILL_AREA_STYLE_COLOUR ( '', #264 ) ;
#2463 = ORIENTED_EDGE ( 'NONE', *, *, #2716, .T. ) ;
#2464 = DIRECTION ( 'NONE',  ( 0.000000000000000000, 0.000000000000000000, 1.000000000000000000 ) ) ;
#2465 = PRESENTATION_STYLE_ASSIGNMENT (( #3415 ) ) ;
#2466 = DIRECTION ( 'NONE',  ( 0.000000000000000000, 0.000000000000000000, 1.000000000000000000 ) ) ;
#2467 = UNCERTAINTY_MEASURE_WITH_UNIT (LENGTH_MEASURE( 1.000000000000000082E-05 ), #3198, 'distance_accuracy_value', 'NONE');
#2468 = ORIENTED_EDGE ( 'NONE', *, *, #2178, .F. ) ;
#2470 = EDGE_LOOP ( 'NONE', ( #4157, #1632, #1279, #1782 ) ) ;
#2469 = CARTESIAN_POINT ( 'NONE',  ( -4.710225702800568293, 1.079546726730889139, 16.33196205117074840 ) ) ;
#2471 = ORIENTED_EDGE ( 'NONE', *, *, #2544, .F. ) ;
#2472 =( LENGTH_UNIT ( ) NAMED_UNIT ( * ) SI_UNIT ( .MILLI., .METRE. ) );
#2473 =( LENGTH_UNIT ( ) NAMED_UNIT ( * ) SI_UNIT ( .MILLI., .METRE. ) );
#2474 = ORIENTED_EDGE ( 'NONE', *, *, #2275, .T. ) ;
#2475 = DIRECTION ( 'NONE',  ( 0.000000000000000000, 0.000000000000000000, 1.000000000000000000 ) ) ;
#2476 = DIRECTION ( 'NONE',  ( 0.000000000000000000, 0.000000000000000000, 1.000000000000000000 ) ) ;
#2477 = EDGE_CURVE ( 'NONE', #2942, #4464, #1355, .T. ) ;
#2478 = AXIS2_PLACEMENT_3D ( 'NONE', #2144, #19, #2441 ) ;
#2479 = DIRECTION ( 'NONE',  ( 0.000000000000000000, 0.000000000000000000, 1.000000000000000000 ) ) ;
#2480 = EDGE_LOOP ( 'NONE', ( #1001, #3975, #3746, #3154, #1896, #3393, #3079, #4483, #641, #3957, #4473, #119 ) ) ;
#2481 = DIRECTION ( 'NONE',  ( -1.000000000000000000, 0.000000000000000000, 0.000000000000000000 ) ) ;
#2482 = CARTESIAN_POINT ( 'NONE',  ( -0.01871195322285195556, -0.7107115661339084012, -7.911469073897602122 ) ) ;
#2483 = VECTOR ( 'NONE', #3027, 1000.000000000000000 ) ;
#2484 = CARTESIAN_POINT ( 'NONE',  ( -4.800240829354962102, -0.5557262377748507509, 16.51313322572147513 ) ) ;
#2485 = EDGE_CURVE ( 'NONE', #3624, #1495, #3152, .T. ) ;
#2486 = ORIENTED_EDGE ( 'NONE', *, *, #2597, .T. ) ;
#2487 = DIRECTION ( 'NONE',  ( 0.000000000000000000, 0.000000000000000000, 1.000000000000000000 ) ) ;
#2488 = AXIS2_PLACEMENT_3D ( 'NONE', #4109, #4414, #2650 ) ;
#2489 = CARTESIAN_POINT ( 'NONE',  ( 0.000000000000000000, 0.000000000000000000, 10.56499999999999950 ) ) ;
#2490 = AXIS2_PLACEMENT_3D ( 'NONE', #3493, #255, #324 ) ;
#2491 =( GEOMETRIC_REPRESENTATION_CONTEXT ( 3 ) GLOBAL_UNCERTAINTY_ASSIGNED_CONTEXT ( ( #2052 ) ) GLOBAL_UNIT_ASSIGNED_CONTEXT ( ( #995, #1362, #2439 ) ) REPRESENTATION_CONTEXT ( 'NONE', 'WORKASPACE' ) );
#2492 = ADVANCED_FACE ( 'NONE', ( #13 ), #4294, .T. ) ;
#2493 = FACE_OUTER_BOUND ( 'NONE', #1730, .T. ) ;
#2495 = ORIENTED_EDGE ( 'NONE', *, *, #4079, .F. ) ;
#2494 = CARTESIAN_POINT ( 'NONE',  ( 0.000000000000000000, 0.000000000000000000, 9.664999999999999147 ) ) ;
#2496 = FILL_AREA_STYLE_COLOUR ( '', #623 ) ;
#2497 = AXIS2_PLACEMENT_3D ( 'NONE', #544, #2948, #3673 ) ;
#2498 = DIRECTION ( 'NONE',  ( 0.000000000000000000, 0.000000000000000000, 1.000000000000000000 ) ) ;
#2499 = CARTESIAN_POINT ( 'NONE',  ( -4.575000000000000178, -1.532970971676000049, 15.69630681720000176 ) ) ;
#2500 = ORIENTED_EDGE ( 'NONE', *, *, #4259, .F. ) ;
#2501 = MECHANICAL_DESIGN_GEOMETRIC_PRESENTATION_REPRESENTATION (  '', ( #3608 ), #2428 ) ;
#2502 = CARTESIAN_POINT ( 'NONE',  ( 5.409004507090999780, -0.9962873015535000931, 14.05999997972000060 ) ) ;
#2503 = CARTESIAN_POINT ( 'NONE',  ( 1.050000000000000044, -1.285879139104720732E-16, -8.400000000000000355 ) ) ;
#2504 = ORIENTED_EDGE ( 'NONE', *, *, #3421, .T. ) ;
#2505 = CARTESIAN_POINT ( 'NONE',  ( -0.6746982395750725781, 0.2409393625833003150, -5.941497830664863145 ) ) ;
#2506 = SURFACE_STYLE_FILL_AREA ( #2827 ) ;
#2507 = CARTESIAN_POINT ( 'NONE',  ( -1.310805361533094748E-14, 5.499999999999207745, 7.100002407777000535 ) ) ;
#2508 = LINE ( 'NONE', #3908, #1070 ) ;
#2509 = ORIENTED_EDGE ( 'NONE', *, *, #3721, .T. ) ;
#2510 = CARTESIAN_POINT ( 'NONE',  ( 4.825000000000000178, 0.000000000000000000, 16.55999999999999872 ) ) ;
#2511 = CARTESIAN_POINT ( 'NONE',  ( -6.349999999999999645, 6.349999999999999645, 0.09998537558667000558 ) ) ;
#2512 = CARTESIAN_POINT ( 'NONE',  ( -7.479999999999999538, 7.479999999999999538, 2.299999999999999822 ) ) ;
#2513 = DIRECTION ( 'NONE',  ( 1.000000000000000000, 0.000000000000000000, 0.000000000000000000 ) ) ;
#2514 = EDGE_CURVE ( 'NONE', #3318, #584, #1131, .T. ) ;
#2515 = ADVANCED_FACE ( 'NONE', ( #374 ), #721, .T. ) ;
#2516 = B_SPLINE_CURVE_WITH_KNOTS ( 'NONE', 3,
 ( #2386, #1718, #3112, #1356, #2776 ),
 .UNSPECIFIED., .F., .F.,
 ( 4, 1, 4 ),
 ( 0.4999999999012531005, 0.6666666666667000474, 1.000000000000000000 ),
 .UNSPECIFIED. ) ;
#2517 = CARTESIAN_POINT ( 'NONE',  ( 4.575000000000000178, 0.000000000000000000, 18.30000000000000071 ) ) ;
#2519 = VERTEX_POINT ( 'NONE', #4217 ) ;
#2518 = SURFACE_STYLE_USAGE ( .BOTH. , #1098 ) ;
#2520 = CARTESIAN_POINT ( 'NONE',  ( 0.000000000000000000, 0.000000000000000000, 0.000000000000000000 ) ) ;
#2521 = ADVANCED_FACE ( 'NONE', ( #2159 ), #2573, .F. ) ;
#2522 = DIRECTION ( 'NONE',  ( 0.000000000000000000, 0.000000000000000000, 1.000000000000000000 ) ) ;
#2523 = LINE ( 'NONE', #3940, #3649 ) ;
#2524 = CARTESIAN_POINT ( 'NONE',  ( 4.575000000000000178, 0.9617718548859786054, 14.03880496776346476 ) ) ;
#2525 = CARTESIAN_POINT ( 'NONE',  ( 0.000000000000000000, 0.000000000000000000, 9.255081308875000801 ) ) ;
#2526 = ORIENTED_EDGE ( 'NONE', *, *, #3069, .F. ) ;
#2527 = DIRECTION ( 'NONE',  ( 0.000000000000000000, 0.000000000000000000, -1.000000000000000000 ) ) ;
#2528 =( GEOMETRIC_REPRESENTATION_CONTEXT ( 3 ) GLOBAL_UNCERTAINTY_ASSIGNED_CONTEXT ( ( #891 ) ) GLOBAL_UNIT_ASSIGNED_CONTEXT ( ( #344, #4159, #984 ) ) REPRESENTATION_CONTEXT ( 'NONE', 'WORKASPACE' ) );
#2529 = CARTESIAN_POINT ( 'NONE',  ( 5.437493457676999320, -0.8292532895877000598, 14.61249348271000059 ) ) ;
#2530 = AXIS2_PLACEMENT_3D ( 'NONE', #2967, #4362, #1196 ) ;
#2531 = DIRECTION ( 'NONE',  ( 1.000000000000000000, 0.000000000000000000, 0.000000000000000000 ) ) ;
#2532 = EDGE_LOOP ( 'NONE', ( #1667, #3475, #2801, #970, #3620, #1019 ) ) ;
#2533 = ORIENTED_EDGE ( 'NONE', *, *, #158, .T. ) ;
#2534 = FILL_AREA_STYLE ('',( #4274 ) ) ;
#2535 = VECTOR ( 'NONE', #2283, 1000.000000000000000 ) ;
#2536 = FILL_AREA_STYLE_COLOUR ( '', #1499 ) ;
#2537 = LINE ( 'NONE', #731, #4234 ) ;
#2538 = VECTOR ( 'NONE', #1010, 1000.000000000000000 ) ;
#2539 = ORIENTED_EDGE ( 'NONE', *, *, #2966, .T. ) ;
#2540 = DIRECTION ( 'NONE',  ( 1.000000000000000000, 0.000000000000000000, 0.000000000000000000 ) ) ;
#2541 = DIRECTION ( 'NONE',  ( 0.000000000000000000, 0.000000000000000000, 1.000000000000000000 ) ) ;
#2542 = CIRCLE ( 'NONE', #3349, 0.9900000000000001021 ) ;
#2543 = CARTESIAN_POINT ( 'NONE',  ( 2.700000000000000178, -3.306546357697853733E-16, -1.000000000000000000 ) ) ;
#2544 = EDGE_CURVE ( 'NONE', #4443, #992, #59, .T. ) ;
#2546 = ORIENTED_EDGE ( 'NONE', *, *, #1428, .T. ) ;
#2545 = DIRECTION ( 'NONE',  ( 0.000000000000000000, 0.000000000000000000, 1.000000000000000000 ) ) ;
#2547 =( NAMED_UNIT ( * ) SI_UNIT ( $, .STERADIAN. ) SOLID_ANGLE_UNIT ( ) );
#2548 = CARTESIAN_POINT ( 'NONE',  ( 0.000000000000000000, 0.000000000000000000, 14.71499999999999986 ) ) ;
#2549 = CARTESIAN_POINT ( 'NONE',  ( -7.479999999999999538, 8.750000000000000000, 2.299999999999999822 ) ) ;
#2550 = DIRECTION ( 'NONE',  ( -1.000000000000000000, 0.000000000000000000, 0.000000000000000000 ) ) ;
#2551 = EDGE_CURVE ( 'NONE', #3184, #2925, #3962, .T. ) ;
#2552 = CARTESIAN_POINT ( 'NONE',  ( 4.575000000000000178, 0.000000000000000000, 18.30000000000000071 ) ) ;
#2553 = ORIENTED_EDGE ( 'NONE', *, *, #3163, .F. ) ;
#2554 = PLANE ( 'NONE',  #2786 ) ;
#2555 = AXIS2_PLACEMENT_3D ( 'NONE', #828, #3264, #2933 ) ;
#2556 = DIRECTION ( 'NONE',  ( 0.000000000000000000, 0.000000000000000000, 1.000000000000000000 ) ) ;
#2557 = DIRECTION ( 'NONE',  ( 0.000000000000000000, 0.000000000000000000, 1.000000000000000000 ) ) ;
#2558 = ORIENTED_EDGE ( 'NONE', *, *, #2088, .F. ) ;
#2559 =( NAMED_UNIT ( * ) PLANE_ANGLE_UNIT ( ) SI_UNIT ( $, .RADIAN. ) );
#2560 = FILL_AREA_STYLE ('',( #4022 ) ) ;
#2561 = CIRCLE ( 'NONE', #3791, 1.599999999999999867 ) ;
#2562 = ORIENTED_EDGE ( 'NONE', *, *, #2857, .T. ) ;
#2563 = CARTESIAN_POINT ( 'NONE',  ( -0.1499999999999999944, 0.1499999999999999944, 14.86500000000000021 ) ) ;
#2564 = VECTOR ( 'NONE', #1382, 1000.000000000000000 ) ;
#2565 = CIRCLE ( 'NONE', #3228, 1.049999999999999378 ) ;
#2566 = AXIS2_PLACEMENT_3D ( 'NONE', #3719, #1609, #1206 ) ;
#2567 = AXIS2_PLACEMENT_3D ( 'NONE', #2444, #2464, #2122 ) ;
#2568 = CYLINDRICAL_SURFACE ( 'NONE', #3211, 2.500000000000000444 ) ;
#2569 = ORIENTED_EDGE ( 'NONE', *, *, #2319, .F. ) ;
#2570 = AXIS2_PLACEMENT_3D ( 'NONE', #113, #3323, #1205 ) ;
#2571 = EDGE_CURVE ( 'NONE', #2585, #992, #1613, .T. ) ;
#2572 = PRESENTATION_STYLE_ASSIGNMENT (( #2206 ) ) ;
#2573 = CONICAL_SURFACE ( 'NONE', #3604, 4.344337567296999936, 0.5235987755981996727 ) ;
#2574 = CARTESIAN_POINT ( 'NONE',  ( 6.349999999999999645, 6.349999999999999645, 0.000000000000000000 ) ) ;
#2575 = EDGE_LOOP ( 'NONE', ( #1694, #2185 ) ) ;
#2576 = DIRECTION ( 'NONE',  ( 0.000000000000000000, 0.000000000000000000, 1.000000000000000000 ) ) ;
#2577 = ADVANCED_FACE ( 'NONE', ( #420 ), #2554, .T. ) ;
#2578 = AXIS2_PLACEMENT_3D ( 'NONE', #2552, #791, #102 ) ;
#2579 = DIRECTION ( 'NONE',  ( 0.000000000000000000, 0.000000000000000000, -1.000000000000000000 ) ) ;
#2580 = EDGE_LOOP ( 'NONE', ( #236, #1375, #4226, #684 ) ) ;
#2581 = CARTESIAN_POINT ( 'NONE',  ( -0.5867616839556443198, 0.4110720340393953509, -6.095854590386474925 ) ) ;
#2582 =( NAMED_UNIT ( * ) SI_UNIT ( $, .STERADIAN. ) SOLID_ANGLE_UNIT ( ) );
#2583 = CARTESIAN_POINT ( 'NONE',  ( 4.575000000000000178, -0.9715146960295999445, 14.25041847441999998 ) ) ;
#2584 = EDGE_CURVE ( 'NONE', #2793, #3684, #445, .T. ) ;
#2585 = VERTEX_POINT ( 'NONE', #1504 ) ;
#2586 = CARTESIAN_POINT ( 'NONE',  ( 6.349999999999999645, 6.349999999999999645, 2.299999999999999822 ) ) ;
#2587 = SURFACE_STYLE_FILL_AREA ( #2905 ) ;
#2588 = CARTESIAN_POINT ( 'NONE',  ( 0.1499999999999999944, 0.6939740629158999141, 10.56499999999999950 ) ) ;
#2589 = VERTEX_POINT ( 'NONE', #2916 ) ;
#2590 = DIRECTION ( 'NONE',  ( -1.000000000000000000, 0.000000000000000000, 0.000000000000000000 ) ) ;
#2591 = DIRECTION ( 'NONE',  ( 0.000000000000000000, 0.000000000000000000, 1.000000000000000000 ) ) ;
#2592 = CARTESIAN_POINT ( 'NONE',  ( 0.1499999999999999944, -0.8703741808410999647, 14.86500000000000021 ) ) ;
#2593 = VERTEX_POINT ( 'NONE', #4313 ) ;
#2594 = DIRECTION ( 'NONE',  ( 1.000000000000000000, 0.000000000000000000, 0.000000000000000000 ) ) ;
#2595 = DIRECTION ( 'NONE',  ( 1.000000000000000000, 0.000000000000000000, 0.000000000000000000 ) ) ;
#2596 = ORIENTED_EDGE ( 'NONE', *, *, #2989, .F. ) ;
#2597 = EDGE_CURVE ( 'NONE', #2593, #317, #564, .T. ) ;
#2598 = CARTESIAN_POINT ( 'NONE',  ( 4.749999999999999112, 6.349999999999999645, 0.1999724664463000123 ) ) ;
#2599 = DIRECTION ( 'NONE',  ( 0.000000000000000000, 0.000000000000000000, -1.000000000000000000 ) ) ;
#2600 = AXIS2_PLACEMENT_3D ( 'NONE', #2747, #3488, #3106 ) ;
#2601 = VECTOR ( 'NONE', #2111, 1000.000000000000114 ) ;
#2602 = ORIENTED_EDGE ( 'NONE', *, *, #1794, .F. ) ;
#2603 = EDGE_CURVE ( 'NONE', #287, #469, #3375, .T. ) ;
#2604 = CARTESIAN_POINT ( 'NONE',  ( 0.000000000000000000, 0.000000000000000000, 2.299999999999999822 ) ) ;
#2605 = SURFACE_STYLE_USAGE ( .BOTH. , #1273 ) ;
#2606 = CARTESIAN_POINT ( 'NONE',  ( -6.349999999999999645, -6.349999999999999645, 0.09998537558667000558 ) ) ;
#2607 = CYLINDRICAL_SURFACE ( 'NONE', #1744, 5.500000000000000000 ) ;
#2608 = EDGE_CURVE ( 'NONE', #578, #2447, #4253, .T. ) ;
#2610 = ORIENTED_EDGE ( 'NONE', *, *, #4419, .F. ) ;
#2609 =( NAMED_UNIT ( * ) SI_UNIT ( $, .STERADIAN. ) SOLID_ANGLE_UNIT ( ) );
#2611 = AXIS2_PLACEMENT_3D ( 'NONE', #3788, #1679, #912 ) ;
#2612 = CARTESIAN_POINT ( 'NONE',  ( 5.500000000000000000, 0.000000000000000000, 15.04999999999999893 ) ) ;
#2613 = CARTESIAN_POINT ( 'NONE',  ( 7.479999999999999538, -8.750000000000000000, 0.000000000000000000 ) ) ;
#2614 = FACE_OUTER_BOUND ( 'NONE', #2394, .T. ) ;
#2615 = ORIENTED_EDGE ( 'NONE', *, *, #2857, .F. ) ;
#2616 = DIRECTION ( 'NONE',  ( 0.000000000000000000, 0.000000000000000000, 1.000000000000000000 ) ) ;
#2617 = CARTESIAN_POINT ( 'NONE',  ( 1.039230484540999866, -0.1499999999999999944, 14.86500000000000021 ) ) ;
#2618 = CARTESIAN_POINT ( 'NONE',  ( 4.344337567296999936, 0.000000000000000000, 18.05000000000000071 ) ) ;
#2619 = ORIENTED_EDGE ( 'NONE', *, *, #2038, .T. ) ;
#2620 = FACE_OUTER_BOUND ( 'NONE', #612, .T. ) ;
#2621 = FACE_OUTER_BOUND ( 'NONE', #1480, .T. ) ;
#2622 = DIRECTION ( 'NONE',  ( 1.000000000000000000, 0.000000000000000000, 0.000000000000000000 ) ) ;
#2623 = ADVANCED_FACE ( 'NONE', ( #2965 ), #4014, .F. ) ;
#2624 = STYLED_ITEM ( 'NONE', ( #438 ), #145 ) ;
#2625 = ORIENTED_EDGE ( 'NONE', *, *, #671, .F. ) ;
#2626 = FACE_OUTER_BOUND ( 'NONE', #1423, .T. ) ;
#2627 = CARTESIAN_POINT ( 'NONE',  ( 0.000000000000000000, 0.000000000000000000, 9.889999999999998792 ) ) ;
#2628 =( LENGTH_UNIT ( ) NAMED_UNIT ( * ) SI_UNIT ( .MILLI., .METRE. ) );
#2629 = MECHANICAL_DESIGN_GEOMETRIC_PRESENTATION_REPRESENTATION (  '', ( #2110 ), #4020 ) ;
#2630 = ADVANCED_FACE ( 'NONE', ( #4342 ), #1914, .F. ) ;
#2631 = DIRECTION ( 'NONE',  ( 0.000000000000000000, 0.000000000000000000, 1.000000000000000000 ) ) ;
#2632 = PRESENTATION_LAYER_ASSIGNMENT (  '', '', ( #3663 ) ) ;
#2633 = CIRCLE ( 'NONE', #3794, 3.850000000000000089 ) ;
#2634 = VERTEX_POINT ( 'NONE', #1194 ) ;
#2635 = EDGE_CURVE ( 'NONE', #1463, #2055, #502, .T. ) ;
#2636 = MECHANICAL_DESIGN_GEOMETRIC_PRESENTATION_REPRESENTATION (  '', ( #2118 ), #861 ) ;
#2637 = AXIS2_PLACEMENT_3D ( 'NONE', #1170, #1477, #3967 ) ;
#2638 = DIRECTION ( 'NONE',  ( 1.000000000000000000, 0.000000000000000000, 0.000000000000000000 ) ) ;
#2639 = ORIENTED_EDGE ( 'NONE', *, *, #504, .T. ) ;
#2640 =( NAMED_UNIT ( * ) SI_UNIT ( $, .STERADIAN. ) SOLID_ANGLE_UNIT ( ) );
#2641 = CIRCLE ( 'NONE', #204, 5.300002320222001018 ) ;
#2642 = VECTOR ( 'NONE', #981, 1000.000000000000114 ) ;
#2643 = AXIS2_PLACEMENT_3D ( 'NONE', #1179, #3998, #516 ) ;
#2644 = CARTESIAN_POINT ( 'NONE',  ( 8.750000000000000000, -7.479999999999999538, 0.000000000000000000 ) ) ;
#2645 = VERTEX_POINT ( 'NONE', #2281 ) ;
#2646 = DIRECTION ( 'NONE',  ( 0.000000000000000000, 0.000000000000000000, -1.000000000000000000 ) ) ;
#2647 = MECHANICAL_DESIGN_GEOMETRIC_PRESENTATION_REPRESENTATION (  '', ( #346 ), #1923 ) ;
#2648 = AXIS2_PLACEMENT_3D ( 'NONE', #2081, #3074, #3136 ) ;
#2649 = EDGE_LOOP ( 'NONE', ( #2468, #4051 ) ) ;
#2650 = DIRECTION ( 'NONE',  ( -1.000000000000000000, 0.000000000000000000, 0.000000000000000000 ) ) ;
#2651 = DIRECTION ( 'NONE',  ( 0.000000000000000000, 0.000000000000000000, 1.000000000000000000 ) ) ;
#2652 = VECTOR ( 'NONE', #3531, 1000.000000000000000 ) ;
#2653 = DIRECTION ( 'NONE',  ( -1.000000000000000000, 0.000000000000000000, 0.000000000000000000 ) ) ;
#2655 = ORIENTED_EDGE ( 'NONE', *, *, #207, .F. ) ;
#2654 = CARTESIAN_POINT ( 'NONE',  ( -0.1499999999999999944, -0.6939740629158999141, 10.56499999999999950 ) ) ;
#2656 = ADVANCED_FACE ( 'NONE', ( #1574, #3670 ), #3992, .F. ) ;
#2657 =( NAMED_UNIT ( * ) PLANE_ANGLE_UNIT ( ) SI_UNIT ( $, .RADIAN. ) );
#2658 = FACE_OUTER_BOUND ( 'NONE', #3019, .T. ) ;
#2659 = FACE_OUTER_BOUND ( 'NONE', #2840, .T. ) ;
#2660 = EDGE_CURVE ( 'NONE', #4334, #1060, #351, .T. ) ;
#2661 =( LENGTH_UNIT ( ) NAMED_UNIT ( * ) SI_UNIT ( .MILLI., .METRE. ) );
#2662 = LINE ( 'NONE', #192, #2867 ) ;
#2663 = ORIENTED_EDGE ( 'NONE', *, *, #2319, .T. ) ;
#2664 = LINE ( 'NONE', #906, #4533 ) ;
#2665 = DIRECTION ( 'NONE',  ( -1.000000000000000000, 0.000000000000000000, 0.000000000000000000 ) ) ;
#2666 = ORIENTED_EDGE ( 'NONE', *, *, #3744, .F. ) ;
#2667 = DIRECTION ( 'NONE',  ( 0.000000000000000000, 0.000000000000000000, -1.000000000000000000 ) ) ;
#2668 = FACE_BOUND ( 'NONE', #2649, .T. ) ;
#2669 = FACE_OUTER_BOUND ( 'NONE', #3805, .T. ) ;
#2670 = DIRECTION ( 'NONE',  ( -1.000000000000000000, 0.000000000000000000, 0.000000000000000000 ) ) ;
#2672 = ORIENTED_EDGE ( 'NONE', *, *, #430, .T. ) ;
#2671 = CARTESIAN_POINT ( 'NONE',  ( -6.349999999999999645, 4.550030974714863063, 2.299999999999999822 ) ) ;
#2673 = PRESENTATION_LAYER_ASSIGNMENT (  '', '', ( #1262 ) ) ;
#2674 = CARTESIAN_POINT ( 'NONE',  ( -0.1499999999999999944, 1.039230484540999866, 10.56499999999999950 ) ) ;
#2675 = ADVANCED_FACE ( 'NONE', ( #1386 ), #284, .F. ) ;
#2676 = DIRECTION ( 'NONE',  ( 0.000000000000000000, 1.000000000000000000, 0.000000000000000000 ) ) ;
#2677 = CARTESIAN_POINT ( 'NONE',  ( -0.4071559175035461275, -0.9697359495586196365, -6.457098934032353021 ) ) ;
#2678 = CARTESIAN_POINT ( 'NONE',  ( -7.950000000000000178, 6.349999999999999645, 0.1999724664463000123 ) ) ;
#2679 = EDGE_CURVE ( 'NONE', #2990, #2098, #2435, .T. ) ;
#2680 = CYLINDRICAL_SURFACE ( 'NONE', #3227, 0.9899999999999995470 ) ;
#2681 = LINE ( 'NONE', #2618, #76 ) ;
#2682 = ORIENTED_EDGE ( 'NONE', *, *, #1458, .T. ) ;
#2683 = DIRECTION ( 'NONE',  ( 1.000000000000000000, 0.000000000000000000, 0.000000000000000000 ) ) ;
#2684 = CARTESIAN_POINT ( 'NONE',  ( -8.750000000000000000, 7.479999999999999538, 0.000000000000000000 ) ) ;
#2685 = FACE_OUTER_BOUND ( 'NONE', #4107, .T. ) ;
#2686 = VERTEX_POINT ( 'NONE', #1700 ) ;
#2687 = DIRECTION ( 'NONE',  ( 0.000000000000000000, -0.7071006970993278795, -0.7071128652214188071 ) ) ;
#2688 =( NAMED_UNIT ( * ) PLANE_ANGLE_UNIT ( ) SI_UNIT ( $, .RADIAN. ) );
#2689 = CARTESIAN_POINT ( 'NONE',  ( 0.000000000000000000, 0.000000000000000000, 18.30000000000000071 ) ) ;
#2690 = CARTESIAN_POINT ( 'NONE',  ( 0.1499999999999999944, 0.8703741808410999647, 14.86500000000000021 ) ) ;
#2691 = CYLINDRICAL_SURFACE ( 'NONE', #3432, 1.269999999999999352 ) ;
#2692 = ORIENTED_EDGE ( 'NONE', *, *, #338, .T. ) ;
#2693 = CARTESIAN_POINT ( 'NONE',  ( -2.700000000000000178, 0.000000000000000000, -1.000000000000000000 ) ) ;
#2694 = CIRCLE ( 'NONE', #549, 2.350000000000000089 ) ;
#2695 = CARTESIAN_POINT ( 'NONE',  ( -6.349999999999999645, -6.349999999999999645, 2.100027533553999959 ) ) ;
#2696 = ORIENTED_EDGE ( 'NONE', *, *, #1958, .T. ) ;
#2697 = EDGE_CURVE ( 'NONE', #3660, #1787, #2132, .T. ) ;
#2698 = CIRCLE ( 'NONE', #1752, 4.825000000000000178 ) ;
#2699 = CIRCLE ( 'NONE', #4029, 1.050000000000000044 ) ;
#2700 = CARTESIAN_POINT ( 'NONE',  ( -0.7099999999993312771, 0.000000000000000000, 9.664999999999999147 ) ) ;
#2701 = DIRECTION ( 'NONE',  ( 0.000000000000000000, 0.000000000000000000, 1.000000000000000000 ) ) ;
#2702 = AXIS2_PLACEMENT_3D ( 'NONE', #2414, #3833, #4513 ) ;
#2703 = STYLED_ITEM ( 'NONE', ( #3345 ), #1467 ) ;
#2704 = DIRECTION ( 'NONE',  ( 0.000000000000000000, 0.000000000000000000, 1.000000000000000000 ) ) ;
#2705 = ORIENTED_EDGE ( 'NONE', *, *, #3533, .T. ) ;
#2706 = CARTESIAN_POINT ( 'NONE',  ( 0.000000000000000000, 0.000000000000000000, 15.00000000000000000 ) ) ;
#2707 = EDGE_CURVE ( 'NONE', #285, #554, #1011, .T. ) ;
#2708 = B_SPLINE_CURVE_WITH_KNOTS ( 'NONE', 3,
 ( #2808, #943, #2147, #3775, #2360, #3862, #4423, #3754, #2677, #1689, #3437, #613, #1305, #251 ),
 .UNSPECIFIED., .F., .F.,
 ( 4, 2, 2, 2, 2, 2, 4 ),
 ( -2.168404344971008868E-19, 0.0004640564242471779868, 0.0009281128484943561904, 0.001392169272741534394, 0.001856225696988712598, 0.002784338545483066620, 0.003712451393977421292 ),
 .UNSPECIFIED. ) ;
#2709 = AXIS2_PLACEMENT_3D ( 'NONE', #3518, #350, #4474 ) ;
#2710 =( GEOMETRIC_REPRESENTATION_CONTEXT ( 3 ) GLOBAL_UNCERTAINTY_ASSIGNED_CONTEXT ( ( #4258 ) ) GLOBAL_UNIT_ASSIGNED_CONTEXT ( ( #4352, #1207, #2391 ) ) REPRESENTATION_CONTEXT ( 'NONE', 'WORKASPACE' ) );
#2711 = CARTESIAN_POINT ( 'NONE',  ( 0.7099999999999999645, -8.694992273946208239E-17, -4.599999999999999645 ) ) ;
#2712 = CARTESIAN_POINT ( 'NONE',  ( 0.000000000000000000, 0.000000000000000000, -9.563250000000000028 ) ) ;
#2713 = ORIENTED_EDGE ( 'NONE', *, *, #2797, .F. ) ;
#2714 = DIRECTION ( 'NONE',  ( 0.000000000000000000, 0.000000000000000000, -1.000000000000000000 ) ) ;
#2715 =( NAMED_UNIT ( * ) SI_UNIT ( $, .STERADIAN. ) SOLID_ANGLE_UNIT ( ) );
#2716 = EDGE_CURVE ( 'NONE', #3853, #3086, #3978, .T. ) ;
#2717 = FILL_AREA_STYLE ('',( #1985 ) ) ;
#2718 = VECTOR ( 'NONE', #3006, 1000.000000000000000 ) ;
#2719 = ORIENTED_EDGE ( 'NONE', *, *, #1768, .F. ) ;
#2720 = CARTESIAN_POINT ( 'NONE',  ( -0.1499999999999999944, -0.7515266461379999097, 14.66255223760000170 ) ) ;
#2721 = ORIENTED_EDGE ( 'NONE', *, *, #1012, .F. ) ;
#2722 = DIRECTION ( 'NONE',  ( -1.000000000000000000, 0.000000000000000000, 0.000000000000000000 ) ) ;
#2723 = VERTEX_POINT ( 'NONE', #3876 ) ;
#2724 = CARTESIAN_POINT ( 'NONE',  ( -0.02975460604838105205, 1.051205399113071870, -7.784360665334194351 ) ) ;
#2725 = PRESENTATION_LAYER_ASSIGNMENT (  '', '', ( #4345 ) ) ;
#2726 = DIRECTION ( 'NONE',  ( -1.000000000000000000, 0.000000000000000000, 0.000000000000000000 ) ) ;
#2727 =( LENGTH_UNIT ( ) NAMED_UNIT ( * ) SI_UNIT ( .MILLI., .METRE. ) );
#2728 = ORIENTED_EDGE ( 'NONE', *, *, #1435, .T. ) ;
#2729 = FILL_AREA_STYLE_COLOUR ( '', #1451 ) ;
#2730 = CARTESIAN_POINT ( 'NONE',  ( 0.000000000000000000, 0.000000000000000000, 2.299999999999999822 ) ) ;
#2731 = CARTESIAN_POINT ( 'NONE',  ( -2.700000000000000178, 0.000000000000000000, -3.600000000000000089 ) ) ;
#2732 = EDGE_CURVE ( 'NONE', #4399, #4443, #2940, .T. ) ;
#2733 = CARTESIAN_POINT ( 'NONE',  ( 0.000000000000000000, 0.000000000000000000, 14.56499999999999950 ) ) ;
#2734 = ORIENTED_EDGE ( 'NONE', *, *, #1298, .T. ) ;
#2735 = DIRECTION ( 'NONE',  ( 0.000000000000000000, 0.000000000000000000, 1.000000000000000000 ) ) ;
#2736 = CARTESIAN_POINT ( 'NONE',  ( 6.349999999999999645, -7.950000000000000178, 2.100027533553999959 ) ) ;
#2737 = EDGE_CURVE ( 'NONE', #3391, #3624, #724, .T. ) ;
#2738 = FACE_OUTER_BOUND ( 'NONE', #2252, .T. ) ;
#2739 = ORIENTED_EDGE ( 'NONE', *, *, #586, .F. ) ;
#2740 = DIRECTION ( 'NONE',  ( 0.1428571428570990787, 0.9897433186107934544, 0.000000000000000000 ) ) ;
#2741 = PRESENTATION_LAYER_ASSIGNMENT (  '', '', ( #4361 ) ) ;
#2742 = EDGE_CURVE ( 'NONE', #3473, #2210, #4172, .T. ) ;
#2743 = ORIENTED_EDGE ( 'NONE', *, *, #786, .F. ) ;
#2745 = EDGE_LOOP ( 'NONE', ( #994, #1833, #1129, #3329 ) ) ;
#2744 = DIRECTION ( 'NONE',  ( -1.000000000000000000, 0.000000000000000000, 0.000000000000000000 ) ) ;
#2746 = AXIS2_PLACEMENT_3D ( 'NONE', #2320, #1599, #3089 ) ;
#2747 = CARTESIAN_POINT ( 'NONE',  ( 0.000000000000000000, 0.000000000000000000, 18.30000000000000071 ) ) ;
#2748 = AXIS2_PLACEMENT_3D ( 'NONE', #2548, #1095, #3506 ) ;
#2749 = DIRECTION ( 'NONE',  ( 0.000000000000000000, 0.000000000000000000, -1.000000000000000000 ) ) ;
#2750 = LINE ( 'NONE', #1740, #2354 ) ;
#2751 = ORIENTED_EDGE ( 'NONE', *, *, #1150, .F. ) ;
#2752 = CARTESIAN_POINT ( 'NONE',  ( 4.646957410391340026, -1.318221208879915229, 11.91845872527454553 ) ) ;
#2753 = DIRECTION ( 'NONE',  ( 1.000000000000000000, 0.000000000000000000, 0.000000000000000000 ) ) ;
#2754 = VERTEX_POINT ( 'NONE', #2503 ) ;
#2755 = LINE ( 'NONE', #3426, #866 ) ;
#2756 = ORIENTED_EDGE ( 'NONE', *, *, #2915, .T. ) ;
#2757 =( LENGTH_UNIT ( ) NAMED_UNIT ( * ) SI_UNIT ( .MILLI., .METRE. ) );
#2758 = CARTESIAN_POINT ( 'NONE',  ( 6.349999999999999645, 8.149969025284805824, 0.000000000000000000 ) ) ;
#2759 = ADVANCED_FACE ( 'NONE', ( #14 ), #3903, .T. ) ;
#2760 = CARTESIAN_POINT ( 'NONE',  ( 4.575000000000000178, -1.452714666119000242, 15.55839727768000103 ) ) ;
#2761 = ORIENTED_EDGE ( 'NONE', *, *, #2127, .T. ) ;
#2762 = DIRECTION ( 'NONE',  ( -1.000000000000000000, 0.000000000000000000, 0.000000000000000000 ) ) ;
#2763 = EDGE_CURVE ( 'NONE', #673, #64, #3974, .T. ) ;
#2764 = VERTEX_POINT ( 'NONE', #747 ) ;
#2765 = ORIENTED_EDGE ( 'NONE', *, *, #391, .T. ) ;
#2766 = FACE_BOUND ( 'NONE', #2575, .T. ) ;
#2767 = EDGE_CURVE ( 'NONE', #2121, #3059, #4098, .T. ) ;
#2768 = AXIS2_PLACEMENT_3D ( 'NONE', #565, #1254, #2418 ) ;
#2769 = CARTESIAN_POINT ( 'NONE',  ( 6.349999999999999645, 7.950000000000000178, 0.1999724664463000123 ) ) ;
#2770 = CARTESIAN_POINT ( 'NONE',  ( -0.1499999999999999944, 1.039230484540999866, 10.56499999999999950 ) ) ;
#2771 = CARTESIAN_POINT ( 'NONE',  ( -6.349999999999999645, -4.750000000000000000, 0.1999724664463000123 ) ) ;
#2772 = ORIENTED_EDGE ( 'NONE', *, *, #2153, .F. ) ;
#2773 = CIRCLE ( 'NONE', #1906, 1.049999999999999378 ) ;
#2774 = SURFACE_SIDE_STYLE ('',( #4103 ) ) ;
#2775 = VECTOR ( 'NONE', #999, 1000.000000000000000 ) ;
#2776 = CARTESIAN_POINT ( 'NONE',  ( -4.575000000000000178, 0.9715146960295999445, 13.86958152559000013 ) ) ;
#2777 = AXIS2_PLACEMENT_3D ( 'NONE', #954, #3324, #3359 ) ;
#2778 = CIRCLE ( 'NONE', #4529, 2.499999999999999556 ) ;
#2779 = ORIENTED_EDGE ( 'NONE', *, *, #2127, .F. ) ;
#2780 = CARTESIAN_POINT ( 'NONE',  ( -5.500000000000000000, 0.000000000000000000, 13.07000000000000028 ) ) ;
#2781 = ORIENTED_EDGE ( 'NONE', *, *, #4516, .T. ) ;
#2782 = AXIS2_PLACEMENT_3D ( 'NONE', #1285, #1385, #4489 ) ;
#2783 = CARTESIAN_POINT ( 'NONE',  ( 0.1499999999999999944, -0.8703741808410999647, 14.86500000000000021 ) ) ;
#2784 = TOROIDAL_SURFACE ( 'NONE', #797, 13.67499999999999893, 9.000000000000000000 ) ;
#2785 = CARTESIAN_POINT ( 'NONE',  ( 6.349999999999999645, 6.349999999999999645, 2.100027533553999959 ) ) ;
#2786 = AXIS2_PLACEMENT_3D ( 'NONE', #85, #3607, #3271 ) ;
#2787 = EDGE_LOOP ( 'NONE', ( #4207, #4284, #3630, #3464, #1248, #2456, #989, #4519 ) ) ;
#2788 = CARTESIAN_POINT ( 'NONE',  ( -7.479999999999999538, -7.479999999999999538, 2.299999999999999822 ) ) ;
#2789 = CARTESIAN_POINT ( 'NONE',  ( -4.575000000000000178, 0.9672111852965999956, 14.20817693484000088 ) ) ;
#2790 = ORIENTED_EDGE ( 'NONE', *, *, #2763, .F. ) ;
#2791 = EDGE_CURVE ( 'NONE', #608, #915, #818, .T. ) ;
#2792 = AXIS2_PLACEMENT_3D ( 'NONE', #2823, #2874, #375 ) ;
#2793 = VERTEX_POINT ( 'NONE', #4318 ) ;
#2794 = CARTESIAN_POINT ( 'NONE',  ( -0.1171431079280617071, 1.043854407564266618, -7.333808007261018780 ) ) ;
#2795 = DIRECTION ( 'NONE',  ( 0.000000000000000000, 0.000000000000000000, 1.000000000000000000 ) ) ;
#2796 = CARTESIAN_POINT ( 'NONE',  ( 6.349999999999999645, 6.349999999999999645, 0.1999724664463000123 ) ) ;
#2797 = EDGE_CURVE ( 'NONE', #3964, #3711, #4407, .T. ) ;
#2798 = DIRECTION ( 'NONE',  ( 0.000000000000000000, 0.000000000000000000, -1.000000000000000000 ) ) ;
#2799 = ORIENTED_EDGE ( 'NONE', *, *, #4040, .F. ) ;
#2800 = DIRECTION ( 'NONE',  ( -8.659562457835102684E-17, 0.7071069359642491170, -0.7071066264088120557 ) ) ;
#2801 = ORIENTED_EDGE ( 'NONE', *, *, #481, .F. ) ;
#2802 = SURFACE_STYLE_FILL_AREA ( #2043 ) ;
#2803 = CARTESIAN_POINT ( 'NONE',  ( -3.550000000000000266, 0.000000000000000000, -1.625000000000000000 ) ) ;
#2804 = DIRECTION ( 'NONE',  ( 0.000000000000000000, 0.000000000000000000, 1.000000000000000000 ) ) ;
#2805 = FACE_OUTER_BOUND ( 'NONE', #3901, .T. ) ;
#2806 = ORIENTED_EDGE ( 'NONE', *, *, #760, .T. ) ;
#2807 = CARTESIAN_POINT ( 'NONE',  ( -6.349999999999999645, -4.750000000000000000, 2.100027533553999959 ) ) ;
#2808 = CARTESIAN_POINT ( 'NONE',  ( -1.050000000000000044, -7.715944918797495202E-32, -5.400000000000098943 ) ) ;
#2809 = VERTEX_POINT ( 'NONE', #3544 ) ;
#2810 = B_SPLINE_CURVE_WITH_KNOTS ( 'NONE', 3,
 ( #2499, #3942, #3582, #4311, #1128, #443, #768 ),
 .UNSPECIFIED., .F., .F.,
 ( 4, 1, 1, 1, 4 ),
 ( 0.000000000000000000, 0.2500000000000000000, 0.5000000000000000000, 0.7500000000000000000, 1.000000000000000000 ),
 .UNSPECIFIED. ) ;
#2812 = ORIENTED_EDGE ( 'NONE', *, *, #276, .F. ) ;
#2811 = LINE ( 'NONE', #318, #2406 ) ;
#2813 = EDGE_CURVE ( 'NONE', #2723, #3592, #3159, .T. ) ;
#2814 = CARTESIAN_POINT ( 'NONE',  ( -4.810714285713999949, -4.500000000000000000, -8.400000000000000355 ) ) ;
#2815 = COLOUR_RGB ( '',1.000000000000000000, 0.8705882352941176627, 0.5294117647058823595 ) ;
#2816 = CARTESIAN_POINT ( 'NONE',  ( -1.243449787579999883E-14, -5.400001181888014479, 7.200001182111000375 ) ) ;
#2817 = DIRECTION ( 'NONE',  ( 0.000000000000000000, 0.000000000000000000, 1.000000000000000000 ) ) ;
#2818 = ORIENTED_EDGE ( 'NONE', *, *, #2236, .F. ) ;
#2819 = CARTESIAN_POINT ( 'NONE',  ( -4.800240829354994965, 0.5557262377744807136, 11.60686677427846725 ) ) ;
#2820 =( GEOMETRIC_REPRESENTATION_CONTEXT ( 3 ) GLOBAL_UNCERTAINTY_ASSIGNED_CONTEXT ( ( #808 ) ) GLOBAL_UNIT_ASSIGNED_CONTEXT ( ( #2472, #2154, #1101 ) ) REPRESENTATION_CONTEXT ( 'NONE', 'WORKASPACE' ) );
#2821 = ADVANCED_FACE ( 'NONE', ( #1825 ), #809, .F. ) ;
#2822 = DIRECTION ( 'NONE',  ( -1.000000000000000000, 0.000000000000000000, 0.000000000000000000 ) ) ;
#2823 = CARTESIAN_POINT ( 'NONE',  ( -6.349999999999999645, 6.349999999999999645, 0.1999724664463000123 ) ) ;
#2824 =( GEOMETRIC_REPRESENTATION_CONTEXT ( 3 ) GLOBAL_UNCERTAINTY_ASSIGNED_CONTEXT ( ( #3013 ) ) GLOBAL_UNIT_ASSIGNED_CONTEXT ( ( #2392, #955, #2026 ) ) REPRESENTATION_CONTEXT ( 'NONE', 'WORKASPACE' ) );
#2825 = ORIENTED_EDGE ( 'NONE', *, *, #532, .T. ) ;
#2826 = CARTESIAN_POINT ( 'NONE',  ( 0.000000000000000000, 0.000000000000000000, 15.00000000000000000 ) ) ;
#2827 = FILL_AREA_STYLE ('',( #822 ) ) ;
#2828 = CARTESIAN_POINT ( 'NONE',  ( 1.050000000000000044, -1.285879139104720732E-16, -9.563250000000000028 ) ) ;
#2829 = ORIENTED_EDGE ( 'NONE', *, *, #527, .F. ) ;
#2830 = CARTESIAN_POINT ( 'NONE',  ( 0.7515969500625000466, 0.1499999999999999944, 14.66267161999000024 ) ) ;
#2831 = LINE ( 'NONE', #1396, #1241 ) ;
#2832 = DIRECTION ( 'NONE',  ( 0.000000000000000000, 0.000000000000000000, 1.000000000000000000 ) ) ;
#2833 = UNCERTAINTY_MEASURE_WITH_UNIT (LENGTH_MEASURE( 1.000000000000000082E-05 ), #4117, 'distance_accuracy_value', 'NONE');
#2834 = ORIENTED_EDGE ( 'NONE', *, *, #477, .T. ) ;
#2836 = VERTEX_POINT ( 'NONE', #3273 ) ;
#2835 = CARTESIAN_POINT ( 'NONE',  ( 0.000000000000000000, 0.000000000000000000, 10.56499999999999950 ) ) ;
#2837 = FACE_OUTER_BOUND ( 'NONE', #1590, .T. ) ;
#2838 = PRESENTATION_STYLE_ASSIGNMENT (( #766 ) ) ;
#2839 = CARTESIAN_POINT ( 'NONE',  ( 0.000000000000000000, 0.000000000000000000, 14.86500000000000021 ) ) ;
#2840 = EDGE_LOOP ( 'NONE', ( #3465, #754, #341, #4388 ) ) ;
#2841 =( LENGTH_UNIT ( ) NAMED_UNIT ( * ) SI_UNIT ( .MILLI., .METRE. ) );
#2842 = VECTOR ( 'NONE', #1631, 1000.000000000000000 ) ;
#2843 = CARTESIAN_POINT ( 'NONE',  ( 5.412490055020999336, -0.9774253909942000051, 13.86691393721000054 ) ) ;
#2844 = AXIS2_PLACEMENT_3D ( 'NONE', #2091, #4543, #1390 ) ;
#2845 = AXIS2_PLACEMENT_3D ( 'NONE', #79, #366, #3161 ) ;
#2846 = DIRECTION ( 'NONE',  ( 0.1428571428570990787, -0.9897433186107934544, 0.000000000000000000 ) ) ;
#2847 = ORIENTED_EDGE ( 'NONE', *, *, #3922, .F. ) ;
#2848 = EDGE_CURVE ( 'NONE', #317, #2210, #1430, .T. ) ;
#2849 = CARTESIAN_POINT ( 'NONE',  ( -0.1499999999999999944, 1.039230484540999866, 14.86500000000000021 ) ) ;
#2850 = ORIENTED_EDGE ( 'NONE', *, *, #2268, .F. ) ;
#2851 = DIRECTION ( 'NONE',  ( 1.000000000000000000, 0.000000000000000000, 0.000000000000000000 ) ) ;
#2852 = DIRECTION ( 'NONE',  ( 0.000000000000000000, 0.000000000000000000, 1.000000000000000000 ) ) ;
#2853 = CIRCLE ( 'NONE', #4161, 1.049999999999999378 ) ;
#2854 = CARTESIAN_POINT ( 'NONE',  ( -0.1499999999999999944, -0.6939740629158999141, 10.56499999999999950 ) ) ;
#2855 = EDGE_LOOP ( 'NONE', ( #3055, #2847, #1736 ) ) ;
#2856 = CARTESIAN_POINT ( 'NONE',  ( 4.575000000000000178, 1.532970971676685057, 12.08515823418770374 ) ) ;
#2857 = EDGE_CURVE ( 'NONE', #3208, #2129, #1016, .T. ) ;
#2858 = DIRECTION ( 'NONE',  ( 0.000000000000000000, 0.000000000000000000, 1.000000000000000000 ) ) ;
#2859 = CIRCLE ( 'NONE', #1762, 1.799969025285000024 ) ;
#2860 = CARTESIAN_POINT ( 'NONE',  ( 4.800464999221044415, -0.5542410105470013670, 16.51357893685595357 ) ) ;
#2861 = AXIS2_PLACEMENT_3D ( 'NONE', #3422, #2405, #1773 ) ;
#2862 = MECHANICAL_DESIGN_GEOMETRIC_PRESENTATION_REPRESENTATION (  '', ( #3663 ), #69 ) ;
#2863 = DIRECTION ( 'NONE',  ( 0.000000000000000000, 0.000000000000000000, 1.000000000000000000 ) ) ;
#2865 = VERTEX_POINT ( 'NONE', #1085 ) ;
#2864 = SURFACE_STYLE_FILL_AREA ( #4262 ) ;
#2866 = DIRECTION ( 'NONE',  ( 0.000000000000000000, 0.000000000000000000, 1.000000000000000000 ) ) ;
#2867 = VECTOR ( 'NONE', #529, 1000.000000000000000 ) ;
#2868 = PRESENTATION_STYLE_ASSIGNMENT (( #2181 ) ) ;
#2869 = ORIENTED_EDGE ( 'NONE', *, *, #2989, .T. ) ;
#2870 = DIRECTION ( 'NONE',  ( -1.000000000000000000, 0.000000000000000000, 0.000000000000000000 ) ) ;
#2871 = CONICAL_SURFACE ( 'NONE', #570, 1.699985370263999318, 0.7853895592358033362 ) ;
#2872 = CARTESIAN_POINT ( 'NONE',  ( 5.472996217300000410, -0.5525508294893000105, 13.23078584607000074 ) ) ;
#2873 = LINE ( 'NONE', #2947, #635 ) ;
#2874 = DIRECTION ( 'NONE',  ( 0.000000000000000000, 0.000000000000000000, 1.000000000000000000 ) ) ;
#2875 = ORIENTED_EDGE ( 'NONE', *, *, #2767, .F. ) ;
#2876 = B_SPLINE_CURVE_WITH_KNOTS ( 'NONE', 3,
 ( #4267, #3516, #3605, #2137, #56 ),
 .UNSPECIFIED., .F., .F.,
 ( 4, 1, 4 ),
 ( 0.5000000234640085139, 0.6666666666667000474, 1.000000000000000000 ),
 .UNSPECIFIED. ) ;
#2877 = DIRECTION ( 'NONE',  ( 0.000000000000000000, 0.000000000000000000, -1.000000000000000000 ) ) ;
#2878 = ADVANCED_FACE ( 'NONE', ( #799 ), #3951, .T. ) ;
#2879 = DIRECTION ( 'NONE',  ( -0.01580080846133604180, 1.935040950611560476E-18, 0.9998751594334005510 ) ) ;
#2880 = B_SPLINE_CURVE_WITH_KNOTS ( 'NONE', 3,
 ( #3051, #176, #548, #1975, #221, #2304 ),
 .UNSPECIFIED., .F., .F.,
 ( 4, 2, 4 ),
 ( -0.001667084814084858436, -0.0008335424070424293265, -2.168404344971008868E-19 ),
 .UNSPECIFIED. ) ;
#2881 = VERTEX_POINT ( 'NONE', #1972 ) ;
#2882 = CARTESIAN_POINT ( 'NONE',  ( 6.349999999999999645, 6.349999999999999645, 2.100027533553999959 ) ) ;
#2883 = DIRECTION ( 'NONE',  ( -1.000000000000000000, 0.000000000000000000, 0.000000000000000000 ) ) ;
#2884 = CARTESIAN_POINT ( 'NONE',  ( -4.575000000000000178, 0.9628597208425845322, 14.14478013099502363 ) ) ;
#2885 = UNCERTAINTY_MEASURE_WITH_UNIT (LENGTH_MEASURE( 1.000000000000000082E-05 ), #3831, 'distance_accuracy_value', 'NONE');
#2886 = EDGE_CURVE ( 'NONE', #887, #2888, #2662, .T. ) ;
#2887 = CARTESIAN_POINT ( 'NONE',  ( -0.6939740629158999141, 0.1499999999999999944, 14.56499999999999950 ) ) ;
#2888 = VERTEX_POINT ( 'NONE', #1891 ) ;
#2889 = CARTESIAN_POINT ( 'NONE',  ( 6.349999999999999645, 4.750000000000000000, 0.1999724664463000123 ) ) ;
#2890 = LINE ( 'NONE', #322, #557 ) ;
#2891 = DIRECTION ( 'NONE',  ( 0.000000000000000000, 0.000000000000000000, -1.000000000000000000 ) ) ;
#2892 = EDGE_LOOP ( 'NONE', ( #1814, #1651, #3338, #2378 ) ) ;
#2893 = CARTESIAN_POINT ( 'NONE',  ( -4.575000000000000178, 1.532970971675795102, 12.08515823418700919 ) ) ;
#2894 = DIRECTION ( 'NONE',  ( -1.000000000000000000, 0.000000000000000000, 0.000000000000000000 ) ) ;
#2895 = AXIS2_PLACEMENT_3D ( 'NONE', #3300, #139, #3761 ) ;
#2896 = CARTESIAN_POINT ( 'NONE',  ( 0.000000000000000000, 0.000000000000000000, 2.864999999999999769 ) ) ;
#2897 = ORIENTED_EDGE ( 'NONE', *, *, #2088, .T. ) ;
#2898 =( NAMED_UNIT ( * ) SI_UNIT ( $, .STERADIAN. ) SOLID_ANGLE_UNIT ( ) );
#2899 =( LENGTH_UNIT ( ) NAMED_UNIT ( * ) SI_UNIT ( .MILLI., .METRE. ) );
#2900 = PRESENTATION_STYLE_ASSIGNMENT (( #432 ) ) ;
#2901 = STYLED_ITEM ( 'NONE', ( #2005 ), #4127 ) ;
#2902 = ORIENTED_EDGE ( 'NONE', *, *, #3778, .F. ) ;
#2903 = DIRECTION ( 'NONE',  ( 0.000000000000000000, -1.000000000000000000, 0.000000000000000000 ) ) ;
#2904 = EDGE_CURVE ( 'NONE', #2888, #4101, #1919, .T. ) ;
#2905 = FILL_AREA_STYLE ('',( #2307 ) ) ;
#2906 = VECTOR ( 'NONE', #3066, 1000.000000000000000 ) ;
#2907 = CARTESIAN_POINT ( 'NONE',  ( -0.8703741808410999647, 0.1499999999999999944, 14.86500000000000021 ) ) ;
#2908 = ORIENTED_EDGE ( 'NONE', *, *, #2275, .F. ) ;
#2909 = EDGE_CURVE ( 'NONE', #2447, #578, #1239, .T. ) ;
#2910 = DIRECTION ( 'NONE',  ( 1.000000000000000000, 0.000000000000000000, 0.000000000000000000 ) ) ;
#2911 = SURFACE_SIDE_STYLE ('',( #101 ) ) ;
#2912 = CYLINDRICAL_SURFACE ( 'NONE', #2637, 3.850000000000000089 ) ;
#2913 = FACE_OUTER_BOUND ( 'NONE', #3175, .T. ) ;
#2914 = ORIENTED_EDGE ( 'NONE', *, *, #1315, .T. ) ;
#2915 = EDGE_CURVE ( 'NONE', #3521, #1676, #2259, .T. ) ;
#2916 = CARTESIAN_POINT ( 'NONE',  ( 4.575000000000000178, -1.532970971676000049, 15.69630681720000176 ) ) ;
#2917 = CARTESIAN_POINT ( 'NONE',  ( 4.574999999999721290, -1.532970971676627325, 16.03484176581234522 ) ) ;
#2918 = DIRECTION ( 'NONE',  ( 0.000000000000000000, 0.000000000000000000, -1.000000000000000000 ) ) ;
#2919 = ORIENTED_EDGE ( 'NONE', *, *, #1830, .F. ) ;
#2920 = CARTESIAN_POINT ( 'NONE',  ( -0.3865694232556186605, 0.5976814882329453127, -6.506793777600542228 ) ) ;
#2921 = AXIS2_PLACEMENT_3D ( 'NONE', #1864, #3267, #1127 ) ;
#2922 = DIRECTION ( 'NONE',  ( 0.000000000000000000, 0.9813279757874618925, -0.1923418933484916660 ) ) ;
#2923 = DIRECTION ( 'NONE',  ( 1.000000000000000000, 0.000000000000000000, 0.000000000000000000 ) ) ;
#2924 = CIRCLE ( 'NONE', #1670, 1.599999999999999867 ) ;
#2925 = VERTEX_POINT ( 'NONE', #219 ) ;
#2926 = DIRECTION ( 'NONE',  ( 0.000000000000000000, 0.000000000000000000, -1.000000000000000000 ) ) ;
#2927 = CYLINDRICAL_SURFACE ( 'NONE', #3994, 4.825000000000000178 ) ;
#2928 = CARTESIAN_POINT ( 'NONE',  ( 4.575000000000000178, 0.9715146960295999445, 13.86958152558000101 ) ) ;
#2929 = AXIS2_PLACEMENT_3D ( 'NONE', #2333, #3728, #2029 ) ;
#2930 = UNCERTAINTY_MEASURE_WITH_UNIT (LENGTH_MEASURE( 1.000000000000000082E-05 ), #3555, 'distance_accuracy_value', 'NONE');
#2931 =( GEOMETRIC_REPRESENTATION_CONTEXT ( 3 ) GLOBAL_UNCERTAINTY_ASSIGNED_CONTEXT ( ( #2467 ) ) GLOBAL_UNIT_ASSIGNED_CONTEXT ( ( #3198, #2559, #2898 ) ) REPRESENTATION_CONTEXT ( 'NONE', 'WORKASPACE' ) );
#2932 = CONICAL_SURFACE ( 'NONE', #638, 1.699985370264000206, 0.7853895592358033362 ) ;
#2933 = DIRECTION ( 'NONE',  ( 0.000000000000000000, -1.000000000000000000, 0.000000000000000000 ) ) ;
#2934 = ORIENTED_EDGE ( 'NONE', *, *, #1721, .T. ) ;
#2935 = PRESENTATION_LAYER_ASSIGNMENT (  '', '', ( #346 ) ) ;
#2936 = COLOUR_RGB ( '',1.000000000000000000, 0.8705882352941176627, 0.5294117647058823595 ) ;
#2937 = CARTESIAN_POINT ( 'NONE',  ( 8.750000000000000000, 7.479999999999999538, 2.299999999999999822 ) ) ;
#2938 = CARTESIAN_POINT ( 'NONE',  ( 4.575000000000000178, -1.212400331155880195E-16, 15.04999999999999893 ) ) ;
#2939 = ADVANCED_FACE ( 'NONE', ( #4043 ), #904, .F. ) ;
#2940 = CIRCLE ( 'NONE', #433, 1.599999999999999867 ) ;
#2941 = CARTESIAN_POINT ( 'NONE',  ( 0.000000000000000000, 0.000000000000000000, -8.400000000000000355 ) ) ;
#2942 = VERTEX_POINT ( 'NONE', #4409 ) ;
#2943 = DIRECTION ( 'NONE',  ( 0.000000000000000000, 0.000000000000000000, 1.000000000000000000 ) ) ;
#2944 =( GEOMETRIC_REPRESENTATION_CONTEXT ( 3 ) GLOBAL_UNCERTAINTY_ASSIGNED_CONTEXT ( ( #1118 ) ) GLOBAL_UNIT_ASSIGNED_CONTEXT ( ( #2727, #4118, #3781 ) ) REPRESENTATION_CONTEXT ( 'NONE', 'WORKASPACE' ) );
#2945 = LINE ( 'NONE', #3352, #758 ) ;
#2946 = EDGE_CURVE ( 'NONE', #918, #368, #3009, .T. ) ;
#2947 = CARTESIAN_POINT ( 'NONE',  ( -0.3659831962560999852, 0.000000000000000000, 9.466381805753000478 ) ) ;
#2948 = DIRECTION ( 'NONE',  ( 0.000000000000000000, 0.000000000000000000, 1.000000000000000000 ) ) ;
#2949 = ORIENTED_EDGE ( 'NONE', *, *, #2514, .T. ) ;
#2950 = AXIS2_PLACEMENT_3D ( 'NONE', #4237, #2891, #3623 ) ;
#2951 = SURFACE_STYLE_USAGE ( .BOTH. , #4045 ) ;
#2952 = CARTESIAN_POINT ( 'NONE',  ( 4.749999999999999112, -6.349999999999999645, 2.100027533553999959 ) ) ;
#2953 = EDGE_CURVE ( 'NONE', #4272, #2764, #2681, .T. ) ;
#2954 = ORIENTED_EDGE ( 'NONE', *, *, #2119, .F. ) ;
#2955 = CYLINDRICAL_SURFACE ( 'NONE', #2570, 2.500000000000000444 ) ;
#2956 = DIRECTION ( 'NONE',  ( -0.000000000000000000, 1.000000000000000000, 0.000000000000000000 ) ) ;
#2957 = FACE_OUTER_BOUND ( 'NONE', #1161, .T. ) ;
#2958 =( GEOMETRIC_REPRESENTATION_CONTEXT ( 3 ) GLOBAL_UNCERTAINTY_ASSIGNED_CONTEXT ( ( #436 ) ) GLOBAL_UNIT_ASSIGNED_CONTEXT ( ( #827, #3933, #844 ) ) REPRESENTATION_CONTEXT ( 'NONE', 'WORKASPACE' ) );
#2959 = CARTESIAN_POINT ( 'NONE',  ( 4.750000000000000000, -6.349999999999999645, 0.000000000000000000 ) ) ;
#2960 = CARTESIAN_POINT ( 'NONE',  ( -4.575000000000000178, -1.532970971676000049, 12.42369318280000101 ) ) ;
#2961 = CARTESIAN_POINT ( 'NONE',  ( 0.000000000000000000, 0.000000000000000000, -1.000000000000000000 ) ) ;
#2962 = CARTESIAN_POINT ( 'NONE',  ( 4.575000000000000178, -1.307171588641000026, 15.29184850386000072 ) ) ;
#2963 = CARTESIAN_POINT ( 'NONE',  ( 6.349999999999999645, 6.349999999999999645, 0.000000000000000000 ) ) ;
#2964 = VERTEX_POINT ( 'NONE', #2321 ) ;
#2965 = FACE_OUTER_BOUND ( 'NONE', #1198, .T. ) ;
#2966 = EDGE_CURVE ( 'NONE', #4325, #399, #3891, .T. ) ;
#2967 = CARTESIAN_POINT ( 'NONE',  ( -4.575000000000000178, 0.000000000000000000, 14.05999999999999872 ) ) ;
#2968 = VERTEX_POINT ( 'NONE', #3337 ) ;
#2969 =( LENGTH_UNIT ( ) NAMED_UNIT ( * ) SI_UNIT ( .MILLI., .METRE. ) );
#2970 =( NAMED_UNIT ( * ) SI_UNIT ( $, .STERADIAN. ) SOLID_ANGLE_UNIT ( ) );
#2971 = EDGE_CURVE ( 'NONE', #4198, #4399, #507, .T. ) ;
#2972 = PRESENTATION_STYLE_ASSIGNMENT (( #1560 ) ) ;
#2973 = ORIENTED_EDGE ( 'NONE', *, *, #4287, .T. ) ;
#2974 = CARTESIAN_POINT ( 'NONE',  ( -6.349999999999999645, -8.049985370263998519, 0.09998537558667000558 ) ) ;
#2975 = EDGE_CURVE ( 'NONE', #2334, #3436, #1666, .T. ) ;
#2976 = CARTESIAN_POINT ( 'NONE',  ( 7.950000000000000178, 6.349999999999999645, 0.000000000000000000 ) ) ;
#2977 = AXIS2_PLACEMENT_3D ( 'NONE', #1047, #2541, #1372 ) ;
#2978 = DIRECTION ( 'NONE',  ( 0.000000000000000000, 0.000000000000000000, -1.000000000000000000 ) ) ;
#2979 = VERTEX_POINT ( 'NONE', #2771 ) ;
#2980 = AXIS2_PLACEMENT_3D ( 'NONE', #628, #1340, #973 ) ;
#2981 = FILL_AREA_STYLE ('',( #3021 ) ) ;
#2982 = ORIENTED_EDGE ( 'NONE', *, *, #1096, .F. ) ;
#2983 = CARTESIAN_POINT ( 'NONE',  ( -4.575000000000000178, -0.9617718549370564141, 14.06000000450248422 ) ) ;
#2984 = ORIENTED_EDGE ( 'NONE', *, *, #3533, .F. ) ;
#2985 = DIRECTION ( 'NONE',  ( 1.000000000000000000, 0.000000000000000000, 0.000000000000000000 ) ) ;
#2986 = DIRECTION ( 'NONE',  ( 0.000000000000000000, 0.000000000000000000, 1.000000000000000000 ) ) ;
#2987 = DIRECTION ( 'NONE',  ( 0.000000000000000000, 0.000000000000000000, -1.000000000000000000 ) ) ;
#2988 = PRODUCT_RELATED_PRODUCT_CATEGORY ( 'part', '', ( #3694 ) ) ;
#2989 = EDGE_CURVE ( 'NONE', #306, #2375, #1269, .T. ) ;
#2990 = VERTEX_POINT ( 'NONE', #1034 ) ;
#2991 = SURFACE_STYLE_USAGE ( .BOTH. , #3034 ) ;
#2992 = PRESENTATION_STYLE_ASSIGNMENT (( #2605 ) ) ;
#2993 = FACE_OUTER_BOUND ( 'NONE', #1800, .T. ) ;
#2994 = EDGE_CURVE ( 'NONE', #4512, #4101, #4041, .T. ) ;
#2995 = LINE ( 'NONE', #4049, #3585 ) ;
#2996 = CIRCLE ( 'NONE', #1364, 1.269999999999999352 ) ;
#2997 = MECHANICAL_DESIGN_GEOMETRIC_PRESENTATION_REPRESENTATION (  '', ( #3651 ), #53 ) ;
#2999 = EDGE_LOOP ( 'NONE', ( #20, #2443, #3647, #2984, #2495, #3182 ) ) ;
#2998 = CARTESIAN_POINT ( 'NONE',  ( 0.000000000000000000, 0.000000000000000000, 10.56499999999999950 ) ) ;
#3000 = CARTESIAN_POINT ( 'NONE',  ( -0.7515969500625000466, -0.1499999999999999944, 14.66267161999000024 ) ) ;
#3001 = EDGE_LOOP ( 'NONE', ( #2103, #1536 ) ) ;
#3002 = DIRECTION ( 'NONE',  ( 0.000000000000000000, 0.000000000000000000, 1.000000000000000000 ) ) ;
#3003 = ORIENTED_EDGE ( 'NONE', *, *, #979, .T. ) ;
#3004 = AXIS2_PLACEMENT_3D ( 'NONE', #224, #2328, #1983 ) ;
#3005 = VECTOR ( 'NONE', #3680, 1000.000000000000000 ) ;
#3006 = DIRECTION ( 'NONE',  ( 0.000000000000000000, 0.000000000000000000, -1.000000000000000000 ) ) ;
#3007 = ORIENTED_EDGE ( 'NONE', *, *, #1721, .F. ) ;
#3008 = CARTESIAN_POINT ( 'NONE',  ( 7.479999999999999538, -7.479999999999999538, 0.000000000000000000 ) ) ;
#3009 = CIRCLE ( 'NONE', #4540, 4.074999999999999289 ) ;
#3010 = ORIENTED_EDGE ( 'NONE', *, *, #577, .T. ) ;
#3011 = PRESENTATION_STYLE_ASSIGNMENT (( #2991 ) ) ;
#3012 = DIRECTION ( 'NONE',  ( 1.000000000000000000, 0.000000000000000000, 0.000000000000000000 ) ) ;
#3013 = UNCERTAINTY_MEASURE_WITH_UNIT (LENGTH_MEASURE( 1.000000000000000082E-05 ), #2392, 'distance_accuracy_value', 'NONE');
#3014 = EDGE_CURVE ( 'NONE', #149, #608, #2750, .T. ) ;
#3015 = CIRCLE ( 'NONE', #1017, 0.9900000000000001021 ) ;
#3016 = DIRECTION ( 'NONE',  ( -1.000000000000000000, 0.000000000000000000, 0.000000000000000000 ) ) ;
#3017 = CARTESIAN_POINT ( 'NONE',  ( 0.1499999999999999944, -0.1499999999999999944, 14.86500000000000021 ) ) ;
#3019 = EDGE_LOOP ( 'NONE', ( #1870, #4123, #3705, #3702 ) ) ;
#3018 = CARTESIAN_POINT ( 'NONE',  ( -4.575000000000000178, 0.000000000000000000, 11.55999999999999872 ) ) ;
#3020 = EDGE_CURVE ( 'NONE', #3467, #3564, #3244, .T. ) ;
#3021 = FILL_AREA_STYLE_COLOUR ( '', #3061 ) ;
#3022 = VERTEX_POINT ( 'NONE', #4535 ) ;
#3023 = DIRECTION ( 'NONE',  ( 0.000000000000000000, 0.000000000000000000, -1.000000000000000000 ) ) ;
#3024 = ORIENTED_EDGE ( 'NONE', *, *, #1399, .F. ) ;
#3025 = EDGE_CURVE ( 'NONE', #223, #5, #3739, .T. ) ;
#3026 = LINE ( 'NONE', #593, #3918 ) ;
#3027 = DIRECTION ( 'NONE',  ( 0.000000000000000000, 0.000000000000000000, 1.000000000000000000 ) ) ;
#3028 = DIRECTION ( 'NONE',  ( 0.000000000000000000, 0.000000000000000000, 1.000000000000000000 ) ) ;
#3029 = ORIENTED_EDGE ( 'NONE', *, *, #820, .F. ) ;
#3030 = CARTESIAN_POINT ( 'NONE',  ( -1.039230484540999866, -0.1499999999999999944, 14.86500000000000021 ) ) ;
#3031 =( NAMED_UNIT ( * ) PLANE_ANGLE_UNIT ( ) SI_UNIT ( $, .RADIAN. ) );
#3032 = CARTESIAN_POINT ( 'NONE',  ( -4.749999999999999112, -6.349999999999999645, 0.1999724664463000123 ) ) ;
#3033 = ORIENTED_EDGE ( 'NONE', *, *, #2325, .T. ) ;
#3034 = SURFACE_SIDE_STYLE ('',( #889 ) ) ;
#3035 = CARTESIAN_POINT ( 'NONE',  ( -2.700000000000000178, 0.000000000000000000, -4.530000000000000249 ) ) ;
#3036 = STYLED_ITEM ( 'NONE', ( #2972 ), #4475 ) ;
#3037 = CARTESIAN_POINT ( 'NONE',  ( 6.349999999999999645, -6.349999999999999645, 0.1999724664463000123 ) ) ;
#3038 = ORIENTED_EDGE ( 'NONE', *, *, #826, .F. ) ;
#3039 = ADVANCED_FACE ( 'NONE', ( #2061 ), #4508, .F. ) ;
#3040 = CARTESIAN_POINT ( 'NONE',  ( 0.000000000000000000, 0.000000000000000000, 7.100002407777000535 ) ) ;
#3041 = AXIS2_PLACEMENT_3D ( 'NONE', #2177, #1032, #2522 ) ;
#3042 = ORIENTED_EDGE ( 'NONE', *, *, #3025, .T. ) ;
#3043 = CIRCLE ( 'NONE', #1496, 4.825000000000001066 ) ;
#3044 = ADVANCED_FACE ( 'NONE', ( #4165 ), #3871, .F. ) ;
#3045 = DIRECTION ( 'NONE',  ( 0.000000000000000000, 0.000000000000000000, 1.000000000000000000 ) ) ;
#3046 = FILL_AREA_STYLE ('',( #3441 ) ) ;
#3047 = DIRECTION ( 'NONE',  ( 0.000000000000000000, 0.000000000000000000, 1.000000000000000000 ) ) ;
#3048 = EDGE_CURVE ( 'NONE', #983, #554, #2876, .T. ) ;
#3049 = DIRECTION ( 'NONE',  ( -1.000000000000000000, 0.000000000000000000, 0.000000000000000000 ) ) ;
#3050 = EDGE_LOOP ( 'NONE', ( #353, #2415, #4066 ) ) ;
#3051 = CARTESIAN_POINT ( 'NONE',  ( -4.575000000000000178, -1.532970971676685057, 12.08515823418770374 ) ) ;
#3052 = FACE_OUTER_BOUND ( 'NONE', #1025, .T. ) ;
#3053 = CARTESIAN_POINT ( 'NONE',  ( -5.500000000000000000, 0.000000000000000000, 15.04999999999999893 ) ) ;
#3054 = DIRECTION ( 'NONE',  ( -1.000000000000000000, 0.000000000000000000, 0.000000000000000000 ) ) ;
#3055 = ORIENTED_EDGE ( 'NONE', *, *, #4003, .F. ) ;
#3056 = DIRECTION ( 'NONE',  ( 1.000000000000000000, 0.000000000000000000, 0.000000000000000000 ) ) ;
#3057 = CLOSED_SHELL ( 'NONE', ( #3825, #4194, #615, #3434, #2759, #2630, #3686, #4479, #2296, #4425, #4491, #3835, #1517, #1704, #1525, #4127, #1252, #3562, #3235, #1379, #4132, #3526, #3382, #10, #2374, #3157, #330, #2299, #2058, #3477, #842, #2318, #253, #2675, #1588, #3258, #2939, #3851, #2031, #4058, #3186, #2656, #875, #73, #926, #3225, #3119, #4112, #4108, #4218, #1760, #35, #184, #2821, #1289, #3169, #121, #125, #92, #1912, #4475, #316, #2404, #3039, #397, #3796, #2492, #3416, #2212, #3766, #3941, #1616, #736, #1582, #2878, #145, #1561, #1879, #3120, #610, #1467, #1006, #4468, #1497, #2350, #4335, #4366, #2521, #4244, #3639, #3181, #3442, #653, #3044, #2064, #2183, #247, #1729, #3096, #1471, #2623, #3286, #985, #4182, #2133, #4442, #4498, #4310, #2148, #1697, #2577, #3453, #1672, #230, #709, #2515, #952, #1245, #250 ) ) ;
#3058 = DIRECTION ( 'NONE',  ( 1.000000000000000000, 0.000000000000000000, 0.000000000000000000 ) ) ;
#3059 = VERTEX_POINT ( 'NONE', #1104 ) ;
#3060 = CARTESIAN_POINT ( 'NONE',  ( -0.1499999999999999944, -0.8703741808410999647, 14.86500000000000021 ) ) ;
#3061 = COLOUR_RGB ( '',1.000000000000000000, 0.8705882352941176627, 0.5294117647058823595 ) ;
#3062 =( GEOMETRIC_REPRESENTATION_CONTEXT ( 3 ) GLOBAL_UNCERTAINTY_ASSIGNED_CONTEXT ( ( #4205 ) ) GLOBAL_UNIT_ASSIGNED_CONTEXT ( ( #2899, #775, #4300 ) ) REPRESENTATION_CONTEXT ( 'NONE', 'WORKASPACE' ) );
#3063 = CIRCLE ( 'NONE', #2478, 0.9900000000000001021 ) ;
#3064 =( NAMED_UNIT ( * ) PLANE_ANGLE_UNIT ( ) SI_UNIT ( $, .RADIAN. ) );
#3065 = ORIENTED_EDGE ( 'NONE', *, *, #3896, .F. ) ;
#3066 = DIRECTION ( 'NONE',  ( 0.000000000000000000, 0.000000000000000000, 1.000000000000000000 ) ) ;
#3067 = AXIS2_PLACEMENT_3D ( 'NONE', #1247, #4430, #2665 ) ;
#3068 = AXIS2_PLACEMENT_3D ( 'NONE', #1450, #3515, #2156 ) ;
#3069 = EDGE_CURVE ( 'NONE', #720, #469, #2810, .T. ) ;
#3070 = SURFACE_STYLE_USAGE ( .BOTH. , #1663 ) ;
#3071 = DIRECTION ( 'NONE',  ( 0.2112676056338054775, 0.9774282576280260981, 0.000000000000000000 ) ) ;
#3072 = CONICAL_SURFACE ( 'NONE', #3730, 1.699985370263999318, 0.7853895592358033362 ) ;
#3073 = CIRCLE ( 'NONE', #1152, 2.350000000000000089 ) ;
#3074 = DIRECTION ( 'NONE',  ( 0.000000000000000000, 0.000000000000000000, -1.000000000000000000 ) ) ;
#3075 = ORIENTED_EDGE ( 'NONE', *, *, #2372, .F. ) ;
#3076 = CARTESIAN_POINT ( 'NONE',  ( 6.349999999999999645, 6.349999999999999645, 0.000000000000000000 ) ) ;
#3077 = EDGE_CURVE ( 'NONE', #2290, #4422, #3900, .T. ) ;
#3078 = SURFACE_SIDE_STYLE ('',( #1529 ) ) ;
#3079 = ORIENTED_EDGE ( 'NONE', *, *, #526, .F. ) ;
#3080 = CARTESIAN_POINT ( 'NONE',  ( -0.1499999999999999944, 0.7515969500625000466, 14.66267161999000024 ) ) ;
#3081 = DIRECTION ( 'NONE',  ( -1.000000000000000000, 0.000000000000000000, 0.000000000000000000 ) ) ;
#3082 = PRESENTATION_LAYER_ASSIGNMENT (  '', '', ( #3816 ) ) ;
#3083 = FACE_OUTER_BOUND ( 'NONE', #4025, .T. ) ;
#3084 = EDGE_LOOP ( 'NONE', ( #2458, #3652, #3674, #2779 ) ) ;
#3085 = DIRECTION ( 'NONE',  ( 1.000000000000000000, 0.000000000000000000, 0.000000000000000000 ) ) ;
#3086 = VERTEX_POINT ( 'NONE', #2209 ) ;
#3087 = ORIENTED_EDGE ( 'NONE', *, *, #4003, .T. ) ;
#3088 = CARTESIAN_POINT ( 'NONE',  ( -0.1534478388392633563, 1.039674986769875353, -7.184874099680197190 ) ) ;
#3089 = DIRECTION ( 'NONE',  ( -1.000000000000000000, 0.000000000000000000, 0.000000000000000000 ) ) ;
#3090 = SURFACE_STYLE_USAGE ( .BOTH. , #2017 ) ;
#3091 = ORIENTED_EDGE ( 'NONE', *, *, #2966, .F. ) ;
#3092 = EDGE_CURVE ( 'NONE', #3521, #223, #690, .T. ) ;
#3093 = DIRECTION ( 'NONE',  ( 0.000000000000000000, 0.000000000000000000, 1.000000000000000000 ) ) ;
#3094 = CARTESIAN_POINT ( 'NONE',  ( 5.412490261920999579, 0.9774242651590999698, 14.25309210635999868 ) ) ;
#3095 = ORIENTED_EDGE ( 'NONE', *, *, #974, .T. ) ;
#3096 = ADVANCED_FACE ( 'NONE', ( #2913 ), #2452, .T. ) ;
#3097 = CARTESIAN_POINT ( 'NONE',  ( -1.243449787579999883E-14, -5.499999999999237055, 7.100002407777000535 ) ) ;
#3098 = EDGE_LOOP ( 'NONE', ( #506, #1013 ) ) ;
#3099 = SURFACE_SIDE_STYLE ('',( #605 ) ) ;
#3100 = ORIENTED_EDGE ( 'NONE', *, *, #2038, .F. ) ;
#3101 = EDGE_CURVE ( 'NONE', #1253, #3952, #2107, .T. ) ;
#3102 = UNCERTAINTY_MEASURE_WITH_UNIT (LENGTH_MEASURE( 1.000000000000000082E-05 ), #3224, 'distance_accuracy_value', 'NONE');
#3103 = EDGE_LOOP ( 'NONE', ( #43, #2300, #3821 ) ) ;
#3104 = ORIENTED_EDGE ( 'NONE', *, *, #1058, .T. ) ;
#3105 = VECTOR ( 'NONE', #1117, 1000.000000000000114 ) ;
#3106 = DIRECTION ( 'NONE',  ( -1.000000000000000000, 0.000000000000000000, 0.000000000000000000 ) ) ;
#3107 = SURFACE_STYLE_USAGE ( .BOTH. , #4264 ) ;
#3108 = VECTOR ( 'NONE', #1069, 1000.000000000000000 ) ;
#3109 = FILL_AREA_STYLE ('',( #1665 ) ) ;
#3110 = ORIENTED_EDGE ( 'NONE', *, *, #3979, .T. ) ;
#3111 = CARTESIAN_POINT ( 'NONE',  ( 4.575000000000000178, 0.000000000000000000, 13.07000000000000028 ) ) ;
#3112 = CARTESIAN_POINT ( 'NONE',  ( -4.575000000000000178, 0.9628597212571908814, 13.97521986096251645 ) ) ;
#3113 = CONICAL_SURFACE ( 'NONE', #2387, 5.400001181888000268, 0.7853983822861969610 ) ;
#3114 = CARTESIAN_POINT ( 'NONE',  ( -5.487878057556999423, 0.3796533163960000290, 13.13878807179000141 ) ) ;
#3115 = VERTEX_POINT ( 'NONE', #2525 ) ;
#3116 = CYLINDRICAL_SURFACE ( 'NONE', #4528, 2.500000000000000444 ) ;
#3117 = ORIENTED_EDGE ( 'NONE', *, *, #1264, .T. ) ;
#3118 = CARTESIAN_POINT ( 'NONE',  ( 0.1499999999999999944, -0.7130727625871000619, 14.59733324679999988 ) ) ;
#3119 = ADVANCED_FACE ( 'NONE', ( #3213 ), #1453, .F. ) ;
#3120 = ADVANCED_FACE ( 'NONE', ( #3166 ), #372, .T. ) ;
#3121 = DIRECTION ( 'NONE',  ( -1.000000000000000000, 0.000000000000000000, 0.000000000000000000 ) ) ;
#3122 = SURFACE_STYLE_FILL_AREA ( #2442 ) ;
#3123 = ORIENTED_EDGE ( 'NONE', *, *, #1935, .T. ) ;
#3124 = CARTESIAN_POINT ( 'NONE',  ( -6.349999999999999645, 6.349999999999999645, 2.299999999999999822 ) ) ;
#3125 = CARTESIAN_POINT ( 'NONE',  ( 0.3659831962560999852, -4.482001498367503888E-17, 9.466381805753000478 ) ) ;
#3126 = AXIS2_PLACEMENT_3D ( 'NONE', #409, #117, #1097 ) ;
#3127 = EDGE_CURVE ( 'NONE', #4443, #4422, #811, .T. ) ;
#3128 = ORIENTED_EDGE ( 'NONE', *, *, #2325, .F. ) ;
#3129 = COLOUR_RGB ( '',1.000000000000000000, 0.8705882352941176627, 0.5294117647058823595 ) ;
#3131 = ORIENTED_EDGE ( 'NONE', *, *, #1657, .T. ) ;
#3130 = PRESENTATION_STYLE_ASSIGNMENT (( #2518 ) ) ;
#3132 = DIRECTION ( 'NONE',  ( 0.000000000000000000, 0.000000000000000000, 1.000000000000000000 ) ) ;
#3133 = VECTOR ( 'NONE', #4012, 1000.000000000000000 ) ;
#3134 = SURFACE_SIDE_STYLE ('',( #3869 ) ) ;
#3135 = FACE_OUTER_BOUND ( 'NONE', #271, .T. ) ;
#3136 = DIRECTION ( 'NONE',  ( 0.000000000000000000, 1.000000000000000000, 0.000000000000000000 ) ) ;
#3137 = ORIENTED_EDGE ( 'NONE', *, *, #4372, .T. ) ;
#3138 = AXIS2_PLACEMENT_3D ( 'NONE', #2796, #3848, #4189 ) ;
#3139 = DIRECTION ( 'NONE',  ( -8.659486053775537887E-17, 0.7071006970993278795, -0.7071128652214188071 ) ) ;
#3140 = CIRCLE ( 'NONE', #2335, 0.7099999999999999645 ) ;
#3141 = AXIS2_PLACEMENT_3D ( 'NONE', #3405, #160, #2370 ) ;
#3142 = CIRCLE ( 'NONE', #3731, 5.500000000000000000 ) ;
#3143 = CARTESIAN_POINT ( 'NONE',  ( 5.500000000000000000, 0.000000000000000000, 15.04999999999999893 ) ) ;
#3144 = ORIENTED_EDGE ( 'NONE', *, *, #3334, .T. ) ;
#3145 = CARTESIAN_POINT ( 'NONE',  ( -4.575000000000000178, 1.020432009487999947, 13.55321416137000057 ) ) ;
#3146 = ORIENTED_EDGE ( 'NONE', *, *, #1816, .F. ) ;
#3147 = SURFACE_SIDE_STYLE ('',( #261 ) ) ;
#3148 = CIRCLE ( 'NONE', #559, 4.825000000000001066 ) ;
#3149 = CARTESIAN_POINT ( 'NONE',  ( -0.5861889084517757365, -0.4120883111554183853, -6.096870833159154124 ) ) ;
#3150 = PRESENTATION_LAYER_ASSIGNMENT (  '', '', ( #560 ) ) ;
#3151 = DIRECTION ( 'NONE',  ( 0.000000000000000000, 0.000000000000000000, 1.000000000000000000 ) ) ;
#3152 = B_SPLINE_CURVE_WITH_KNOTS ( 'NONE', 3,
 ( #4239, #3970, #2819, #3625, #746, #2893 ),
 .UNSPECIFIED., .F., .F.,
 ( 4, 2, 4 ),
 ( -1.084202172485504434E-19, 0.0008319683109608244599, 0.001663936621921649137 ),
 .UNSPECIFIED. ) ;
#3153 = AXIS2_PLACEMENT_3D ( 'NONE', #3291, #2616, #168 ) ;
#3154 = ORIENTED_EDGE ( 'NONE', *, *, #2742, .T. ) ;
#3155 = DIRECTION ( 'NONE',  ( -1.000000000000000000, 0.000000000000000000, 0.000000000000000000 ) ) ;
#3156 = DIRECTION ( 'NONE',  ( -1.000000000000000000, 0.000000000000000000, 0.000000000000000000 ) ) ;
#3157 = ADVANCED_FACE ( 'NONE', ( #899 ), #2871, .F. ) ;
#3158 = DIRECTION ( 'NONE',  ( 1.000000000000000000, 0.000000000000000000, 0.000000000000000000 ) ) ;
#3159 = CIRCLE ( 'NONE', #876, 1.049999999999999378 ) ;
#3160 = ORIENTED_EDGE ( 'NONE', *, *, #3305, .T. ) ;
#3162 = VERTEX_POINT ( 'NONE', #1932 ) ;
#3161 = DIRECTION ( 'NONE',  ( 1.000000000000000000, 0.000000000000000000, 0.000000000000000000 ) ) ;
#3163 = EDGE_CURVE ( 'NONE', #1231, #2152, #1619, .T. ) ;
#3164 = CARTESIAN_POINT ( 'NONE',  ( -0.8703741808410999647, -0.1499999999999999944, 14.86500000000000021 ) ) ;
#3165 = FACE_OUTER_BOUND ( 'NONE', #2389, .T. ) ;
#3166 = FACE_OUTER_BOUND ( 'NONE', #88, .T. ) ;
#3167 = ORIENTED_EDGE ( 'NONE', *, *, #207, .T. ) ;
#3168 = CIRCLE ( 'NONE', #294, 5.500000000000000000 ) ;
#3169 = ADVANCED_FACE ( 'NONE', ( #2614 ), #1887, .F. ) ;
#3170 = CARTESIAN_POINT ( 'NONE',  ( 6.349999999999999645, 4.550030974714863063, 2.299999999999999822 ) ) ;
#3171 = CARTESIAN_POINT ( 'NONE',  ( -6.349999999999999645, 6.349999999999999645, 0.000000000000000000 ) ) ;
#3172 = DIRECTION ( 'NONE',  ( -1.000000000000000000, 0.000000000000000000, 0.000000000000000000 ) ) ;
#3173 = ORIENTED_EDGE ( 'NONE', *, *, #422, .F. ) ;
#3174 = DIRECTION ( 'NONE',  ( 0.000000000000000000, 0.000000000000000000, 1.000000000000000000 ) ) ;
#3175 = EDGE_LOOP ( 'NONE', ( #2413, #3313, #448, #4174, #2287, #2256, #574, #27 ) ) ;
#3176 = DIRECTION ( 'NONE',  ( 0.000000000000000000, 0.000000000000000000, 1.000000000000000000 ) ) ;
#3177 = ORIENTED_EDGE ( 'NONE', *, *, #3995, .F. ) ;
#3178 = CARTESIAN_POINT ( 'NONE',  ( 0.8104160582214000597, 0.1499999999999999944, 14.76272649346999977 ) ) ;
#3179 =( LENGTH_UNIT ( ) NAMED_UNIT ( * ) SI_UNIT ( .MILLI., .METRE. ) );
#3180 = CARTESIAN_POINT ( 'NONE',  ( 6.349999999999999645, 6.349999999999999645, 0.1999724664463000123 ) ) ;
#3181 = ADVANCED_FACE ( 'NONE', ( #3968 ), #541, .F. ) ;
#3182 = ORIENTED_EDGE ( 'NONE', *, *, #1853, .F. ) ;
#3184 = VERTEX_POINT ( 'NONE', #4405 ) ;
#3183 = DIRECTION ( 'NONE',  ( 0.000000000000000000, 0.000000000000000000, -1.000000000000000000 ) ) ;
#3185 = CARTESIAN_POINT ( 'NONE',  ( 0.6939740629158999141, -0.1499999999999999944, 10.56499999999999950 ) ) ;
#3186 = ADVANCED_FACE ( 'NONE', ( #2659 ), #3289, .T. ) ;
#3187 = VECTOR ( 'NONE', #2923, 1000.000000000000000 ) ;
#3188 = CIRCLE ( 'NONE', #3628, 1.600000000000000755 ) ;
#3189 = DIRECTION ( 'NONE',  ( -0.000000000000000000, 1.000000000000000000, 0.000000000000000000 ) ) ;
#3190 = CARTESIAN_POINT ( 'NONE',  ( 0.1499999999999999944, -0.6939740629158999141, 10.56499999999999950 ) ) ;
#3191 = ORIENTED_EDGE ( 'NONE', *, *, #2158, .T. ) ;
#3192 = DIRECTION ( 'NONE',  ( 8.659486053775537887E-17, 0.7071006970993278795, 0.7071128652214188071 ) ) ;
#3193 = MECHANICAL_DESIGN_GEOMETRIC_PRESENTATION_REPRESENTATION (  '', ( #3412 ), #3695 ) ;
#3194 = CARTESIAN_POINT ( 'NONE',  ( 5.497713850056999974, -0.1931855214793000153, 13.08258473450999837 ) ) ;
#3195 = EDGE_CURVE ( 'NONE', #2754, #3636, #1991, .T. ) ;
#3196 = CARTESIAN_POINT ( 'NONE',  ( 1.039230484540999866, 0.1499999999999999944, 14.86500000000000021 ) ) ;
#3197 = ORIENTED_EDGE ( 'NONE', *, *, #363, .T. ) ;
#3198 =( LENGTH_UNIT ( ) NAMED_UNIT ( * ) SI_UNIT ( .MILLI., .METRE. ) );
#3199 = FACE_OUTER_BOUND ( 'NONE', #1638, .T. ) ;
#3200 = CARTESIAN_POINT ( 'NONE',  ( -4.710261831077445116, -1.079155759773687828, 16.33202929572601292 ) ) ;
#3201 = ORIENTED_EDGE ( 'NONE', *, *, #3025, .F. ) ;
#3202 = CARTESIAN_POINT ( 'NONE',  ( 5.500000000000000000, 0.000000000000000000, 2.299999999999999822 ) ) ;
#3203 = FACE_OUTER_BOUND ( 'NONE', #953, .T. ) ;
#3204 = DIRECTION ( 'NONE',  ( 0.8660254037843398978, -1.060575238724785997E-16, 0.5000000000001709743 ) ) ;
#3205 = UNCERTAINTY_MEASURE_WITH_UNIT (LENGTH_MEASURE( 1.000000000000000082E-05 ), #1939, 'distance_accuracy_value', 'NONE');
#3206 = PLANE ( 'NONE',  #917 ) ;
#3208 = VERTEX_POINT ( 'NONE', #2592 ) ;
#3207 = CARTESIAN_POINT ( 'NONE',  ( -4.575000000000000178, -1.532970971676000049, 15.69630681720000176 ) ) ;
#3209 = CYLINDRICAL_SURFACE ( 'NONE', #1493, 4.810714285713999949 ) ;
#3210 = CARTESIAN_POINT ( 'NONE',  ( 0.000000000000000000, 0.000000000000000000, 14.71499999999999986 ) ) ;
#3211 = AXIS2_PLACEMENT_3D ( 'NONE', #1138, #810, #2201 ) ;
#3212 = PLANE ( 'NONE',  #634 ) ;
#3213 = FACE_OUTER_BOUND ( 'NONE', #4263, .T. ) ;
#3214 = ORIENTED_EDGE ( 'NONE', *, *, #179, .F. ) ;
#3215 = EDGE_CURVE ( 'NONE', #4272, #2334, #1090, .T. ) ;
#3216 = CONICAL_SURFACE ( 'NONE', #1215, 1.699985370263999318, 0.7853895592358033362 ) ;
#3217 = CARTESIAN_POINT ( 'NONE',  ( -4.575000000000000178, -1.532970971676685057, 12.08515823418770374 ) ) ;
#3218 = AXIS2_PLACEMENT_3D ( 'NONE', #2324, #222, #1957 ) ;
#3219 = AXIS2_PLACEMENT_3D ( 'NONE', #458, #3347, #1881 ) ;
#3220 = CARTESIAN_POINT ( 'NONE',  ( 0.000000000000000000, 0.000000000000000000, 10.56499999999999950 ) ) ;
#3221 = ORIENTED_EDGE ( 'NONE', *, *, #1768, .T. ) ;
#3222 = CARTESIAN_POINT ( 'NONE',  ( 4.575000000000000178, 0.000000000000000000, 14.05999999999999872 ) ) ;
#3223 = EDGE_LOOP ( 'NONE', ( #3938, #977, #3177, #265 ) ) ;
#3224 =( LENGTH_UNIT ( ) NAMED_UNIT ( * ) SI_UNIT ( .MILLI., .METRE. ) );
#3225 = ADVANCED_FACE ( 'NONE', ( #879 ), #3972, .F. ) ;
#3226 = LINE ( 'NONE', #68, #3567 ) ;
#3227 = AXIS2_PLACEMENT_3D ( 'NONE', #300, #2726, #2749 ) ;
#3228 = AXIS2_PLACEMENT_3D ( 'NONE', #4072, #3366, #4461 ) ;
#3229 = CARTESIAN_POINT ( 'NONE',  ( 0.000000000000000000, 0.000000000000000000, 9.889999999999998792 ) ) ;
#3230 = ORIENTED_EDGE ( 'NONE', *, *, #919, .T. ) ;
#3231 = CARTESIAN_POINT ( 'NONE',  ( 6.349999999999999645, 6.349999999999999645, 0.1999724664463000123 ) ) ;
#3232 = VECTOR ( 'NONE', #603, 1000.000000000000000 ) ;
#3233 = FILL_AREA_STYLE ('',( #3983 ) ) ;
#3234 = COLOUR_RGB ( '',1.000000000000000000, 0.9607843137254902244, 0.8901960784313724950 ) ;
#3235 = ADVANCED_FACE ( 'NONE', ( #3706 ), #148, .F. ) ;
#3236 = CARTESIAN_POINT ( 'NONE',  ( -6.349999999999999645, 4.750000000000000000, 2.100027533553999959 ) ) ;
#3237 = MECHANICAL_DESIGN_GEOMETRIC_PRESENTATION_REPRESENTATION (  '', ( #1917 ), #2204 ) ;
#3238 = VECTOR ( 'NONE', #2646, 1000.000000000000000 ) ;
#3239 = DIRECTION ( 'NONE',  ( 0.000000000000000000, -1.000000000000000000, 0.000000000000000000 ) ) ;
#3240 = ORIENTED_EDGE ( 'NONE', *, *, #767, .F. ) ;
#3241 = AXIS2_PLACEMENT_3D ( 'NONE', #2733, #3424, #1293 ) ;
#3242 = CARTESIAN_POINT ( 'NONE',  ( 7.479999999999999538, -7.479999999999999538, 2.299999999999999822 ) ) ;
#3243 = CARTESIAN_POINT ( 'NONE',  ( 0.000000000000000000, 0.000000000000000000, -9.563250000000000028 ) ) ;
#3244 = CIRCLE ( 'NONE', #942, 2.700000000000000178 ) ;
#3245 = CARTESIAN_POINT ( 'NONE',  ( -4.575000000000000178, -1.212400331155880195E-16, 15.04999999999999893 ) ) ;
#3246 = CARTESIAN_POINT ( 'NONE',  ( 0.000000000000000000, 0.000000000000000000, 7.299999999999999822 ) ) ;
#3247 = ORIENTED_EDGE ( 'NONE', *, *, #3854, .F. ) ;
#3248 = DIRECTION ( 'NONE',  ( 0.000000000000000000, 0.000000000000000000, -1.000000000000000000 ) ) ;
#3249 = AXIS2_PLACEMENT_3D ( 'NONE', #523, #1526, #1594 ) ;
#3250 = DIRECTION ( 'NONE',  ( 1.000000000000000000, 0.000000000000000000, 0.000000000000000000 ) ) ;
#3251 = EDGE_CURVE ( 'NONE', #3853, #285, #1192, .T. ) ;
#3252 = CARTESIAN_POINT ( 'NONE',  ( 0.000000000000000000, 0.000000000000000000, 14.86500000000000021 ) ) ;
#3253 = ORIENTED_EDGE ( 'NONE', *, *, #3772, .T. ) ;
#3254 = CARTESIAN_POINT ( 'NONE',  ( 6.349999999999999645, -6.349999999999999645, 0.000000000000000000 ) ) ;
#3255 = VERTEX_POINT ( 'NONE', #3667 ) ;
#3256 = SURFACE_STYLE_FILL_AREA ( #1855 ) ;
#3257 = DIRECTION ( 'NONE',  ( 1.000000000000000000, 0.000000000000000000, 0.000000000000000000 ) ) ;
#3258 = ADVANCED_FACE ( 'NONE', ( #3889 ), #1784, .F. ) ;
#3259 = VERTEX_POINT ( 'NONE', #1809 ) ;
#3260 = DIRECTION ( 'NONE',  ( 0.000000000000000000, 0.000000000000000000, 1.000000000000000000 ) ) ;
#3261 = CARTESIAN_POINT ( 'NONE',  ( -4.488675134594372729, 5.497041635993313913E-16, 18.30000000000000071 ) ) ;
#3262 = B_SPLINE_CURVE_WITH_KNOTS ( 'NONE', 3,
 ( #1963, #4402, #4076, #3000, #213, #187 ),
 .UNSPECIFIED., .F., .F.,
 ( 4, 1, 1, 4 ),
 ( 0.000000000000000000, 0.3333333333333000081, 0.6666666666667000474, 1.000000000000000000 ),
 .UNSPECIFIED. ) ;
#3263 = EDGE_CURVE ( 'NONE', #918, #4272, #4463, .T. ) ;
#3264 = DIRECTION ( 'NONE',  ( 0.000000000000000000, 0.000000000000000000, 1.000000000000000000 ) ) ;
#3265 = ORIENTED_EDGE ( 'NONE', *, *, #4223, .T. ) ;
#3266 = DIRECTION ( 'NONE',  ( 0.000000000000000000, 0.000000000000000000, -1.000000000000000000 ) ) ;
#3267 = DIRECTION ( 'NONE',  ( 0.000000000000000000, 0.000000000000000000, -1.000000000000000000 ) ) ;
#3268 = LINE ( 'NONE', #1549, #1971 ) ;
#3269 = DIRECTION ( 'NONE',  ( 1.000000000000000000, 0.000000000000000000, 0.000000000000000000 ) ) ;
#3270 = ORIENTED_EDGE ( 'NONE', *, *, #547, .F. ) ;
#3271 = DIRECTION ( 'NONE',  ( 1.000000000000000000, 0.000000000000000000, 0.000000000000000000 ) ) ;
#3272 = MECHANICAL_DESIGN_GEOMETRIC_PRESENTATION_REPRESENTATION (  '', ( #832 ), #2820 ) ;
#3273 = CARTESIAN_POINT ( 'NONE',  ( -1.243449787579999883E-14, -5.300002320222015229, 7.299999999999999822 ) ) ;
#3274 = ORIENTED_EDGE ( 'NONE', *, *, #3341, .F. ) ;
#3275 = LINE ( 'NONE', #109, #423 ) ;
#3276 = PLANE ( 'NONE',  #3218 ) ;
#3277 = AXIS2_PLACEMENT_3D ( 'NONE', #2229, #3965, #2910 ) ;
#3278 = CYLINDRICAL_SURFACE ( 'NONE', #2317, 4.825000000000000178 ) ;
#3279 = AXIS2_PLACEMENT_3D ( 'NONE', #4250, #2143, #3907 ) ;
#3280 = ORIENTED_EDGE ( 'NONE', *, *, #4516, .F. ) ;
#3281 = CARTESIAN_POINT ( 'NONE',  ( 4.575000000000000178, 0.000000000000000000, 14.05999999999999872 ) ) ;
#3282 = PLANE ( 'NONE',  #180 ) ;
#3283 = EDGE_CURVE ( 'NONE', #4410, #2274, #654, .T. ) ;
#3284 = FACE_OUTER_BOUND ( 'NONE', #216, .T. ) ;
#3285 = EDGE_LOOP ( 'NONE', ( #1747, #1749, #3065, #3545, #4455, #1614 ) ) ;
#3286 = ADVANCED_FACE ( 'NONE', ( #3554 ), #1639, .T. ) ;
#3287 = CARTESIAN_POINT ( 'NONE',  ( -5.487877967683999714, -0.3796546893290000391, 14.98121140485000069 ) ) ;
#3288 = DIRECTION ( 'NONE',  ( 0.000000000000000000, 0.000000000000000000, 1.000000000000000000 ) ) ;
#3289 = CYLINDRICAL_SURFACE ( 'NONE', #3249, 2.700000000000000178 ) ;
#3290 = ORIENTED_EDGE ( 'NONE', *, *, #547, .T. ) ;
#3291 = CARTESIAN_POINT ( 'NONE',  ( 0.000000000000000000, 0.000000000000000000, 9.889999999999998792 ) ) ;
#3292 = CARTESIAN_POINT ( 'NONE',  ( -0.6939740629158999141, -0.1499999999999999944, 14.56499999999999950 ) ) ;
#3293 = FILL_AREA_STYLE ('',( #4427 ) ) ;
#3294 = ORIENTED_EDGE ( 'NONE', *, *, #3283, .T. ) ;
#3295 = FACE_OUTER_BOUND ( 'NONE', #3285, .T. ) ;
#3296 = STYLED_ITEM ( 'NONE', ( #4308 ), #316 ) ;
#3297 =( NAMED_UNIT ( * ) SI_UNIT ( $, .STERADIAN. ) SOLID_ANGLE_UNIT ( ) );
#3298 = CIRCLE ( 'NONE', #3365, 0.7099999999999999645 ) ;
#3299 = ORIENTED_EDGE ( 'NONE', *, *, #1124, .T. ) ;
#3300 = CARTESIAN_POINT ( 'NONE',  ( -7.479999999999999538, 7.479999999999999538, 2.342597802630999926 ) ) ;
#3301 = CARTESIAN_POINT ( 'NONE',  ( 0.000000000000000000, 0.000000000000000000, -3.600000000000000089 ) ) ;
#3302 = CIRCLE ( 'NONE', #3068, 1.600000000000000755 ) ;
#3303 = AXIS2_PLACEMENT_3D ( 'NONE', #2788, #4203, #1731 ) ;
#3304 = DIRECTION ( 'NONE',  ( 0.000000000000000000, 0.000000000000000000, -1.000000000000000000 ) ) ;
#3305 = EDGE_CURVE ( 'NONE', #3684, #1329, #1465, .T. ) ;
#3307 = ORIENTED_EDGE ( 'NONE', *, *, #2097, .F. ) ;
#3306 = DIRECTION ( 'NONE',  ( 0.000000000000000000, 0.000000000000000000, 1.000000000000000000 ) ) ;
#3308 = B_SPLINE_CURVE_WITH_KNOTS ( 'NONE', 3,
 ( #2887, #478, #3640, #1544, #457, #1812 ),
 .UNSPECIFIED., .F., .F.,
 ( 4, 1, 1, 4 ),
 ( 0.000000000000000000, 0.3333333333333000081, 0.6666666666667000474, 1.000000000000000000 ),
 .UNSPECIFIED. ) ;
#3309 = CARTESIAN_POINT ( 'NONE',  ( -5.497713886045000109, -0.1931840728241999705, 13.08258453902000085 ) ) ;
#3310 = EDGE_CURVE ( 'NONE', #2793, #673, #2708, .T. ) ;
#3311 = AXIS2_PLACEMENT_3D ( 'NONE', #4220, #2918, #2531 ) ;
#3312 = DIRECTION ( 'NONE',  ( 0.000000000000000000, -1.000000000000000000, 0.000000000000000000 ) ) ;
#3313 = ORIENTED_EDGE ( 'NONE', *, *, #1264, .F. ) ;
#3314 = DIRECTION ( 'NONE',  ( 0.000000000000000000, 0.000000000000000000, 1.000000000000000000 ) ) ;
#3315 = AXIS2_PLACEMENT_3D ( 'NONE', #4081, #3317, #3377 ) ;
#3316 = DIRECTION ( 'NONE',  ( 0.000000000000000000, 0.000000000000000000, 1.000000000000000000 ) ) ;
#3317 = DIRECTION ( 'NONE',  ( 0.000000000000000000, 0.000000000000000000, 1.000000000000000000 ) ) ;
#3318 = VERTEX_POINT ( 'NONE', #4077 ) ;
#3319 =( GEOMETRIC_REPRESENTATION_CONTEXT ( 3 ) GLOBAL_UNCERTAINTY_ASSIGNED_CONTEXT ( ( #3935 ) ) GLOBAL_UNIT_ASSIGNED_CONTEXT ( ( #1572, #1965, #2640 ) ) REPRESENTATION_CONTEXT ( 'NONE', 'WORKASPACE' ) );
#3320 = DIRECTION ( 'NONE',  ( -1.000000000000000000, 0.000000000000000000, 0.000000000000000000 ) ) ;
#3321 = B_SPLINE_CURVE_WITH_KNOTS ( 'NONE', 3,
 ( #723, #2139, #3194, #3543, #2872, #1106, #36, #1429, #2843, #2502, #1457, #4270, #2529, #3688, #2258, #4315, #1554, #1868, #795 ),
 .UNSPECIFIED., .F., .F.,
 ( 4, 1, 1, 1, 1, 1, 1, 1, 1, 1, 1, 1, 1, 1, 1, 1, 4 ),
 ( 0.000000000000000000, 0.06250000000000000000, 0.1250000000000000000, 0.1875000000000000000, 0.2500000000000000000, 0.3125000000000000000, 0.3750000000000000000, 0.4375000000000000000, 0.5000000000000000000, 0.5625000000000000000, 0.6250000000000000000, 0.6875000000000000000, 0.7500000000000000000, 0.8125000000000000000, 0.8750000000000000000, 0.9375000000000000000, 1.000000000000000000 ),
 .UNSPECIFIED. ) ;
#3322 = ORIENTED_EDGE ( 'NONE', *, *, #1240, .T. ) ;
#3323 = DIRECTION ( 'NONE',  ( 1.000000000000000000, 0.000000000000000000, 0.000000000000000000 ) ) ;
#3324 = DIRECTION ( 'NONE',  ( 0.000000000000000000, 0.000000000000000000, -1.000000000000000000 ) ) ;
#3325 = SURFACE_STYLE_USAGE ( .BOTH. , #3699 ) ;
#3326 = LINE ( 'NONE', #4071, #3717 ) ;
#3327 = ORIENTED_EDGE ( 'NONE', *, *, #2395, .F. ) ;
#3328 = LINE ( 'NONE', #4149, #2775 ) ;
#3329 = ORIENTED_EDGE ( 'NONE', *, *, #1751, .T. ) ;
#3330 = SURFACE_STYLE_FILL_AREA ( #2255 ) ;
#3331 = ORIENTED_EDGE ( 'NONE', *, *, #2584, .F. ) ;
#3332 = CARTESIAN_POINT ( 'NONE',  ( -4.575000000000000178, -0.9628597210711710153, 14.14478013455081573 ) ) ;
#3333 = EDGE_CURVE ( 'NONE', #1463, #3644, #2033, .T. ) ;
#3334 = EDGE_CURVE ( 'NONE', #524, #3497, #2831, .T. ) ;
#3335 = CARTESIAN_POINT ( 'NONE',  ( -1.300974674774686744E-16, 0.7099999999999999645, -8.400000000000000355 ) ) ;
#3336 = DIRECTION ( 'NONE',  ( 0.000000000000000000, 0.000000000000000000, 1.000000000000000000 ) ) ;
#3337 = CARTESIAN_POINT ( 'NONE',  ( 6.349999999999999645, 8.149969025285134450, 2.299999999999999822 ) ) ;
#3338 = ORIENTED_EDGE ( 'NONE', *, *, #2953, .T. ) ;
#3339 =( NAMED_UNIT ( * ) PLANE_ANGLE_UNIT ( ) SI_UNIT ( $, .RADIAN. ) );
#3340 =( NAMED_UNIT ( * ) PLANE_ANGLE_UNIT ( ) SI_UNIT ( $, .RADIAN. ) );
#3341 = EDGE_CURVE ( 'NONE', #4509, #2028, #1857, .T. ) ;
#3342 = CONICAL_SURFACE ( 'NONE', #1488, 5.400001181888000268, 0.7853983822861969610 ) ;
#3343 = VERTEX_POINT ( 'NONE', #1066 ) ;
#3344 = DIRECTION ( 'NONE',  ( 0.000000000000000000, 0.000000000000000000, 1.000000000000000000 ) ) ;
#3345 = PRESENTATION_STYLE_ASSIGNMENT (( #1185 ) ) ;
#3346 = TOROIDAL_SURFACE ( 'NONE', #4210, 13.67499999999999893, 9.000000000000000000 ) ;
#3348 = VERTEX_POINT ( 'NONE', #1419 ) ;
#3347 = DIRECTION ( 'NONE',  ( 0.000000000000000000, 0.000000000000000000, 1.000000000000000000 ) ) ;
#3349 = AXIS2_PLACEMENT_3D ( 'NONE', #1705, #4148, #1318 ) ;
#3350 = CARTESIAN_POINT ( 'NONE',  ( -4.825000000000000178, 5.908920805885980562E-16, 16.55999999999999872 ) ) ;
#3351 = DIRECTION ( 'NONE',  ( 1.000000000000000000, 0.000000000000000000, 0.000000000000000000 ) ) ;
#3352 = CARTESIAN_POINT ( 'NONE',  ( -0.1499999999999999944, 0.6939740629158999141, 10.56499999999999950 ) ) ;
#3353 = ORIENTED_EDGE ( 'NONE', *, *, #3470, .F. ) ;
#3354 = EDGE_CURVE ( 'NONE', #2519, #1562, #3015, .T. ) ;
#3355 = SURFACE_SIDE_STYLE ('',( #3676 ) ) ;
#3356 =( NAMED_UNIT ( * ) SI_UNIT ( $, .STERADIAN. ) SOLID_ANGLE_UNIT ( ) );
#3357 = ORIENTED_EDGE ( 'NONE', *, *, #3594, .T. ) ;
#3358 = EDGE_CURVE ( 'NONE', #2310, #1755, #94, .T. ) ;
#3359 = DIRECTION ( 'NONE',  ( 1.000000000000000000, 0.000000000000000000, 0.000000000000000000 ) ) ;
#3360 = CARTESIAN_POINT ( 'NONE',  ( -4.825000000000000178, 0.000000000000000000, 11.55999999999999872 ) ) ;
#3361 = FACE_OUTER_BOUND ( 'NONE', #537, .T. ) ;
#3362 =( GEOMETRIC_REPRESENTATION_CONTEXT ( 3 ) GLOBAL_UNCERTAINTY_ASSIGNED_CONTEXT ( ( #3890 ) ) GLOBAL_UNIT_ASSIGNED_CONTEXT ( ( #583, #3659, #4374 ) ) REPRESENTATION_CONTEXT ( 'NONE', 'WORKASPACE' ) );
#3363 = B_SPLINE_CURVE_WITH_KNOTS ( 'NONE', 3,
 ( #2277, #3988, #833, #3287, #3642, #122, #2253, #813, #482, #4011, #1863, #3664, #81, #508, #4307, #1908, #3309, #144, #1547 ),
 .UNSPECIFIED., .F., .F.,
 ( 4, 1, 1, 1, 1, 1, 1, 1, 1, 1, 1, 1, 1, 1, 1, 1, 4 ),
 ( 0.000000000000000000, 0.06250000000000000000, 0.1250000000000000000, 0.1875000000000000000, 0.2500000000000000000, 0.3125000000000000000, 0.3750000000000000000, 0.4375000000000000000, 0.5000000000000000000, 0.5625000000000000000, 0.6250000000000000000, 0.6875000000000000000, 0.7500000000000000000, 0.8125000000000000000, 0.8750000000000000000, 0.9375000000000000000, 1.000000000000000000 ),
 .UNSPECIFIED. ) ;
#3364 =( GEOMETRIC_REPRESENTATION_CONTEXT ( 3 ) GLOBAL_UNCERTAINTY_ASSIGNED_CONTEXT ( ( #3205 ) ) GLOBAL_UNIT_ASSIGNED_CONTEXT ( ( #1939, #3031, #2970 ) ) REPRESENTATION_CONTEXT ( 'NONE', 'WORKASPACE' ) );
#3365 = AXIS2_PLACEMENT_3D ( 'NONE', #2835, #1473, #2130 ) ;
#3367 = ORIENTED_EDGE ( 'NONE', *, *, #1642, .F. ) ;
#3366 = DIRECTION ( 'NONE',  ( 0.000000000000000000, 0.000000000000000000, 1.000000000000000000 ) ) ;
#3368 = MECHANICAL_DESIGN_GEOMETRIC_PRESENTATION_REPRESENTATION (  '', ( #3955 ), #3520 ) ;
#3369 = STYLED_ITEM ( 'NONE', ( #333 ), #1006 ) ;
#3370 = PRESENTATION_STYLE_ASSIGNMENT (( #4420 ) ) ;
#3371 = EDGE_LOOP ( 'NONE', ( #2066, #2875 ) ) ;
#3372 = DIRECTION ( 'NONE',  ( -1.000000000000000000, 0.000000000000000000, 0.000000000000000000 ) ) ;
#3373 = EDGE_LOOP ( 'NONE', ( #3696, #4525, #1319, #3996, #2539, #2806 ) ) ;
#3374 = CIRCLE ( 'NONE', #1374, 2.499999999999999556 ) ;
#3375 = B_SPLINE_CURVE_WITH_KNOTS ( 'NONE', 3,
 ( #2983, #150, #3332, #858, #1217 ),
 .UNSPECIFIED., .F., .F.,
 ( 4, 1, 4 ),
 ( 0.5000000210642501219, 0.6666666666667000474, 1.000000000000000000 ),
 .UNSPECIFIED. ) ;
#3376 = AXIS2_PLACEMENT_3D ( 'NONE', #600, #2065, #2753 ) ;
#3377 = DIRECTION ( 'NONE',  ( 1.000000000000000000, 0.000000000000000000, 0.000000000000000000 ) ) ;
#3378 = ORIENTED_EDGE ( 'NONE', *, *, #3092, .F. ) ;
#3379 = PRESENTATION_STYLE_ASSIGNMENT (( #1624 ) ) ;
#3380 = DIRECTION ( 'NONE',  ( -1.000000000000000000, 0.000000000000000000, 0.000000000000000000 ) ) ;
#3381 = AXIS2_PLACEMENT_3D ( 'NONE', #4364, #1955, #1265 ) ;
#3382 = ADVANCED_FACE ( 'NONE', ( #4279 ), #9, .F. ) ;
#3383 = AXIS2_PLACEMENT_3D ( 'NONE', #37, #1459, #425 ) ;
#3384 = ORIENTED_EDGE ( 'NONE', *, *, #4126, .T. ) ;
#3385 = CARTESIAN_POINT ( 'NONE',  ( -6.349999999999999645, 8.149969025285134450, 2.299999999999999822 ) ) ;
#3386 = PLANE ( 'NONE',  #2271 ) ;
#3387 = FACE_OUTER_BOUND ( 'NONE', #2313, .T. ) ;
#3388 = AXIS2_PLACEMENT_3D ( 'NONE', #2574, #3002, #1550 ) ;
#3389 = EDGE_CURVE ( 'NONE', #893, #3614, #4256, .T. ) ;
#3390 = EDGE_CURVE ( 'NONE', #1259, #4512, #1469, .T. ) ;
#3391 = VERTEX_POINT ( 'NONE', #435 ) ;
#3393 = ORIENTED_EDGE ( 'NONE', *, *, #2697, .T. ) ;
#3392 = DIRECTION ( 'NONE',  ( 0.000000000000000000, 0.000000000000000000, 1.000000000000000000 ) ) ;
#3394 = EDGE_CURVE ( 'NONE', #2686, #323, #3168, .T. ) ;
#3395 = FACE_OUTER_BOUND ( 'NONE', #4378, .T. ) ;
#3396 = ORIENTED_EDGE ( 'NONE', *, *, #2886, .F. ) ;
#3397 = FILL_AREA_STYLE ('',( #3733 ) ) ;
#3398 = ORIENTED_EDGE ( 'NONE', *, *, #4521, .F. ) ;
#3399 = CARTESIAN_POINT ( 'NONE',  ( -0.6939740629158999141, 0.1499999999999999944, 10.56499999999999950 ) ) ;
#3400 =( NAMED_UNIT ( * ) SI_UNIT ( $, .STERADIAN. ) SOLID_ANGLE_UNIT ( ) );
#3401 = FILL_AREA_STYLE_COLOUR ( '', #143 ) ;
#3402 = ORIENTED_EDGE ( 'NONE', *, *, #2707, .T. ) ;
#3403 = CARTESIAN_POINT ( 'NONE',  ( -5.472996199307999632, 0.5525510087092000422, 13.23078596205999879 ) ) ;
#3404 = ORIENTED_EDGE ( 'NONE', *, *, #1823, .F. ) ;
#3405 = CARTESIAN_POINT ( 'NONE',  ( 0.000000000000000000, 0.000000000000000000, 18.30000000000000071 ) ) ;
#3406 = PLANE ( 'NONE',  #2611 ) ;
#3407 = VECTOR ( 'NONE', #4122, 1000.000000000000000 ) ;
#3408 = CARTESIAN_POINT ( 'NONE',  ( -8.750000000000000000, -7.479999999999999538, 2.299999999999999822 ) ) ;
#3409 = ORIENTED_EDGE ( 'NONE', *, *, #456, .T. ) ;
#3410 = DIRECTION ( 'NONE',  ( 0.000000000000000000, 0.000000000000000000, 1.000000000000000000 ) ) ;
#3411 = EDGE_CURVE ( 'NONE', #2274, #1044, #4005, .T. ) ;
#3412 = STYLED_ITEM ( 'NONE', ( #2572 ), #3941 ) ;
#3413 = ORIENTED_EDGE ( 'NONE', *, *, #2791, .F. ) ;
#3414 = AXIS2_PLACEMENT_3D ( 'NONE', #1611, #558, #3081 ) ;
#3415 = SURFACE_STYLE_USAGE ( .BOTH. , #1258 ) ;
#3416 = ADVANCED_FACE ( 'NONE', ( #3203 ), #1184, .F. ) ;
#3417 = DIRECTION ( 'NONE',  ( 1.000000000000000000, 0.000000000000000000, 0.000000000000000000 ) ) ;
#3418 = DIRECTION ( 'NONE',  ( 0.000000000000000000, 0.000000000000000000, -1.000000000000000000 ) ) ;
#3419 =( NAMED_UNIT ( * ) PLANE_ANGLE_UNIT ( ) SI_UNIT ( $, .RADIAN. ) );
#3420 = VERTEX_POINT ( 'NONE', #2194 ) ;
#3421 = EDGE_CURVE ( 'NONE', #2881, #2403, #4351, .T. ) ;
#3422 = CARTESIAN_POINT ( 'NONE',  ( 0.000000000000000000, 0.000000000000000000, -4.530000000000000249 ) ) ;
#3423 = PRESENTATION_STYLE_ASSIGNMENT (( #3760 ) ) ;
#3424 = DIRECTION ( 'NONE',  ( 0.000000000000000000, 0.000000000000000000, 1.000000000000000000 ) ) ;
#3425 = ORIENTED_EDGE ( 'NONE', *, *, #676, .T. ) ;
#3426 = CARTESIAN_POINT ( 'NONE',  ( -4.750000000000000000, 6.349999999999999645, 0.000000000000000000 ) ) ;
#3427 = FILL_AREA_STYLE ('',( #2025 ) ) ;
#3428 = DIRECTION ( 'NONE',  ( 0.000000000000000000, -1.000000000000000000, 0.000000000000000000 ) ) ;
#3429 = SURFACE_SIDE_STYLE ('',( #2027 ) ) ;
#3430 = ORIENTED_EDGE ( 'NONE', *, *, #2429, .T. ) ;
#3431 = DIRECTION ( 'NONE',  ( 1.000000000000000000, 0.000000000000000000, 0.000000000000000000 ) ) ;
#3432 = AXIS2_PLACEMENT_3D ( 'NONE', #4031, #245, #161 ) ;
#3433 = UNCERTAINTY_MEASURE_WITH_UNIT (LENGTH_MEASURE( 1.000000000000000082E-05 ), #1707, 'distance_accuracy_value', 'NONE');
#3434 = ADVANCED_FACE ( 'NONE', ( #407 ), #3342, .T. ) ;
#3435 = AXIS2_PLACEMENT_3D ( 'NONE', #3953, #2851, #802 ) ;
#3436 = VERTEX_POINT ( 'NONE', #3261 ) ;
#3437 = CARTESIAN_POINT ( 'NONE',  ( -0.1470068600951959237, -1.041323258583872535, -7.180432553589916722 ) ) ;
#3438 = ORIENTED_EDGE ( 'NONE', *, *, #2732, .T. ) ;
#3439 = AXIS2_PLACEMENT_3D ( 'NONE', #1327, #2701, #2383 ) ;
#3440 = CIRCLE ( 'NONE', #1907, 4.488675134594998894 ) ;
#3441 = FILL_AREA_STYLE_COLOUR ( '', #525 ) ;
#3442 = ADVANCED_FACE ( 'NONE', ( #807 ), #2927, .T. ) ;
#3443 = DIRECTION ( 'NONE',  ( -1.000000000000000000, 0.000000000000000000, 0.000000000000000000 ) ) ;
#3444 = AXIS2_PLACEMENT_3D ( 'NONE', #327, #470, #2218 ) ;
#3445 = AXIS2_PLACEMENT_3D ( 'NONE', #3124, #1026, #3505 ) ;
#3446 = CARTESIAN_POINT ( 'NONE',  ( -4.575000000000000178, 1.532970971676000049, 15.69630681720000176 ) ) ;
#3447 = EDGE_LOOP ( 'NONE', ( #681, #1765, #3484, #4010 ) ) ;
#3448 = CARTESIAN_POINT ( 'NONE',  ( 6.349999999999999645, 8.049985370263998519, 0.09998537558667000558 ) ) ;
#3449 = CARTESIAN_POINT ( 'NONE',  ( 4.825000000000000178, 0.000000000000000000, 11.55999999999999872 ) ) ;
#3450 = CIRCLE ( 'NONE', #2419, 1.599999999999999867 ) ;
#3451 = CIRCLE ( 'NONE', #347, 1.599999999999999867 ) ;
#3452 = CARTESIAN_POINT ( 'NONE',  ( -5.500000000000000000, 0.000000000000000000, 13.07000000000000028 ) ) ;
#3453 = ADVANCED_FACE ( 'NONE', ( #1163 ), #3637, .T. ) ;
#3454 = FILL_AREA_STYLE ('',( #1334 ) ) ;
#3455 = ORIENTED_EDGE ( 'NONE', *, *, #1186, .T. ) ;
#3456 = CARTESIAN_POINT ( 'NONE',  ( -4.575000000000000178, 1.307166488281000127, 12.82816164892000010 ) ) ;
#3457 = FILL_AREA_STYLE_COLOUR ( '', #1848 ) ;
#3458 = CARTESIAN_POINT ( 'NONE',  ( -6.349999999999999645, -4.650014629735999883, 0.09998537558667000558 ) ) ;
#3459 = VECTOR ( 'NONE', #1851, 1000.000000000000000 ) ;
#3460 = SURFACE_SIDE_STYLE ('',( #3122 ) ) ;
#3461 = ORIENTED_EDGE ( 'NONE', *, *, #3669, .F. ) ;
#3462 = CARTESIAN_POINT ( 'NONE',  ( -4.575000000000000178, 0.000000000000000000, 14.05999999999999872 ) ) ;
#3463 = AXIS2_PLACEMENT_3D ( 'NONE', #2963, #4358, #3351 ) ;
#3464 = ORIENTED_EDGE ( 'NONE', *, *, #451, .T. ) ;
#3465 = ORIENTED_EDGE ( 'NONE', *, *, #771, .F. ) ;
#3466 = DIRECTION ( 'NONE',  ( 0.000000000000000000, 0.000000000000000000, -1.000000000000000000 ) ) ;
#3467 = VERTEX_POINT ( 'NONE', #2731 ) ;
#3468 = DIRECTION ( 'NONE',  ( 0.000000000000000000, 0.000000000000000000, 1.000000000000000000 ) ) ;
#3469 = CARTESIAN_POINT ( 'NONE',  ( 4.575000000000000178, 0.9819404657585000251, 14.35275365885999932 ) ) ;
#3470 = EDGE_CURVE ( 'NONE', #2245, #1276, #256, .T. ) ;
#3471 = DIRECTION ( 'NONE',  ( 0.000000000000000000, 0.000000000000000000, -1.000000000000000000 ) ) ;
#3472 = CARTESIAN_POINT ( 'NONE',  ( 6.349999999999999645, -6.349999999999999645, 0.1999724664463000123 ) ) ;
#3473 = VERTEX_POINT ( 'NONE', #2388 ) ;
#3474 = CARTESIAN_POINT ( 'NONE',  ( 6.349999999999999645, 6.349999999999999645, 0.000000000000000000 ) ) ;
#3475 = ORIENTED_EDGE ( 'NONE', *, *, #931, .T. ) ;
#3476 = CARTESIAN_POINT ( 'NONE',  ( 0.000000000000000000, 0.000000000000000000, -4.530000000000000249 ) ) ;
#3477 = ADVANCED_FACE ( 'NONE', ( #4433 ), #908, .T. ) ;
#3478 = CARTESIAN_POINT ( 'NONE',  ( -1.243449787579999883E-14, -1.487698852997999749E-14, 7.200001182111000375 ) ) ;
#3479 = CARTESIAN_POINT ( 'NONE',  ( -4.575000000000000178, -0.9715146960295999445, 14.25041847440999909 ) ) ;
#3480 = VERTEX_POINT ( 'NONE', #622 ) ;
#3481 = CARTESIAN_POINT ( 'NONE',  ( 4.574999999999721290, 1.532970971676625771, 16.03484176581234522 ) ) ;
#3482 = VECTOR ( 'NONE', #1228, 1000.000000000000114 ) ;
#3483 = MECHANICAL_DESIGN_GEOMETRIC_PRESENTATION_REPRESENTATION (  '', ( #1641 ), #172 ) ;
#3484 = ORIENTED_EDGE ( 'NONE', *, *, #925, .T. ) ;
#3486 = ORIENTED_EDGE ( 'NONE', *, *, #6, .F. ) ;
#3485 = CARTESIAN_POINT ( 'NONE',  ( 0.000000000000000000, 0.000000000000000000, 10.56499999999999950 ) ) ;
#3487 = ORIENTED_EDGE ( 'NONE', *, *, #307, .F. ) ;
#3488 = DIRECTION ( 'NONE',  ( 0.000000000000000000, 0.000000000000000000, 1.000000000000000000 ) ) ;
#3489 = CARTESIAN_POINT ( 'NONE',  ( 0.000000000000000000, 0.000000000000000000, 13.84499999999999886 ) ) ;
#3490 = AXIS2_PLACEMENT_3D ( 'NONE', #1750, #1391, #776 ) ;
#3491 = DIRECTION ( 'NONE',  ( 0.000000000000000000, 0.000000000000000000, 1.000000000000000000 ) ) ;
#3492 = EDGE_LOOP ( 'NONE', ( #254, #3221, #1445, #3290, #1136 ) ) ;
#3493 = CARTESIAN_POINT ( 'NONE',  ( 0.000000000000000000, 0.000000000000000000, 14.71499999999999986 ) ) ;
#3494 = CARTESIAN_POINT ( 'NONE',  ( 2.700000000000000178, -3.306546357697853733E-16, -3.600000000000000089 ) ) ;
#3495 = EDGE_CURVE ( 'NONE', #2098, #3614, #4075, .T. ) ;
#3496 = CARTESIAN_POINT ( 'NONE',  ( 4.575000000000000178, 0.000000000000000000, 14.05999999999999872 ) ) ;
#3497 = VERTEX_POINT ( 'NONE', #2711 ) ;
#3498 = CARTESIAN_POINT ( 'NONE',  ( 4.575000000000000178, 1.532970971676000049, 12.42369318280000101 ) ) ;
#3499 = ORIENTED_EDGE ( 'NONE', *, *, #2571, .F. ) ;
#3500 = DIRECTION ( 'NONE',  ( 1.000000000000000000, 0.000000000000000000, 0.000000000000000000 ) ) ;
#3501 = CARTESIAN_POINT ( 'NONE',  ( -6.349999999999999645, -6.349999999999999645, 0.1999724664463000123 ) ) ;
#3502 = CARTESIAN_POINT ( 'NONE',  ( 4.575000000000000178, 0.000000000000000000, 11.55999999999999872 ) ) ;
#3503 = EDGE_CURVE ( 'NONE', #1052, #1182, #1376, .T. ) ;
#3504 = ORIENTED_EDGE ( 'NONE', *, *, #4521, .T. ) ;
#3505 = DIRECTION ( 'NONE',  ( 1.000000000000000000, 0.000000000000000000, 0.000000000000000000 ) ) ;
#3506 = DIRECTION ( 'NONE',  ( -1.000000000000000000, 0.000000000000000000, 0.000000000000000000 ) ) ;
#3507 = VERTEX_POINT ( 'NONE', #3032 ) ;
#3508 = PRESENTATION_LAYER_ASSIGNMENT (  '', '', ( #3296 ) ) ;
#3510 = ORIENTED_EDGE ( 'NONE', *, *, #115, .F. ) ;
#3509 = DIRECTION ( 'NONE',  ( -1.000000000000000000, 0.000000000000000000, 0.000000000000000000 ) ) ;
#3511 =( LENGTH_UNIT ( ) NAMED_UNIT ( * ) SI_UNIT ( .MILLI., .METRE. ) );
#3512 = AXIS2_PLACEMENT_3D ( 'NONE', #1992, #1706, #1548 ) ;
#3513 = SURFACE_STYLE_FILL_AREA ( #299 ) ;
#3514 = CARTESIAN_POINT ( 'NONE',  ( 0.8103463844495999435, -0.1499999999999999944, 14.76260777650999856 ) ) ;
#3515 = DIRECTION ( 'NONE',  ( 0.000000000000000000, 0.000000000000000000, 1.000000000000000000 ) ) ;
#3516 = CARTESIAN_POINT ( 'NONE',  ( 4.575000000000000178, 0.9617718549881404400, 14.08119503527347227 ) ) ;
#3517 = ORIENTED_EDGE ( 'NONE', *, *, #1751, .F. ) ;
#3518 = CARTESIAN_POINT ( 'NONE',  ( -6.349999999999999645, -6.349999999999999645, 0.000000000000000000 ) ) ;
#3519 = AXIS2_PLACEMENT_3D ( 'NONE', #636, #2051, #3156 ) ;
#3520 =( GEOMETRIC_REPRESENTATION_CONTEXT ( 3 ) GLOBAL_UNCERTAINTY_ASSIGNED_CONTEXT ( ( #1347 ) ) GLOBAL_UNIT_ASSIGNED_CONTEXT ( ( #3764, #870, #202 ) ) REPRESENTATION_CONTEXT ( 'NONE', 'WORKASPACE' ) );
#3521 = VERTEX_POINT ( 'NONE', #1270 ) ;
#3522 = DIRECTION ( 'NONE',  ( 0.000000000000000000, 0.000000000000000000, 1.000000000000000000 ) ) ;
#3523 = PRESENTATION_LAYER_ASSIGNMENT (  '', '', ( #1151 ) ) ;
#3524 = CARTESIAN_POINT ( 'NONE',  ( -0.3862968609136968046, -0.6107560619864457196, -6.497860767869729770 ) ) ;
#3525 = PRESENTATION_LAYER_ASSIGNMENT (  '', '', ( #4035 ) ) ;
#3526 = ADVANCED_FACE ( 'NONE', ( #2685 ), #4087, .F. ) ;
#3527 = SURFACE_STYLE_USAGE ( .BOTH. , #2120 ) ;
#3528 = VECTOR ( 'NONE', #63, 1000.000000000000000 ) ;
#3529 = ORIENTED_EDGE ( 'NONE', *, *, #4527, .T. ) ;
#3530 = CARTESIAN_POINT ( 'NONE',  ( 4.825000000000000178, 0.000000000000000000, 11.55999999999999872 ) ) ;
#3531 = DIRECTION ( 'NONE',  ( 0.000000000000000000, 0.000000000000000000, 1.000000000000000000 ) ) ;
#3532 = UNCERTAINTY_MEASURE_WITH_UNIT (LENGTH_MEASURE( 1.000000000000000082E-05 ), #2473, 'distance_accuracy_value', 'NONE');
#3533 = EDGE_CURVE ( 'NONE', #4301, #2881, #4206, .T. ) ;
#3534 = AXIS2_PLACEMENT_3D ( 'NONE', #3252, #2557, #87 ) ;
#3535 = ORIENTED_EDGE ( 'NONE', *, *, #1545, .F. ) ;
#3537 = ORIENTED_EDGE ( 'NONE', *, *, #741, .F. ) ;
#3536 = DIRECTION ( 'NONE',  ( 0.000000000000000000, 0.000000000000000000, 1.000000000000000000 ) ) ;
#3538 = EDGE_CURVE ( 'NONE', #3866, #1082, #1824, .T. ) ;
#3539 = DIRECTION ( 'NONE',  ( 1.000000000000000000, 0.000000000000000000, 0.000000000000000000 ) ) ;
#3540 = CARTESIAN_POINT ( 'NONE',  ( 4.575000000000000178, -0.9715146960295999445, 13.86958152559000013 ) ) ;
#3541 = VERTEX_POINT ( 'NONE', #3217 ) ;
#3542 = DIRECTION ( 'NONE',  ( 1.000000000000000000, 0.000000000000000000, 0.000000000000000000 ) ) ;
#3543 = CARTESIAN_POINT ( 'NONE',  ( 5.487878066542998923, -0.3796531748388999872, 13.13878801979999800 ) ) ;
#3544 = CARTESIAN_POINT ( 'NONE',  ( -3.550000000000000266, 0.000000000000000000, -1.000000000000000000 ) ) ;
#3545 = ORIENTED_EDGE ( 'NONE', *, *, #1209, .F. ) ;
#3546 = DIRECTION ( 'NONE',  ( 0.000000000000000000, -1.000000000000000000, 0.000000000000000000 ) ) ;
#3547 = ORIENTED_EDGE ( 'NONE', *, *, #2010, .T. ) ;
#3548 = PLANE ( 'NONE',  #3435 ) ;
#3549 = CARTESIAN_POINT ( 'NONE',  ( 0.1499999999999999944, -0.7515969500625000466, 14.66267161999000024 ) ) ;
#3550 = DIRECTION ( 'NONE',  ( 0.000000000000000000, 0.000000000000000000, -1.000000000000000000 ) ) ;
#3551 = ORIENTED_EDGE ( 'NONE', *, *, #4152, .F. ) ;
#3552 = B_SPLINE_CURVE_WITH_KNOTS ( 'NONE', 3,
 ( #1819, #1739, #4291, #2524, #3919 ),
 .UNSPECIFIED., .F., .F.,
 ( 4, 1, 4 ),
 ( 0.000000000000000000, 0.3333333333333000081, 0.5000000234640085139 ),
 .UNSPECIFIED. ) ;
#3553 = DIRECTION ( 'NONE',  ( 0.000000000000000000, 0.000000000000000000, 1.000000000000000000 ) ) ;
#3554 = FACE_OUTER_BOUND ( 'NONE', #3790, .T. ) ;
#3555 =( LENGTH_UNIT ( ) NAMED_UNIT ( * ) SI_UNIT ( .MILLI., .METRE. ) );
#3556 = DIRECTION ( 'NONE',  ( -1.000000000000000000, 0.000000000000000000, 0.000000000000000000 ) ) ;
#3557 = EDGE_CURVE ( 'NONE', #602, #3255, #3561, .T. ) ;
#3558 = ORIENTED_EDGE ( 'NONE', *, *, #3092, .T. ) ;
#3559 = DIRECTION ( 'NONE',  ( 0.000000000000000000, -1.000000000000000000, 0.000000000000000000 ) ) ;
#3560 = B_SPLINE_CURVE_WITH_KNOTS ( 'NONE', 3,
 ( #3449, #4121, #2407, #651, #2752, #1312 ),
 .UNSPECIFIED., .F., .F.,
 ( 4, 2, 4 ),
 ( 0.001668306182471428201, 0.002500884024383750320, 0.003333461866296072874 ),
 .UNSPECIFIED. ) ;
#3561 = CIRCLE ( 'NONE', #3693, 1.799969025285000024 ) ;
#3562 = ADVANCED_FACE ( 'NONE', ( #1798 ), #1413, .F. ) ;
#3563 =( NAMED_UNIT ( * ) PLANE_ANGLE_UNIT ( ) SI_UNIT ( $, .RADIAN. ) );
#3564 = VERTEX_POINT ( 'NONE', #3494 ) ;
#3565 = CARTESIAN_POINT ( 'NONE',  ( -6.349999999999999645, -6.349999999999999645, 0.000000000000000000 ) ) ;
#3566 = DIRECTION ( 'NONE',  ( -1.000000000000000000, 0.000000000000000000, 0.000000000000000000 ) ) ;
#3567 = VECTOR ( 'NONE', #2440, 1000.000000000000114 ) ;
#3568 = ORIENTED_EDGE ( 'NONE', *, *, #4281, .T. ) ;
#3569 = DIRECTION ( 'NONE',  ( -1.000000000000000000, 0.000000000000000000, 0.000000000000000000 ) ) ;
#3570 =( LENGTH_UNIT ( ) NAMED_UNIT ( * ) SI_UNIT ( .MILLI., .METRE. ) );
#3571 = CARTESIAN_POINT ( 'NONE',  ( -0.7014386040882777396, -0.1238610544011660153, -5.898479106308818665 ) ) ;
#3572 = CARTESIAN_POINT ( 'NONE',  ( -4.575000000000000178, -0.9617718548859023331, 14.03880496806873701 ) ) ;
#3573 = VERTEX_POINT ( 'NONE', #4219 ) ;
#3574 = DIRECTION ( 'NONE',  ( 0.000000000000000000, 0.000000000000000000, 1.000000000000000000 ) ) ;
#3575 = LINE ( 'NONE', #4280, #3105 ) ;
#3576 = UNCERTAINTY_MEASURE_WITH_UNIT (LENGTH_MEASURE( 1.000000000000000082E-05 ), #4167, 'distance_accuracy_value', 'NONE');
#3577 = FACE_BOUND ( 'NONE', #3001, .T. ) ;
#3579 = EDGE_LOOP ( 'NONE', ( #1647, #1099, #1888, #137, #2305 ) ) ;
#3578 = CARTESIAN_POINT ( 'NONE',  ( -8.750000000000000000, -8.750000000000000000, 0.000000000000000000 ) ) ;
#3580 = EDGE_CURVE ( 'NONE', #3086, #3853, #3321, .T. ) ;
#3581 = CARTESIAN_POINT ( 'NONE',  ( 0.000000000000000000, 0.000000000000000000, -1.000000000000000000 ) ) ;
#3582 = CARTESIAN_POINT ( 'NONE',  ( -4.575000000000000178, -1.307255229477999992, 15.29201012609000010 ) ) ;
#3583 = EDGE_LOOP ( 'NONE', ( #1302, #1255 ) ) ;
#3584 = DIRECTION ( 'NONE',  ( 1.000000000000000000, 0.000000000000000000, 0.000000000000000000 ) ) ;
#3585 = VECTOR ( 'NONE', #1211, 1000.000000000000000 ) ;
#3586 = EDGE_CURVE ( 'NONE', #1333, #190, #237, .T. ) ;
#3587 = PRESENTATION_LAYER_ASSIGNMENT (  '', '', ( #552 ) ) ;
#3588 = AXIS2_PLACEMENT_3D ( 'NONE', #2998, #3306, #505 ) ;
#3589 = CARTESIAN_POINT ( 'NONE',  ( 5.412489899784000080, 0.9774262410971998882, 13.86691802342000024 ) ) ;
#3590 = ORIENTED_EDGE ( 'NONE', *, *, #2716, .F. ) ;
#3591 = CARTESIAN_POINT ( 'NONE',  ( -0.5347070601749228658, 0.4720533450693396027, -6.192811222123295600 ) ) ;
#3592 = VERTEX_POINT ( 'NONE', #2617 ) ;
#3593 = FACE_OUTER_BOUND ( 'NONE', #2072, .T. ) ;
#3594 = EDGE_CURVE ( 'NONE', #3162, #3507, #4432, .T. ) ;
#3595 = AXIS2_PLACEMENT_3D ( 'NONE', #4478, #993, #1677 ) ;
#3596 = AXIS2_PLACEMENT_3D ( 'NONE', #854, #4339, #1886 ) ;
#3597 = VERTEX_POINT ( 'NONE', #882 ) ;
#3598 = DIRECTION ( 'NONE',  ( 0.000000000000000000, 0.000000000000000000, -1.000000000000000000 ) ) ;
#3599 = VECTOR ( 'NONE', #2329, 1000.000000000000000 ) ;
#3600 = CARTESIAN_POINT ( 'NONE',  ( 0.1499999999999999944, -0.6939740629158999141, 14.56499999999999950 ) ) ;
#3601 = AXIS2_PLACEMENT_3D ( 'NONE', #1014, #1669, #2109 ) ;
#3602 = SURFACE_STYLE_USAGE ( .BOTH. , #3936 ) ;
#3603 = ORIENTED_EDGE ( 'NONE', *, *, #95, .F. ) ;
#3604 = AXIS2_PLACEMENT_3D ( 'NONE', #1822, #2475, #1148 ) ;
#3605 = CARTESIAN_POINT ( 'NONE',  ( 4.575000000000000178, 0.9628597210500058345, 14.14478013404258760 ) ) ;
#3606 = VERTEX_POINT ( 'NONE', #3335 ) ;
#3607 = DIRECTION ( 'NONE',  ( -0.000000000000000000, 1.000000000000000000, 0.000000000000000000 ) ) ;
#3608 = STYLED_ITEM ( 'NONE', ( #2868 ), #3120 ) ;
#3609 = FILL_AREA_STYLE ('',( #2215 ) ) ;
#3610 = VERTEX_POINT ( 'NONE', #2917 ) ;
#3611 = EDGE_CURVE ( 'NONE', #495, #1231, #3188, .T. ) ;
#3612 = CARTESIAN_POINT ( 'NONE',  ( 4.575000000000000178, 0.000000000000000000, 14.05999999999999872 ) ) ;
#3613 = VECTOR ( 'NONE', #4328, 1000.000000000000000 ) ;
#3614 = VERTEX_POINT ( 'NONE', #1505 ) ;
#3615 = DIRECTION ( 'NONE',  ( -1.000000000000000000, 0.000000000000000000, 0.000000000000000000 ) ) ;
#3616 = EDGE_CURVE ( 'NONE', #399, #880, #2301, .T. ) ;
#3617 = DIRECTION ( 'NONE',  ( -1.000000000000000000, 0.000000000000000000, 0.000000000000000000 ) ) ;
#3618 = UNCERTAINTY_MEASURE_WITH_UNIT (LENGTH_MEASURE( 1.000000000000000082E-05 ), #4017, 'distance_accuracy_value', 'NONE');
#3619 = DIRECTION ( 'NONE',  ( 0.000000000000000000, 0.000000000000000000, 1.000000000000000000 ) ) ;
#3620 = ORIENTED_EDGE ( 'NONE', *, *, #4343, .F. ) ;
#3621 = CARTESIAN_POINT ( 'NONE',  ( 3.850000000000000089, 4.714890176717309515E-16, -1.199999999999999956 ) ) ;
#3622 = DIRECTION ( 'NONE',  ( -1.000000000000000000, 0.000000000000000000, 0.000000000000000000 ) ) ;
#3623 = DIRECTION ( 'NONE',  ( -1.000000000000000000, 0.000000000000000000, 0.000000000000000000 ) ) ;
#3624 = VERTEX_POINT ( 'NONE', #2214 ) ;
#3625 = CARTESIAN_POINT ( 'NONE',  ( -4.710261831077584560, 1.079155759773043455, 11.78797070427368965 ) ) ;
#3626 = CONICAL_SURFACE ( 'NONE', #1039, 0.7966025403783999481, 0.5235987755981996727 ) ;
#3627 = CARTESIAN_POINT ( 'NONE',  ( 4.575000000000000178, -0.9628597208668522311, 14.14478013157994418 ) ) ;
#3628 = AXIS2_PLACEMENT_3D ( 'NONE', #1220, #2579, #4296 ) ;
#3629 = CARTESIAN_POINT ( 'NONE',  ( -4.825000000000000178, 5.908920805885979576E-16, 2.864999999999999769 ) ) ;
#3630 = ORIENTED_EDGE ( 'NONE', *, *, #4054, .F. ) ;
#3631 = FILL_AREA_STYLE_COLOUR ( '', #3793 ) ;
#3632 = VECTOR ( 'NONE', #440, 1000.000000000000000 ) ;
#3633 = SURFACE_SIDE_STYLE ('',( #3929 ) ) ;
#3634 = EDGE_CURVE ( 'NONE', #4428, #1807, #1434, .T. ) ;
#3635 = VECTOR ( 'NONE', #4224, 1000.000000000000000 ) ;
#3636 = VERTEX_POINT ( 'NONE', #817 ) ;
#3637 = CYLINDRICAL_SURFACE ( 'NONE', #2895, 1.269999999999999352 ) ;
#3638 = DIRECTION ( 'NONE',  ( 0.000000000000000000, -1.000000000000000000, 0.000000000000000000 ) ) ;
#3639 = ADVANCED_FACE ( 'NONE', ( #152 ), #171, .F. ) ;
#3640 = CARTESIAN_POINT ( 'NONE',  ( -0.7515266461379999097, 0.1499999999999999944, 14.66255223760000170 ) ) ;
#3641 =( NAMED_UNIT ( * ) PLANE_ANGLE_UNIT ( ) SI_UNIT ( $, .RADIAN. ) );
#3642 = CARTESIAN_POINT ( 'NONE',  ( -5.472996033608000133, -0.5525526725696999764, 14.88921297273000022 ) ) ;
#3643 = DIRECTION ( 'NONE',  ( 1.000000000000000000, 0.000000000000000000, 0.000000000000000000 ) ) ;
#3644 = VERTEX_POINT ( 'NONE', #1175 ) ;
#3645 = DIRECTION ( 'NONE',  ( 1.000000000000000000, 0.000000000000000000, 0.000000000000000000 ) ) ;
#3646 = CYLINDRICAL_SURFACE ( 'NONE', #2530, 0.9899999999999995470 ) ;
#3647 = ORIENTED_EDGE ( 'NONE', *, *, #511, .F. ) ;
#3648 =( NAMED_UNIT ( * ) PLANE_ANGLE_UNIT ( ) SI_UNIT ( $, .RADIAN. ) );
#3649 = VECTOR ( 'NONE', #1080, 1000.000000000000000 ) ;
#3650 = CARTESIAN_POINT ( 'NONE',  ( 7.479999999999999538, -8.750000000000000000, 2.299999999999999822 ) ) ;
#3651 = STYLED_ITEM ( 'NONE', ( #3130 ), #736 ) ;
#3652 = ORIENTED_EDGE ( 'NONE', *, *, #65, .F. ) ;
#3653 = DIRECTION ( 'NONE',  ( 0.000000000000000000, -0.7071006970993278795, 0.7071128652214188071 ) ) ;
#3654 = CARTESIAN_POINT ( 'NONE',  ( 2.350000000000000089, -2.877919977996279827E-16, 9.889999999999998792 ) ) ;
#3655 = EDGE_CURVE ( 'NONE', #2634, #2723, #467, .T. ) ;
#3656 = LINE ( 'NONE', #1585, #244 ) ;
#3657 = VECTOR ( 'NONE', #3838, 1000.000000000000000 ) ;
#3658 = CIRCLE ( 'NONE', #2340, 4.825000000000001066 ) ;
#3659 =( NAMED_UNIT ( * ) PLANE_ANGLE_UNIT ( ) SI_UNIT ( $, .RADIAN. ) );
#3660 = VERTEX_POINT ( 'NONE', #3292 ) ;
#3661 = EDGE_CURVE ( 'NONE', #3343, #343, #2945, .T. ) ;
#3662 = VECTOR ( 'NONE', #2323, 1000.000000000000000 ) ;
#3663 = STYLED_ITEM ( 'NONE', ( #402 ), #1588 ) ;
#3664 = CARTESIAN_POINT ( 'NONE',  ( -5.422466187452999797, -0.9212441395699999536, 13.68041551992999949 ) ) ;
#3665 = CARTESIAN_POINT ( 'NONE',  ( 4.575000000000000178, -1.020430441925999965, 14.56678020635000159 ) ) ;
#3666 = VECTOR ( 'NONE', #1889, 1000.000000000000000 ) ;
#3667 = CARTESIAN_POINT ( 'NONE',  ( -6.349999999999999645, 4.550030974715193466, 0.000000000000000000 ) ) ;
#3668 = ORIENTED_EDGE ( 'NONE', *, *, #1089, .F. ) ;
#3669 = EDGE_CURVE ( 'NONE', #2809, #4464, #4285, .T. ) ;
#3670 = FACE_OUTER_BOUND ( 'NONE', #2076, .T. ) ;
#3671 = AXIS2_PLACEMENT_3D ( 'NONE', #573, #1693, #1353 ) ;
#3672 = CARTESIAN_POINT ( 'NONE',  ( 0.000000000000000000, 0.000000000000000000, 2.299999999999999822 ) ) ;
#3673 = DIRECTION ( 'NONE',  ( 0.9897433186107934544, -0.1428571428570990787, 0.000000000000000000 ) ) ;
#3674 = ORIENTED_EDGE ( 'NONE', *, *, #4401, .T. ) ;
#3675 = AXIS2_PLACEMENT_3D ( 'NONE', #3687, #3990, #3312 ) ;
#3676 = SURFACE_STYLE_FILL_AREA ( #3741 ) ;
#3677 = FACE_BOUND ( 'NONE', #2131, .T. ) ;
#3678 = ORIENTED_EDGE ( 'NONE', *, *, #1150, .T. ) ;
#3679 = CARTESIAN_POINT ( 'NONE',  ( -1.243449787579999883E-14, -1.487698852997999749E-14, 7.299999999999999822 ) ) ;
#3680 = DIRECTION ( 'NONE',  ( 1.000000000000000000, 0.000000000000000000, 0.000000000000000000 ) ) ;
#3681 = DIRECTION ( 'NONE',  ( 1.000000000000000000, 0.000000000000000000, 0.000000000000000000 ) ) ;
#3682 = FACE_BOUND ( 'NONE', #3371, .T. ) ;
#3684 = VERTEX_POINT ( 'NONE', #838 ) ;
#3683 = CARTESIAN_POINT ( 'NONE',  ( 0.1499999999999999944, 0.7130425623030000049, 14.59728211905999906 ) ) ;
#3685 = DIRECTION ( 'NONE',  ( 0.000000000000000000, 0.000000000000000000, -1.000000000000000000 ) ) ;
#3686 = ADVANCED_FACE ( 'NONE', ( #4381 ), #3646, .T. ) ;
#3687 = CARTESIAN_POINT ( 'NONE',  ( 6.349999999999999645, -6.349999999999999645, 0.09998537558667000558 ) ) ;
#3688 = CARTESIAN_POINT ( 'NONE',  ( 5.455275943599999344, -0.7046320007851999412, 14.76459718377000030 ) ) ;
#3689 = EDGE_CURVE ( 'NONE', #2375, #385, #860, .T. ) ;
#3690 = VERTEX_POINT ( 'NONE', #3779 ) ;
#3691 = FACE_OUTER_BOUND ( 'NONE', #1437, .T. ) ;
#3692 = PLANE ( 'NONE',  #2409 ) ;
#3693 = AXIS2_PLACEMENT_3D ( 'NONE', #3171, #1406, #2822 ) ;
#3694 = PRODUCT ( 'Connecteur BNC Amphenol RF Femelle Droit', 'Connecteur BNC Amphenol RF Femelle Droit', '', ( #1862 ) ) ;
#3695 =( GEOMETRIC_REPRESENTATION_CONTEXT ( 3 ) GLOBAL_UNCERTAINTY_ASSIGNED_CONTEXT ( ( #2930 ) ) GLOBAL_UNIT_ASSIGNED_CONTEXT ( ( #3555, #2196, #1810 ) ) REPRESENTATION_CONTEXT ( 'NONE', 'WORKASPACE' ) );
#3696 = ORIENTED_EDGE ( 'NONE', *, *, #4102, .T. ) ;
#3697 = FILL_AREA_STYLE ('',( #911 ) ) ;
#3698 =( LENGTH_UNIT ( ) NAMED_UNIT ( * ) SI_UNIT ( .MILLI., .METRE. ) );
#3699 = SURFACE_SIDE_STYLE ('',( #2587 ) ) ;
#3700 = CARTESIAN_POINT ( 'NONE',  ( 6.349999999999999645, 6.349999999999999645, 2.100027533553999959 ) ) ;
#3702 = ORIENTED_EDGE ( 'NONE', *, *, #3892, .F. ) ;
#3701 = LINE ( 'NONE', #4441, #4314 ) ;
#3703 = VECTOR ( 'NONE', #3765, 1000.000000000000000 ) ;
#3704 = CARTESIAN_POINT ( 'NONE',  ( 4.575000000000000178, -0.9819403393347999609, 14.35275241793999967 ) ) ;
#3705 = ORIENTED_EDGE ( 'NONE', *, *, #2904, .T. ) ;
#3706 = FACE_OUTER_BOUND ( 'NONE', #2999, .T. ) ;
#3707 = EDGE_LOOP ( 'NONE', ( #3280, #1826, #1716, #1802, #3776, #3087, #1393, #1981 ) ) ;
#3708 = EDGE_CURVE ( 'NONE', #2925, #3184, #1260, .T. ) ;
#3709 = DIRECTION ( 'NONE',  ( 0.000000000000000000, 0.000000000000000000, 1.000000000000000000 ) ) ;
#3710 =( NAMED_UNIT ( * ) PLANE_ANGLE_UNIT ( ) SI_UNIT ( $, .RADIAN. ) );
#3711 = VERTEX_POINT ( 'NONE', #2678 ) ;
#3712 = LINE ( 'NONE', #1974, #2642 ) ;
#3713 =( NAMED_UNIT ( * ) SI_UNIT ( $, .STERADIAN. ) SOLID_ANGLE_UNIT ( ) );
#3714 = CARTESIAN_POINT ( 'NONE',  ( 0.000000000000000000, 0.000000000000000000, 14.86500000000000021 ) ) ;
#3715 = EDGE_CURVE ( 'NONE', #190, #3964, #2379, .T. ) ;
#3716 = CARTESIAN_POINT ( 'NONE',  ( 4.825000000000000178, 0.2816412431761870505, 16.55999999999999872 ) ) ;
#3717 = VECTOR ( 'NONE', #1987, 1000.000000000000114 ) ;
#3718 = VERTEX_POINT ( 'NONE', #2700 ) ;
#3719 = CARTESIAN_POINT ( 'NONE',  ( -6.349999999999999645, -6.349999999999999645, 0.1999724664463000123 ) ) ;
#3720 = DIRECTION ( 'NONE',  ( -1.000000000000000000, 0.000000000000000000, 0.000000000000000000 ) ) ;
#3721 = EDGE_CURVE ( 'NONE', #910, #1193, #3026, .T. ) ;
#3722 = FACE_OUTER_BOUND ( 'NONE', #1557, .T. ) ;
#3723 = AXIS2_PLACEMENT_3D ( 'NONE', #3485, #3536, #1075 ) ;
#3724 = DIRECTION ( 'NONE',  ( -1.000000000000000000, 0.000000000000000000, 0.000000000000000000 ) ) ;
#3725 = ORIENTED_EDGE ( 'NONE', *, *, #456, .F. ) ;
#3726 = AXIS2_PLACEMENT_3D ( 'NONE', #4214, #3189, #743 ) ;
#3727 = CIRCLE ( 'NONE', #3596, 3.550000000000000266 ) ;
#3729 = ORIENTED_EDGE ( 'NONE', *, *, #3661, .T. ) ;
#3728 = DIRECTION ( 'NONE',  ( 0.000000000000000000, 0.000000000000000000, 1.000000000000000000 ) ) ;
#3730 = AXIS2_PLACEMENT_3D ( 'NONE', #1249, #519, #2306 ) ;
#3731 = AXIS2_PLACEMENT_3D ( 'NONE', #3040, #585, #3431 ) ;
#3732 = EDGE_LOOP ( 'NONE', ( #3906, #1266, #1951, #1086, #591 ) ) ;
#3733 = FILL_AREA_STYLE_COLOUR ( '', #358 ) ;
#3734 = EDGE_LOOP ( 'NONE', ( #3603, #1122, #1177, #2829 ) ) ;
#3735 =( GEOMETRIC_REPRESENTATION_CONTEXT ( 3 ) GLOBAL_UNCERTAINTY_ASSIGNED_CONTEXT ( ( #476 ) ) GLOBAL_UNIT_ASSIGNED_CONTEXT ( ( #2261, #195, #3713 ) ) REPRESENTATION_CONTEXT ( 'NONE', 'WORKASPACE' ) );
#3736 = AXIS2_PLACEMENT_3D ( 'NONE', #1225, #4061, #194 ) ;
#3737 = STYLED_ITEM ( 'NONE', ( #4143 ), #2675 ) ;
#3738 = SURFACE_STYLE_FILL_AREA ( #3109 ) ;
#3739 = LINE ( 'NONE', #1383, #1381 ) ;
#3740 = EDGE_LOOP ( 'NONE', ( #982, #3795, #4078, #769, #4481 ) ) ;
#3741 = FILL_AREA_STYLE ('',( #2344 ) ) ;
#3742 = PRESENTATION_LAYER_ASSIGNMENT (  '', '', ( #2135 ) ) ;
#3743 = CARTESIAN_POINT ( 'NONE',  ( -5.412490055020999336, 0.9774253909942000051, 14.25308606278999868 ) ) ;
#3744 = EDGE_CURVE ( 'NONE', #2403, #2968, #2165, .T. ) ;
#3745 = AXIS2_PLACEMENT_3D ( 'NONE', #1865, #744, #3269 ) ;
#3746 = ORIENTED_EDGE ( 'NONE', *, *, #452, .T. ) ;
#3747 = SURFACE_STYLE_FILL_AREA ( #1629 ) ;
#3748 = CARTESIAN_POINT ( 'NONE',  ( -4.575000000000000178, 0.000000000000000000, 14.05999999999999872 ) ) ;
#3749 = EDGE_CURVE ( 'NONE', #1551, #2865, #2400, .T. ) ;
#3750 = CARTESIAN_POINT ( 'NONE',  ( -5.500000000000000000, 6.735557395310442023E-16, 2.299999999999999822 ) ) ;
#3751 = ORIENTED_EDGE ( 'NONE', *, *, #1320, .T. ) ;
#3752 = CYLINDRICAL_SURFACE ( 'NONE', #2929, 3.550000000000000266 ) ;
#3753 = EDGE_LOOP ( 'NONE', ( #3396, #1542, #1325, #3367 ) ) ;
#3754 = CARTESIAN_POINT ( 'NONE',  ( -0.4706219625016557773, -0.9420757599979900920, -6.319345725756122079 ) ) ;
#3755 = ORIENTED_EDGE ( 'NONE', *, *, #979, .F. ) ;
#3756 = DIRECTION ( 'NONE',  ( 0.000000000000000000, 0.000000000000000000, 1.000000000000000000 ) ) ;
#3757 = CARTESIAN_POINT ( 'NONE',  ( -4.575000000000000178, -1.452754599327999996, 12.56153410253999958 ) ) ;
#3758 = DIRECTION ( 'NONE',  ( -0.4999999999999140687, 6.123233995735713400E-17, 0.8660254037844882236 ) ) ;
#3759 = VERTEX_POINT ( 'NONE', #645 ) ;
#3760 = SURFACE_STYLE_USAGE ( .BOTH. , #951 ) ;
#3761 = DIRECTION ( 'NONE',  ( -1.000000000000000000, 0.000000000000000000, 0.000000000000000000 ) ) ;
#3762 =( LENGTH_UNIT ( ) NAMED_UNIT ( * ) SI_UNIT ( .MILLI., .METRE. ) );
#3763 = EDGE_LOOP ( 'NONE', ( #2157, #1354 ) ) ;
#3764 =( LENGTH_UNIT ( ) NAMED_UNIT ( * ) SI_UNIT ( .MILLI., .METRE. ) );
#3765 = DIRECTION ( 'NONE',  ( 0.000000000000000000, 0.000000000000000000, 1.000000000000000000 ) ) ;
#3766 = ADVANCED_FACE ( 'NONE', ( #4408 ), #4057, .F. ) ;
#3767 = PRESENTATION_STYLE_ASSIGNMENT (( #4480 ) ) ;
#3768 = EDGE_LOOP ( 'NONE', ( #3725, #3144, #2692, #8, #2474 ) ) ;
#3769 = DIRECTION ( 'NONE',  ( 0.000000000000000000, 0.000000000000000000, 1.000000000000000000 ) ) ;
#3770 = CARTESIAN_POINT ( 'NONE',  ( -0.1499999999999999944, -1.039230484540999866, 10.56499999999999950 ) ) ;
#3771 = CIRCLE ( 'NONE', #2249, 2.700000000000000178 ) ;
#3772 = EDGE_CURVE ( 'NONE', #1966, #824, #99, .T. ) ;
#3773 = ORIENTED_EDGE ( 'NONE', *, *, #369, .F. ) ;
#3774 = VECTOR ( 'NONE', #520, 1000.000000000000000 ) ;
#3775 = CARTESIAN_POINT ( 'NONE',  ( -0.9003592173069263627, -0.5572737377177454654, -5.596259589406844093 ) ) ;
#3776 = ORIENTED_EDGE ( 'NONE', *, *, #3802, .T. ) ;
#3777 = CARTESIAN_POINT ( 'NONE',  ( -1.012368216006245270, 0.3097468414746333276, -5.446316210832353732 ) ) ;
#3778 = EDGE_CURVE ( 'NONE', #1807, #1866, #1487, .T. ) ;
#3779 = CARTESIAN_POINT ( 'NONE',  ( -7.950000000000000178, -6.349999999999999645, 0.1999724664463000123 ) ) ;
#3780 = FACE_OUTER_BOUND ( 'NONE', #1409, .T. ) ;
#3781 =( NAMED_UNIT ( * ) SI_UNIT ( $, .STERADIAN. ) SOLID_ANGLE_UNIT ( ) );
#3782 = EDGE_LOOP ( 'NONE', ( #112, #426 ) ) ;
#3783 = DIRECTION ( 'NONE',  ( -1.000000000000000000, 0.000000000000000000, 0.000000000000000000 ) ) ;
#3784 = DIRECTION ( 'NONE',  ( -1.000000000000000000, 0.000000000000000000, 0.000000000000000000 ) ) ;
#3785 = CARTESIAN_POINT ( 'NONE',  ( 5.455276403909000038, 0.7046284270827000151, 14.76460065536000066 ) ) ;
#3786 = ORIENTED_EDGE ( 'NONE', *, *, #2397, .F. ) ;
#3787 = DIRECTION ( 'NONE',  ( 1.000000000000000000, 0.000000000000000000, 0.000000000000000000 ) ) ;
#3788 = CARTESIAN_POINT ( 'NONE',  ( -4.575000000000000178, 0.000000000000000000, 18.30000000000000071 ) ) ;
#3789 = UNCERTAINTY_MEASURE_WITH_UNIT (LENGTH_MEASURE( 1.000000000000000082E-05 ), #3511, 'distance_accuracy_value', 'NONE');
#3790 = EDGE_LOOP ( 'NONE', ( #3810, #2222 ) ) ;
#3791 = AXIS2_PLACEMENT_3D ( 'NONE', #3037, #938, #2670 ) ;
#3792 = UNCERTAINTY_MEASURE_WITH_UNIT (LENGTH_MEASURE( 1.000000000000000082E-05 ), #1743, 'distance_accuracy_value', 'NONE');
#3793 = COLOUR_RGB ( '',1.000000000000000000, 0.8705882352941176627, 0.5294117647058823595 ) ;
#3794 = AXIS2_PLACEMENT_3D ( 'NONE', #1024, #3550, #4251 ) ;
#3795 = ORIENTED_EDGE ( 'NONE', *, *, #1235, .T. ) ;
#3796 = ADVANCED_FACE ( 'NONE', ( #4530 ), #4507, .F. ) ;
#3797 = VERTEX_POINT ( 'NONE', #1714 ) ;
#3798 = EDGE_LOOP ( 'NONE', ( #1623, #349 ) ) ;
#3799 = CIRCLE ( 'NONE', #4316, 4.675000000000000711 ) ;
#3800 = CIRCLE ( 'NONE', #1839, 2.499999999999999556 ) ;
#3801 = CARTESIAN_POINT ( 'NONE',  ( -0.1499999999999999944, -0.6939740629158999141, 14.56499999999999950 ) ) ;
#3802 = EDGE_CURVE ( 'NONE', #2589, #3610, #388, .T. ) ;
#3803 = AXIS2_PLACEMENT_3D ( 'NONE', #1020, #3855, #260 ) ;
#3804 = AXIS2_PLACEMENT_3D ( 'NONE', #2512, #4390, #2266 ) ;
#3805 = EDGE_LOOP ( 'NONE', ( #1314, #4450, #1134 ) ) ;
#3806 = FACE_OUTER_BOUND ( 'NONE', #712, .T. ) ;
#3807 = DIRECTION ( 'NONE',  ( -1.000000000000000000, 0.000000000000000000, 0.000000000000000000 ) ) ;
#3808 = PRESENTATION_LAYER_ASSIGNMENT (  '', '', ( #1533 ) ) ;
#3809 = CARTESIAN_POINT ( 'NONE',  ( 5.472996513920999284, 0.5525478471670000058, 14.88921606003999898 ) ) ;
#3810 = ORIENTED_EDGE ( 'NONE', *, *, #504, .F. ) ;
#3811 = VECTOR ( 'NONE', #2238, 1000.000000000000000 ) ;
#3812 = CARTESIAN_POINT ( 'NONE',  ( 0.8703741808410999647, -0.1499999999999999944, 14.86500000000000021 ) ) ;
#3813 = VERTEX_POINT ( 'NONE', #2769 ) ;
#3814 = FACE_OUTER_BOUND ( 'NONE', #314, .T. ) ;
#3815 = CARTESIAN_POINT ( 'NONE',  ( 1.039230484540999866, -0.1499999999999999944, 10.56499999999999950 ) ) ;
#3816 = STYLED_ITEM ( 'NONE', ( #948 ), #3039 ) ;
#3817 =( LENGTH_UNIT ( ) NAMED_UNIT ( * ) SI_UNIT ( .MILLI., .METRE. ) );
#3818 = VERTEX_POINT ( 'NONE', #4162 ) ;
#3819 = CARTESIAN_POINT ( 'NONE',  ( 4.710225702800567404, 1.079546726730897799, 11.78803794882925970 ) ) ;
#3820 = AXIS2_PLACEMENT_3D ( 'NONE', #2839, #1849, #1479 ) ;
#3821 = ORIENTED_EDGE ( 'NONE', *, *, #694, .F. ) ;
#3822 = ORIENTED_EDGE ( 'NONE', *, *, #153, .T. ) ;
#3823 = DIRECTION ( 'NONE',  ( 1.000000000000000000, 0.000000000000000000, 0.000000000000000000 ) ) ;
#3824 = VECTOR ( 'NONE', #2883, 1000.000000000000000 ) ;
#3825 = ADVANCED_FACE ( 'NONE', ( #4235 ), #3346, .F. ) ;
#3826 = PRESENTATION_STYLE_ASSIGNMENT (( #3107 ) ) ;
#3827 = SURFACE_STYLE_FILL_AREA ( #668 ) ;
#3828 = ORIENTED_EDGE ( 'NONE', *, *, #3195, .F. ) ;
#3829 = FILL_AREA_STYLE ('',( #2433 ) ) ;
#3830 = EDGE_CURVE ( 'NONE', #2279, #4325, #1738, .T. ) ;
#3831 =( LENGTH_UNIT ( ) NAMED_UNIT ( * ) SI_UNIT ( .MILLI., .METRE. ) );
#3832 = EDGE_LOOP ( 'NONE', ( #3510, #2509, #365, #1336, #1763 ) ) ;
#3833 = DIRECTION ( 'NONE',  ( 0.000000000000000000, 0.000000000000000000, 1.000000000000000000 ) ) ;
#3834 = CARTESIAN_POINT ( 'NONE',  ( 7.950000000000000178, 6.349999999999999645, 0.1999724664463000123 ) ) ;
#3835 = ADVANCED_FACE ( 'NONE', ( #3165 ), #313, .F. ) ;
#3836 = LINE ( 'NONE', #4518, #1518 ) ;
#3837 = ORIENTED_EDGE ( 'NONE', *, *, #3586, .T. ) ;
#3838 = DIRECTION ( 'NONE',  ( 0.000000000000000000, 0.000000000000000000, 1.000000000000000000 ) ) ;
#3839 = AXIS2_PLACEMENT_3D ( 'NONE', #1261, #4080, #571 ) ;
#3840 = ORIENTED_EDGE ( 'NONE', *, *, #3802, .F. ) ;
#3842 = ORIENTED_EDGE ( 'NONE', *, *, #4126, .F. ) ;
#3841 = DIRECTION ( 'NONE',  ( 1.000000000000000000, 0.000000000000000000, 0.000000000000000000 ) ) ;
#3843 = VECTOR ( 'NONE', #3204, 1000.000000000000114 ) ;
#3844 = ORIENTED_EDGE ( 'NONE', *, *, #29, .F. ) ;
#3845 = DIRECTION ( 'NONE',  ( 0.000000000000000000, 0.000000000000000000, -1.000000000000000000 ) ) ;
#3846 = FACE_OUTER_BOUND ( 'NONE', #1188, .T. ) ;
#3847 = AXIS2_PLACEMENT_3D ( 'NONE', #1234, #1899, #2267 ) ;
#3848 = DIRECTION ( 'NONE',  ( 0.000000000000000000, 0.000000000000000000, 1.000000000000000000 ) ) ;
#3849 = DIRECTION ( 'NONE',  ( 0.000000000000000000, 0.000000000000000000, 1.000000000000000000 ) ) ;
#3850 = ORIENTED_EDGE ( 'NONE', *, *, #1898, .F. ) ;
#3851 = ADVANCED_FACE ( 'NONE', ( #3846 ), #3209, .F. ) ;
#3852 = DIRECTION ( 'NONE',  ( 0.000000000000000000, 0.000000000000000000, 1.000000000000000000 ) ) ;
#3853 = VERTEX_POINT ( 'NONE', #2612 ) ;
#3854 = EDGE_CURVE ( 'NONE', #1309, #3644, #28, .T. ) ;
#3855 = DIRECTION ( 'NONE',  ( 1.000000000000000000, 0.000000000000000000, 0.000000000000000000 ) ) ;
#3856 = DIRECTION ( 'NONE',  ( -1.000000000000000000, 0.000000000000000000, 0.000000000000000000 ) ) ;
#3857 = LINE ( 'NONE', #728, #4369 ) ;
#3858 = FILL_AREA_STYLE ('',( #2462 ) ) ;
#3859 = ORIENTED_EDGE ( 'NONE', *, *, #4152, .T. ) ;
#3860 = LINE ( 'NONE', #3530, #4240 ) ;
#3861 = EDGE_CURVE ( 'NONE', #2053, #887, #601, .T. ) ;
#3862 = CARTESIAN_POINT ( 'NONE',  ( -0.6817133328620844646, -0.8054734302202820606, -5.927603068843339429 ) ) ;
#3863 = CARTESIAN_POINT ( 'NONE',  ( -4.575000000000000178, 0.9617718549370595227, 14.05999999549673518 ) ) ;
#3864 = ORIENTED_EDGE ( 'NONE', *, *, #4343, .T. ) ;
#3866 = VERTEX_POINT ( 'NONE', #2889 ) ;
#3865 = LINE ( 'NONE', #50, #3950 ) ;
#3867 = APPLICATION_PROTOCOL_DEFINITION ( 'draft international standard', 'automotive_design', 1998, #978 ) ;
#3868 = CIRCLE ( 'NONE', #337, 0.7099999999999999645 ) ;
#3869 = SURFACE_STYLE_FILL_AREA ( #370 ) ;
#3870 = PLANE ( 'NONE',  #3726 ) ;
#3871 = PLANE ( 'NONE',  #2217 ) ;
#3872 = VERTEX_POINT ( 'NONE', #3621 ) ;
#3873 = AXIS2_PLACEMENT_3D ( 'NONE', #3672, #3336, #173 ) ;
#3874 = AXIS2_PLACEMENT_3D ( 'NONE', #248, #268, #1633 ) ;
#3875 = AXIS2_PLACEMENT_3D ( 'NONE', #2730, #1696, #3807 ) ;
#3876 = CARTESIAN_POINT ( 'NONE',  ( 0.1499999999999999944, -1.039230484540999866, 14.86500000000000021 ) ) ;
#3877 = EDGE_LOOP ( 'NONE', ( #38, #4186, #2533, #1772, #2264 ) ) ;
#3878 = CARTESIAN_POINT ( 'NONE',  ( -0.7100000000000001865, 0.1251517750240631888, -5.884624424521484265 ) ) ;
#3879 = ORIENTED_EDGE ( 'NONE', *, *, #200, .F. ) ;
#3880 = SURFACE_STYLE_USAGE ( .BOTH. , #4321 ) ;
#3881 = CONICAL_SURFACE ( 'NONE', #2490, 0.7966025403783999481, 0.5235987755981996727 ) ;
#3882 = CARTESIAN_POINT ( 'NONE',  ( 6.349999999999999645, -4.750000000000000000, 0.1999724664463000123 ) ) ;
#3883 = CIRCLE ( 'NONE', #1918, 0.9900000000000001021 ) ;
#3884 = EDGE_CURVE ( 'NONE', #142, #873, #3771, .T. ) ;
#3885 = CARTESIAN_POINT ( 'NONE',  ( -4.749999999999999112, 6.349999999999999645, 2.100027533553999959 ) ) ;
#3886 = AXIS2_PLACEMENT_3D ( 'NONE', #4269, #2527, #3584 ) ;
#3887 = ORIENTED_EDGE ( 'NONE', *, *, #3708, .T. ) ;
#3888 = CARTESIAN_POINT ( 'NONE',  ( 0.000000000000000000, 0.000000000000000000, 18.30000000000000071 ) ) ;
#3889 = FACE_OUTER_BOUND ( 'NONE', #51, .T. ) ;
#3890 = UNCERTAINTY_MEASURE_WITH_UNIT (LENGTH_MEASURE( 1.000000000000000082E-05 ), #583, 'distance_accuracy_value', 'NONE');
#3891 = CIRCLE ( 'NONE', #2497, 1.049999999999999378 ) ;
#3892 = EDGE_CURVE ( 'NONE', #2332, #4101, #1168, .T. ) ;
#3893 = FACE_OUTER_BOUND ( 'NONE', #1063, .T. ) ;
#3894 =( GEOMETRIC_REPRESENTATION_CONTEXT ( 3 ) GLOBAL_UNCERTAINTY_ASSIGNED_CONTEXT ( ( #2198 ) ) GLOBAL_UNIT_ASSIGNED_CONTEXT ( ( #3179, #3064, #568 ) ) REPRESENTATION_CONTEXT ( 'NONE', 'WORKASPACE' ) );
#3895 = EDGE_LOOP ( 'NONE', ( #4146, #3384, #1777, #4435, #1238, #863 ) ) ;
#3896 = EDGE_CURVE ( 'NONE', #4428, #285, #2168, .T. ) ;
#3897 =( NAMED_UNIT ( * ) SI_UNIT ( $, .STERADIAN. ) SOLID_ANGLE_UNIT ( ) );
#3898 = DIRECTION ( 'NONE',  ( 0.000000000000000000, 0.000000000000000000, 1.000000000000000000 ) ) ;
#3899 =( NAMED_UNIT ( * ) PLANE_ANGLE_UNIT ( ) SI_UNIT ( $, .RADIAN. ) );
#3900 = LINE ( 'NONE', #1771, #1688 ) ;
#3901 = EDGE_LOOP ( 'NONE', ( #1050, #2486, #1345, #2162, #2818, #2042 ) ) ;
#3902 =( NAMED_UNIT ( * ) SI_UNIT ( $, .STERADIAN. ) SOLID_ANGLE_UNIT ( ) );
#3903 = CYLINDRICAL_SURFACE ( 'NONE', #941, 4.825000000000000178 ) ;
#3904 = ORIENTED_EDGE ( 'NONE', *, *, #4050, .F. ) ;
#3905 = CARTESIAN_POINT ( 'NONE',  ( -4.575000000000000178, 0.000000000000000000, 14.05999999999999872 ) ) ;
#3906 = ORIENTED_EDGE ( 'NONE', *, *, #1315, .F. ) ;
#3907 = DIRECTION ( 'NONE',  ( -1.000000000000000000, 0.000000000000000000, 0.000000000000000000 ) ) ;
#3908 = CARTESIAN_POINT ( 'NONE',  ( 4.825000000000000178, 0.000000000000000000, 2.864999999999999769 ) ) ;
#3909 = ORIENTED_EDGE ( 'NONE', *, *, #2460, .T. ) ;
#3910 = SURFACE_SIDE_STYLE ('',( #780 ) ) ;
#3911 = EDGE_CURVE ( 'NONE', #3614, #2098, #3363, .T. ) ;
#3912 = DIRECTION ( 'NONE',  ( -1.000000000000000000, 0.000000000000000000, 0.000000000000000000 ) ) ;
#3913 = LINE ( 'NONE', #2588, #4085 ) ;
#3915 = ORIENTED_EDGE ( 'NONE', *, *, #3354, .F. ) ;
#3914 = CARTESIAN_POINT ( 'NONE',  ( 0.000000000000000000, 0.000000000000000000, 2.299999999999999822 ) ) ;
#3916 = EDGE_CURVE ( 'NONE', #873, #142, #2084, .T. ) ;
#3917 = LINE ( 'NONE', #2549, #920 ) ;
#3918 = VECTOR ( 'NONE', #3709, 1000.000000000000000 ) ;
#3919 = CARTESIAN_POINT ( 'NONE',  ( 4.575000000000000178, 0.9617718549370595227, 14.06000000450239362 ) ) ;
#3920 = FILL_AREA_STYLE_COLOUR ( '', #1541 ) ;
#3921 = ORIENTED_EDGE ( 'NONE', *, *, #2434, .T. ) ;
#3922 = EDGE_CURVE ( 'NONE', #1182, #3610, #4065, .T. ) ;
#3923 = AXIS2_PLACEMENT_3D ( 'NONE', #3180, #2832, #4229 ) ;
#3924 = CARTESIAN_POINT ( 'NONE',  ( 5.487877967683999714, 0.3796546893290000391, 13.13878859515000030 ) ) ;
#3925 = PRESENTATION_LAYER_ASSIGNMENT (  '', '', ( #2901 ) ) ;
#3926 = ORIENTED_EDGE ( 'NONE', *, *, #3744, .T. ) ;
#3927 = CARTESIAN_POINT ( 'NONE',  ( 4.575000000000000178, -0.9715146960295999445, 13.86958152559000013 ) ) ;
#3928 = PRESENTATION_STYLE_ASSIGNMENT (( #3880 ) ) ;
#3929 = SURFACE_STYLE_FILL_AREA ( #4368 ) ;
#3930 = CARTESIAN_POINT ( 'NONE',  ( -4.575000000000000178, -0.9672111856603999858, 13.91182306159000071 ) ) ;
#3931 = EDGE_LOOP ( 'NONE', ( #2562, #958, #2610, #4018 ) ) ;
#3932 = FACE_OUTER_BOUND ( 'NONE', #4097, .T. ) ;
#3933 =( NAMED_UNIT ( * ) PLANE_ANGLE_UNIT ( ) SI_UNIT ( $, .RADIAN. ) );
#3934 = LINE ( 'NONE', #1491, #1119 ) ;
#3935 = UNCERTAINTY_MEASURE_WITH_UNIT (LENGTH_MEASURE( 1.000000000000000082E-05 ), #1572, 'distance_accuracy_value', 'NONE');
#3936 = SURFACE_SIDE_STYLE ('',( #4260 ) ) ;
#3938 = ORIENTED_EDGE ( 'NONE', *, *, #4054, .T. ) ;
#3937 = DIRECTION ( 'NONE',  ( 0.000000000000000000, -1.000000000000000000, 0.000000000000000000 ) ) ;
#3939 = DIRECTION ( 'NONE',  ( 1.000000000000000000, 0.000000000000000000, 0.000000000000000000 ) ) ;
#3940 = CARTESIAN_POINT ( 'NONE',  ( -4.575000000000000178, 1.532970971676000049, 12.08515823419000057 ) ) ;
#3941 = ADVANCED_FACE ( 'NONE', ( #4288 ), #4290, .F. ) ;
#3942 = CARTESIAN_POINT ( 'NONE',  ( -4.575000000000000178, -1.452754651421999776, 15.55846598697999994 ) ) ;
#3943 = ORIENTED_EDGE ( 'NONE', *, *, #3163, .T. ) ;
#3944 = DIRECTION ( 'NONE',  ( 0.000000000000000000, 0.000000000000000000, 1.000000000000000000 ) ) ;
#3945 = CIRCLE ( 'NONE', #4309, 1.599999999999999867 ) ;
#3946 = CARTESIAN_POINT ( 'NONE',  ( -4.575000000000000178, 1.532970971676000049, 15.69630681720000176 ) ) ;
#3947 = EDGE_CURVE ( 'NONE', #3115, #2964, #23, .T. ) ;
#3948 = CARTESIAN_POINT ( 'NONE',  ( -4.575000000000000178, 0.000000000000000000, 14.05999999999999872 ) ) ;
#3949 =( GEOMETRIC_REPRESENTATION_CONTEXT ( 3 ) GLOBAL_UNCERTAINTY_ASSIGNED_CONTEXT ( ( #2833 ) ) GLOBAL_UNIT_ASSIGNED_CONTEXT ( ( #4117, #3419, #964 ) ) REPRESENTATION_CONTEXT ( 'NONE', 'WORKASPACE' ) );
#3950 = VECTOR ( 'NONE', #4208, 1000.000000000000000 ) ;
#3951 = PLANE ( 'NONE',  #4105 ) ;
#3952 = VERTEX_POINT ( 'NONE', #3600 ) ;
#3953 = CARTESIAN_POINT ( 'NONE',  ( 0.1499999999999999944, -2.102463143792000277, 14.86500000000000021 ) ) ;
#3954 = DIRECTION ( 'NONE',  ( 0.9481865284974227981, 0.3177141910208074460, 0.000000000000000000 ) ) ;
#3955 = STYLED_ITEM ( 'NONE', ( #3011 ), #2031 ) ;
#3956 = CIRCLE ( 'NONE', #60, 2.499999999999999556 ) ;
#3957 = ORIENTED_EDGE ( 'NONE', *, *, #4419, .T. ) ;
#3958 = CIRCLE ( 'NONE', #2782, 1.599999999999999867 ) ;
#3959 = CARTESIAN_POINT ( 'NONE',  ( -1.243449787579999883E-14, -1.487698852997999749E-14, 7.200001182111000375 ) ) ;
#3960 = COLOUR_RGB ( '',1.000000000000000000, 1.000000000000000000, 1.000000000000000000 ) ;
#3961 = DIRECTION ( 'NONE',  ( 0.000000000000000000, 0.000000000000000000, 1.000000000000000000 ) ) ;
#3962 = CIRCLE ( 'NONE', #2213, 1.799969025285000024 ) ;
#3963 = DIRECTION ( 'NONE',  ( 0.000000000000000000, 0.000000000000000000, 1.000000000000000000 ) ) ;
#3964 = VERTEX_POINT ( 'NONE', #1470 ) ;
#3965 = DIRECTION ( 'NONE',  ( 0.000000000000000000, 0.000000000000000000, 1.000000000000000000 ) ) ;
#3966 = CARTESIAN_POINT ( 'NONE',  ( 6.349999999999999645, -6.349999999999999645, 2.200014624412999886 ) ) ;
#3967 = DIRECTION ( 'NONE',  ( -1.000000000000000000, 0.000000000000000000, 0.000000000000000000 ) ) ;
#3968 = FACE_OUTER_BOUND ( 'NONE', #2855, .T. ) ;
#3969 = ORIENTED_EDGE ( 'NONE', *, *, #1458, .F. ) ;
#3970 = CARTESIAN_POINT ( 'NONE',  ( -4.825000000000000178, 0.2816412431760054180, 11.55999999999999517 ) ) ;
#3971 = EDGE_CURVE ( 'NONE', #4413, #2645, #2382, .T. ) ;
#3972 = CONICAL_SURFACE ( 'NONE', #3675, 1.699985370263999318, 0.7853895592358033362 ) ;
#3973 = CARTESIAN_POINT ( 'NONE',  ( 4.575000000000000178, -0.9672111853439000484, 14.20817693530000092 ) ) ;
#3974 = LINE ( 'NONE', #1799, #3528 ) ;
#3975 = ORIENTED_EDGE ( 'NONE', *, *, #1116, .F. ) ;
#3976 = CARTESIAN_POINT ( 'NONE',  ( -0.2572263676835983559, 0.6628846839498763188, -6.843191307605379414 ) ) ;
#3977 = ORIENTED_EDGE ( 'NONE', *, *, #446, .F. ) ;
#3978 = B_SPLINE_CURVE_WITH_KNOTS ( 'NONE', 3,
 ( #3143, #1675, #1313, #968, #3809, #3785, #624, #2041, #3094, #2412, #3589, #1408, #1506, #1776, #4245, #3924, #398, #2161, #1107 ),
 .UNSPECIFIED., .F., .F.,
 ( 4, 1, 1, 1, 1, 1, 1, 1, 1, 1, 1, 1, 1, 1, 1, 1, 4 ),
 ( 0.000000000000000000, 0.06250000000000000000, 0.1250000000000000000, 0.1875000000000000000, 0.2500000000000000000, 0.3125000000000000000, 0.3750000000000000000, 0.4375000000000000000, 0.5000000000000000000, 0.5625000000000000000, 0.6250000000000000000, 0.6875000000000000000, 0.7500000000000000000, 0.8125000000000000000, 0.8750000000000000000, 0.9375000000000000000, 1.000000000000000000 ),
 .UNSPECIFIED. ) ;
#3979 = EDGE_CURVE ( 'NONE', #4536, #1276, #763, .T. ) ;
#3980 = CARTESIAN_POINT ( 'NONE',  ( 0.000000000000000000, 0.000000000000000000, 14.56499999999999950 ) ) ;
#3981 = ORIENTED_EDGE ( 'NONE', *, *, #2994, .F. ) ;
#3982 = FACE_OUTER_BOUND ( 'NONE', #905, .T. ) ;
#3983 = FILL_AREA_STYLE_COLOUR ( '', #1997 ) ;
#3984 = EDGE_CURVE ( 'NONE', #306, #750, #170, .T. ) ;
#3985 = CARTESIAN_POINT ( 'NONE',  ( 4.575000000000000178, 1.452714651913999955, 12.56160274673000110 ) ) ;
#3986 = FILL_AREA_STYLE_COLOUR ( '', #4380 ) ;
#3987 = ORIENTED_EDGE ( 'NONE', *, *, #179, .T. ) ;
#3988 = CARTESIAN_POINT ( 'NONE',  ( -5.500000000000000000, -0.06431689186353999055, 15.04999999999999893 ) ) ;
#3989 =( NAMED_UNIT ( * ) PLANE_ANGLE_UNIT ( ) SI_UNIT ( $, .RADIAN. ) );
#3990 = DIRECTION ( 'NONE',  ( 0.000000000000000000, 0.000000000000000000, -1.000000000000000000 ) ) ;
#3991 = ORIENTED_EDGE ( 'NONE', *, *, #4447, .F. ) ;
#3992 = PLANE ( 'NONE',  #3376 ) ;
#3993 = DIRECTION ( 'NONE',  ( 0.000000000000000000, 0.000000000000000000, -1.000000000000000000 ) ) ;
#3994 = AXIS2_PLACEMENT_3D ( 'NONE', #1876, #114, #1514 ) ;
#3995 = EDGE_CURVE ( 'NONE', #3420, #2053, #336, .T. ) ;
#3996 = ORIENTED_EDGE ( 'NONE', *, *, #3830, .T. ) ;
#3997 = DIRECTION ( 'NONE',  ( 0.000000000000000000, 0.000000000000000000, 1.000000000000000000 ) ) ;
#3998 = DIRECTION ( 'NONE',  ( 0.000000000000000000, 0.000000000000000000, 1.000000000000000000 ) ) ;
#3999 =( GEOMETRIC_REPRESENTATION_CONTEXT ( 3 ) GLOBAL_UNCERTAINTY_ASSIGNED_CONTEXT ( ( #1877 ) ) GLOBAL_UNIT_ASSIGNED_CONTEXT ( ( #1424, #2449, #3897 ) ) REPRESENTATION_CONTEXT ( 'NONE', 'WORKASPACE' ) );
#4000 =( LENGTH_UNIT ( ) NAMED_UNIT ( * ) SI_UNIT ( .MILLI., .METRE. ) );
#4001 = AXIS2_PLACEMENT_3D ( 'NONE', #2606, #4392, #3638 ) ;
#4002 = EDGE_CURVE ( 'NONE', #64, #524, #1571, .T. ) ;
#4003 = EDGE_CURVE ( 'NONE', #3610, #1052, #664, .T. ) ;
#4004 = ORIENTED_EDGE ( 'NONE', *, *, #3708, .F. ) ;
#4005 = LINE ( 'NONE', #1490, #2225 ) ;
#4006 = CARTESIAN_POINT ( 'NONE',  ( 4.575000000000000178, 0.000000000000000000, 14.05999999999999872 ) ) ;
#4007 = DIRECTION ( 'NONE',  ( 0.000000000000000000, 0.000000000000000000, 1.000000000000000000 ) ) ;
#4008 = EDGE_CURVE ( 'NONE', #4382, #3813, #463, .T. ) ;
#4009 = DIRECTION ( 'NONE',  ( 0.000000000000000000, -1.000000000000000000, 0.000000000000000000 ) ) ;
#4010 = ORIENTED_EDGE ( 'NONE', *, *, #1534, .F. ) ;
#4011 = CARTESIAN_POINT ( 'NONE',  ( -5.409004493633999822, -0.9962873734164999773, 14.05999494156000118 ) ) ;
#4012 = DIRECTION ( 'NONE',  ( 0.000000000000000000, -1.000000000000000000, 0.000000000000000000 ) ) ;
#4013 = ORIENTED_EDGE ( 'NONE', *, *, #1124, .F. ) ;
#4014 = PLANE ( 'NONE',  #2422 ) ;
#4015 = VECTOR ( 'NONE', #3963, 1000.000000000000000 ) ;
#4016 = DIRECTION ( 'NONE',  ( 0.000000000000000000, 0.000000000000000000, 1.000000000000000000 ) ) ;
#4017 =( LENGTH_UNIT ( ) NAMED_UNIT ( * ) SI_UNIT ( .MILLI., .METRE. ) );
#4018 = ORIENTED_EDGE ( 'NONE', *, *, #4287, .F. ) ;
#4019 = CARTESIAN_POINT ( 'NONE',  ( 0.000000000000000000, 0.000000000000000000, 7.100002407777000535 ) ) ;
#4020 =( GEOMETRIC_REPRESENTATION_CONTEXT ( 3 ) GLOBAL_UNCERTAINTY_ASSIGNED_CONTEXT ( ( #1165 ) ) GLOBAL_UNIT_ASSIGNED_CONTEXT ( ( #4110, #1169, #1845 ) ) REPRESENTATION_CONTEXT ( 'NONE', 'WORKASPACE' ) );
#4021 = CARTESIAN_POINT ( 'NONE',  ( 4.575000000000000178, 1.532970971676685057, 12.08515823418770374 ) ) ;
#4022 = FILL_AREA_STYLE_COLOUR ( '', #1411 ) ;
#4023 =( GEOMETRIC_REPRESENTATION_CONTEXT ( 3 ) GLOBAL_UNCERTAINTY_ASSIGNED_CONTEXT ( ( #1398 ) ) GLOBAL_UNIT_ASSIGNED_CONTEXT ( ( #3570, #1156, #2582 ) ) REPRESENTATION_CONTEXT ( 'NONE', 'WORKASPACE' ) );
#4024 = STYLED_ITEM ( 'NONE', ( #359 ), #610 ) ;
#4025 = EDGE_LOOP ( 'NONE', ( #2095, #2260, #542, #3331, #1076 ) ) ;
#4026 = FILL_AREA_STYLE_COLOUR ( '', #136 ) ;
#4027 = COLOUR_RGB ( '',1.000000000000000000, 1.000000000000000000, 1.000000000000000000 ) ;
#4028 =( NAMED_UNIT ( * ) SI_UNIT ( $, .STERADIAN. ) SOLID_ANGLE_UNIT ( ) );
#4029 = AXIS2_PLACEMENT_3D ( 'NONE', #1989, #3392, #1303 ) ;
#4030 = EDGE_CURVE ( 'NONE', #1796, #4440, #408, .T. ) ;
#4031 = CARTESIAN_POINT ( 'NONE',  ( -7.479999999999999538, -7.479999999999999538, 2.342597802630999926 ) ) ;
#4032 = ORIENTED_EDGE ( 'NONE', *, *, #2975, .T. ) ;
#4033 = EDGE_CURVE ( 'NONE', #2279, #211, #1949, .T. ) ;
#4034 = STYLED_ITEM ( 'NONE', ( #4192 ), #2404 ) ;
#4035 = STYLED_ITEM ( 'NONE', ( #288 ), #1525 ) ;
#4036 = CARTESIAN_POINT ( 'NONE',  ( -6.349999999999999645, -6.349999999999999645, 2.100027533553999959 ) ) ;
#4037 =( GEOMETRIC_REPRESENTATION_CONTEXT ( 3 ) GLOBAL_UNCERTAINTY_ASSIGNED_CONTEXT ( ( #75 ) ) GLOBAL_UNIT_ASSIGNED_CONTEXT ( ( #3762, #655, #4195 ) ) REPRESENTATION_CONTEXT ( 'NONE', 'WORKASPACE' ) );
#4038 = CARTESIAN_POINT ( 'NONE',  ( 0.000000000000000000, 0.000000000000000000, 17.80000000000000071 ) ) ;
#4039 = VERTEX_POINT ( 'NONE', #3236 ) ;
#4040 = EDGE_CURVE ( 'NONE', #2210, #3660, #4257, .T. ) ;
#4041 = CIRCLE ( 'NONE', #2648, 1.269999999999999352 ) ;
#4042 = CARTESIAN_POINT ( 'NONE',  ( 4.575000000000000178, -0.9617718549370594117, 14.05999999549683643 ) ) ;
#4043 = FACE_OUTER_BOUND ( 'NONE', #2453, .T. ) ;
#4044 = ORIENTED_EDGE ( 'NONE', *, *, #1952, .F. ) ;
#4045 = SURFACE_SIDE_STYLE ('',( #197 ) ) ;
#4046 = ORIENTED_EDGE ( 'NONE', *, *, #2737, .T. ) ;
#4047 = DIRECTION ( 'NONE',  ( 0.000000000000000000, 0.000000000000000000, 1.000000000000000000 ) ) ;
#4048 = LINE ( 'NONE', #3360, #3005 ) ;
#4049 = CARTESIAN_POINT ( 'NONE',  ( 0.1499999999999999944, -1.039230484540999866, 10.56499999999999950 ) ) ;
#4050 = EDGE_CURVE ( 'NONE', #4198, #2585, #3575, .T. ) ;
#4051 = ORIENTED_EDGE ( 'NONE', *, *, #1310, .F. ) ;
#4052 = CARTESIAN_POINT ( 'NONE',  ( 8.750000000000000000, -8.750000000000000000, 0.000000000000000000 ) ) ;
#4053 = ORIENTED_EDGE ( 'NONE', *, *, #276, .T. ) ;
#4054 = EDGE_CURVE ( 'NONE', #1999, #1030, #3934, .T. ) ;
#4055 = DIRECTION ( 'NONE',  ( 0.000000000000000000, 0.000000000000000000, 1.000000000000000000 ) ) ;
#4056 = VERTEX_POINT ( 'NONE', #4373 ) ;
#4057 = CYLINDRICAL_SURFACE ( 'NONE', #3839, 0.7099999999999999645 ) ;
#4058 = ADVANCED_FACE ( 'NONE', ( #116, #1927 ), #3282, .F. ) ;
#4059 = SURFACE_SIDE_STYLE ('',( #883 ) ) ;
#4060 = ORIENTED_EDGE ( 'NONE', *, *, #3655, .T. ) ;
#4061 = DIRECTION ( 'NONE',  ( 0.000000000000000000, 0.000000000000000000, 1.000000000000000000 ) ) ;
#4062 = DIRECTION ( 'NONE',  ( -1.000000000000000000, 0.000000000000000000, 0.000000000000000000 ) ) ;
#4063 =( GEOMETRIC_REPRESENTATION_CONTEXT ( 3 ) GLOBAL_UNCERTAINTY_ASSIGNED_CONTEXT ( ( #3789 ) ) GLOBAL_UNIT_ASSIGNED_CONTEXT ( ( #3511, #1326, #2547 ) ) REPRESENTATION_CONTEXT ( 'NONE', 'WORKASPACE' ) );
#4064 = VECTOR ( 'NONE', #2556, 1000.000000000000000 ) ;
#4065 = CIRCLE ( 'NONE', #1644, 2.499999999999999556 ) ;
#4066 = ORIENTED_EDGE ( 'NONE', *, *, #1116, .T. ) ;
#4067 = CARTESIAN_POINT ( 'NONE',  ( 7.479999999999999538, -8.750000000000000000, 2.299999999999999822 ) ) ;
#4068 = LINE ( 'NONE', #4415, #3599 ) ;
#4069 = SURFACE_STYLE_USAGE ( .BOTH. , #3099 ) ;
#4070 = CIRCLE ( 'NONE', #4438, 0.7099999999999999645 ) ;
#4071 = CARTESIAN_POINT ( 'NONE',  ( 6.349999999999999645, -4.650014629735999883, 0.09998537558667000558 ) ) ;
#4073 = ORIENTED_EDGE ( 'NONE', *, *, #582, .T. ) ;
#4072 = CARTESIAN_POINT ( 'NONE',  ( 0.000000000000000000, 0.000000000000000000, 14.86500000000000021 ) ) ;
#4074 = AXIS2_PLACEMENT_3D ( 'NONE', #1580, #1856, #2622 ) ;
#4075 = B_SPLINE_CURVE_WITH_KNOTS ( 'NONE', 3,
 ( #3452, #1720, #2367, #3114, #3403, #1332, #927, #1626, #990, #2348, #3743, #576, #1699, #599, #2408, #4511, #2326, #238, #3053 ),
 .UNSPECIFIED., .F., .F.,
 ( 4, 1, 1, 1, 1, 1, 1, 1, 1, 1, 1, 1, 1, 1, 1, 1, 4 ),
 ( 0.000000000000000000, 0.06250000000000000000, 0.1250000000000000000, 0.1875000000000000000, 0.2500000000000000000, 0.3125000000000000000, 0.3750000000000000000, 0.4375000000000000000, 0.5000000000000000000, 0.5625000000000000000, 0.6250000000000000000, 0.6875000000000000000, 0.7500000000000000000, 0.8125000000000000000, 0.8750000000000000000, 0.9375000000000000000, 1.000000000000000000 ),
 .UNSPECIFIED. ) ;
#4076 = CARTESIAN_POINT ( 'NONE',  ( -0.8104160582214000597, -0.1499999999999999944, 14.76272649346999977 ) ) ;
#4077 = CARTESIAN_POINT ( 'NONE',  ( 0.1499999999999999944, 1.039230484540999866, 10.56499999999999950 ) ) ;
#4078 = ORIENTED_EDGE ( 'NONE', *, *, #1698, .F. ) ;
#4079 = EDGE_CURVE ( 'NONE', #4382, #4301, #2293, .T. ) ;
#4080 = DIRECTION ( 'NONE',  ( 0.000000000000000000, 0.000000000000000000, 1.000000000000000000 ) ) ;
#4081 = CARTESIAN_POINT ( 'NONE',  ( 0.000000000000000000, 0.000000000000000000, 18.30000000000000071 ) ) ;
#4082 = ORIENTED_EDGE ( 'NONE', *, *, #1031, .F. ) ;
#4083 = FILL_AREA_STYLE_COLOUR ( '', #2284 ) ;
#4084 = FACE_BOUND ( 'NONE', #132, .T. ) ;
#4085 = VECTOR ( 'NONE', #1443, 1000.000000000000000 ) ;
#4086 = EDGE_CURVE ( 'NONE', #2519, #2192, #2273, .T. ) ;
#4087 = CYLINDRICAL_SURFACE ( 'NONE', #24, 1.599999999999999867 ) ;
#4088 = ORIENTED_EDGE ( 'NONE', *, *, #694, .T. ) ;
#4089 = DIRECTION ( 'NONE',  ( 1.000000000000000000, 0.000000000000000000, 0.000000000000000000 ) ) ;
#4090 = DIRECTION ( 'NONE',  ( 0.000000000000000000, 0.000000000000000000, 1.000000000000000000 ) ) ;
#4091 =( GEOMETRIC_REPRESENTATION_CONTEXT ( 3 ) GLOBAL_UNCERTAINTY_ASSIGNED_CONTEXT ( ( #2149 ) ) GLOBAL_UNIT_ASSIGNED_CONTEXT ( ( #4225, #342, #1444 ) ) REPRESENTATION_CONTEXT ( 'NONE', 'WORKASPACE' ) );
#4092 = DIRECTION ( 'NONE',  ( 0.000000000000000000, 0.000000000000000000, -1.000000000000000000 ) ) ;
#4093 = ORIENTED_EDGE ( 'NONE', *, *, #2423, .F. ) ;
#4094 = PRESENTATION_LAYER_ASSIGNMENT (  '', '', ( #1757 ) ) ;
#4095 =( GEOMETRIC_REPRESENTATION_CONTEXT ( 3 ) GLOBAL_UNCERTAINTY_ASSIGNED_CONTEXT ( ( #3792 ) ) GLOBAL_UNIT_ASSIGNED_CONTEXT ( ( #1743, #325, #1067 ) ) REPRESENTATION_CONTEXT ( 'NONE', 'WORKASPACE' ) );
#4096 = CARTESIAN_POINT ( 'NONE',  ( 0.000000000000000000, 0.000000000000000000, -3.600000000000000089 ) ) ;
#4097 = EDGE_LOOP ( 'NONE', ( #17, #1993, #1577, #3981 ) ) ;
#4098 = CIRCLE ( 'NONE', #3311, 3.850000000000000089 ) ;
#4099 = CARTESIAN_POINT ( 'NONE',  ( -4.575000000000000178, -1.020420840477000102, 13.55324022713000076 ) ) ;
#4100 = SURFACE_STYLE_USAGE ( .BOTH. , #1646 ) ;
#4101 = VERTEX_POINT ( 'NONE', #140 ) ;
#4102 = EDGE_CURVE ( 'NONE', #149, #642, #3656, .T. ) ;
#4103 = SURFACE_STYLE_FILL_AREA ( #1330 ) ;
#4104 = SURFACE_STYLE_FILL_AREA ( #3829 ) ;
#4105 = AXIS2_PLACEMENT_3D ( 'NONE', #1535, #3028, #154 ) ;
#4106 = CARTESIAN_POINT ( 'NONE',  ( 4.710261831077446004, 1.079155759773687162, 16.33202929572602002 ) ) ;
#4107 = EDGE_LOOP ( 'NONE', ( #3038, #3003, #3535, #3977, #1323, #4171 ) ) ;
#4108 = ADVANCED_FACE ( 'NONE', ( #2993 ), #1722, .F. ) ;
#4109 = CARTESIAN_POINT ( 'NONE',  ( 0.000000000000000000, 0.000000000000000000, -9.563250000000000028 ) ) ;
#4110 =( LENGTH_UNIT ( ) NAMED_UNIT ( * ) SI_UNIT ( .MILLI., .METRE. ) );
#4111 = ORIENTED_EDGE ( 'NONE', *, *, #2119, .T. ) ;
#4112 = ADVANCED_FACE ( 'NONE', ( #475 ), #2021, .F. ) ;
#4113 = ORIENTED_EDGE ( 'NONE', *, *, #1435, .F. ) ;
#4114 = ORIENTED_EDGE ( 'NONE', *, *, #3127, .T. ) ;
#4115 = CARTESIAN_POINT ( 'NONE',  ( -0.4711436491223616185, 0.9417685054322523230, -6.318331747392130993 ) ) ;
#4116 = DIRECTION ( 'NONE',  ( 1.000000000000000000, 0.000000000000000000, 0.000000000000000000 ) ) ;
#4117 =( LENGTH_UNIT ( ) NAMED_UNIT ( * ) SI_UNIT ( .MILLI., .METRE. ) );
#4118 =( NAMED_UNIT ( * ) PLANE_ANGLE_UNIT ( ) SI_UNIT ( $, .RADIAN. ) );
#4119 = EDGE_LOOP ( 'NONE', ( #1432, #1620, #3042, #1350 ) ) ;
#4120 = DIRECTION ( 'NONE',  ( -1.000000000000000000, 0.000000000000000000, 0.000000000000000000 ) ) ;
#4121 = CARTESIAN_POINT ( 'NONE',  ( 4.825000000000001066, -0.2816412431760058066, 11.56000000000000050 ) ) ;
#4122 = DIRECTION ( 'NONE',  ( 0.000000000000000000, 1.000000000000000000, 0.000000000000000000 ) ) ;
#4123 = ORIENTED_EDGE ( 'NONE', *, *, #2886, .T. ) ;
#4124 = CARTESIAN_POINT ( 'NONE',  ( -0.1499999999999999944, 0.8703741808410999647, 14.86500000000000021 ) ) ;
#4125 = DIRECTION ( 'NONE',  ( 1.000000000000000000, 0.000000000000000000, 0.000000000000000000 ) ) ;
#4126 = EDGE_CURVE ( 'NONE', #1060, #4399, #1543, .T. ) ;
#4127 = ADVANCED_FACE ( 'NONE', ( #2669 ), #4213, .F. ) ;
#4128 = AXIS2_PLACEMENT_3D ( 'NONE', #1575, #528, #3993 ) ;
#4129 = ORIENTED_EDGE ( 'NONE', *, *, #4188, .T. ) ;
#4130 = CYLINDRICAL_SURFACE ( 'NONE', #3519, 3.550000000000000266 ) ;
#4131 = AXIS2_PLACEMENT_3D ( 'NONE', #3242, #1884, #1522 ) ;
#4132 = ADVANCED_FACE ( 'NONE', ( #4496 ), #764, .F. ) ;
#4133 = ORIENTED_EDGE ( 'NONE', *, *, #3616, .F. ) ;
#4134 = MECHANICAL_DESIGN_GEOMETRIC_PRESENTATION_REPRESENTATION (  '', ( #2901 ), #2824 ) ;
#4135 = ORIENTED_EDGE ( 'NONE', *, *, #3896, .T. ) ;
#4136 = LINE ( 'NONE', #592, #2906 ) ;
#4137 = DIRECTION ( 'NONE',  ( 0.000000000000000000, 0.000000000000000000, -1.000000000000000000 ) ) ;
#4138 = CARTESIAN_POINT ( 'NONE',  ( -6.349999999999999645, -6.349999999999999645, 2.200014624412999886 ) ) ;
#4139 = CARTESIAN_POINT ( 'NONE',  ( -4.575000000000000178, 1.307166598345000041, 15.29183873284999962 ) ) ;
#4140 = ORIENTED_EDGE ( 'NONE', *, *, #3778, .T. ) ;
#4141 = CARTESIAN_POINT ( 'NONE',  ( 4.825000000000000178, 0.000000000000000000, 18.30000000000000071 ) ) ;
#4142 = CARTESIAN_POINT ( 'NONE',  ( 0.000000000000000000, 0.000000000000000000, 0.000000000000000000 ) ) ;
#4143 = PRESENTATION_STYLE_ASSIGNMENT (( #4170 ) ) ;
#4144 = EDGE_LOOP ( 'NONE', ( #569, #3131 ) ) ;
#4145 = DIRECTION ( 'NONE',  ( 0.000000000000000000, 0.000000000000000000, 1.000000000000000000 ) ) ;
#4146 = ORIENTED_EDGE ( 'NONE', *, *, #158, .F. ) ;
#4147 = DIRECTION ( 'NONE',  ( 0.000000000000000000, 0.000000000000000000, 1.000000000000000000 ) ) ;
#4148 = DIRECTION ( 'NONE',  ( -1.000000000000000000, 0.000000000000000000, 0.000000000000000000 ) ) ;
#4149 = CARTESIAN_POINT ( 'NONE',  ( -0.7099999999999999645, 0.000000000000000000, -9.563250000000000028 ) ) ;
#4150 = EDGE_LOOP ( 'NONE', ( #3357, #1246, #3265, #4004, #4044 ) ) ;
#4151 = CARTESIAN_POINT ( 'NONE',  ( 4.825000000000000178, 0.000000000000000000, 11.55999999999999872 ) ) ;
#4152 = EDGE_CURVE ( 'NONE', #939, #2990, #2542, .T. ) ;
#4153 =( GEOMETRIC_REPRESENTATION_CONTEXT ( 3 ) GLOBAL_UNCERTAINTY_ASSIGNED_CONTEXT ( ( #611 ) ) GLOBAL_UNIT_ASSIGNED_CONTEXT ( ( #3817, #2657, #877 ) ) REPRESENTATION_CONTEXT ( 'NONE', 'WORKASPACE' ) );
#4154 = CIRCLE ( 'NONE', #58, 1.600000000000000755 ) ;
#4155 = PRESENTATION_LAYER_ASSIGNMENT (  '', '', ( #4024 ) ) ;
#4156 = CARTESIAN_POINT ( 'NONE',  ( -8.750000000000000000, -7.479999999999999538, 0.000000000000000000 ) ) ;
#4157 = ORIENTED_EDGE ( 'NONE', *, *, #577, .F. ) ;
#4158 = EDGE_CURVE ( 'NONE', #2327, #4536, #289, .T. ) ;
#4159 =( NAMED_UNIT ( * ) PLANE_ANGLE_UNIT ( ) SI_UNIT ( $, .RADIAN. ) );
#4160 = CIRCLE ( 'NONE', #1528, 5.300002320222001018 ) ;
#4161 = AXIS2_PLACEMENT_3D ( 'NONE', #940, #3769, #2740 ) ;
#4162 = CARTESIAN_POINT ( 'NONE',  ( 0.6939740629158999141, 0.1499999999999999944, 14.56499999999999950 ) ) ;
#4163 = AXIS2_PLACEMENT_3D ( 'NONE', #1742, #3093, #650 ) ;
#4164 = CONICAL_SURFACE ( 'NONE', #424, 1.699985370264000206, 0.7853895592358033362 ) ;
#4165 = FACE_OUTER_BOUND ( 'NONE', #1105, .T. ) ;
#4166 = ORIENTED_EDGE ( 'NONE', *, *, #120, .T. ) ;
#4167 =( LENGTH_UNIT ( ) NAMED_UNIT ( * ) SI_UNIT ( .MILLI., .METRE. ) );
#4168 = CARTESIAN_POINT ( 'NONE',  ( 6.349999999999999645, 6.349999999999999645, 0.09998537558667000558 ) ) ;
#4169 = VECTOR ( 'NONE', #3783, 1000.000000000000000 ) ;
#4170 = SURFACE_STYLE_USAGE ( .BOTH. , #1358 ) ;
#4171 = ORIENTED_EDGE ( 'NONE', *, *, #3586, .F. ) ;
#4172 = CIRCLE ( 'NONE', #2351, 0.7099999999999999645 ) ;
#4173 = PLANE ( 'NONE',  #3803 ) ;
#4174 = ORIENTED_EDGE ( 'NONE', *, *, #1492, .T. ) ;
#4175 = DIRECTION ( 'NONE',  ( -1.000000000000000000, 0.000000000000000000, 0.000000000000000000 ) ) ;
#4176 = DIRECTION ( 'NONE',  ( 1.000000000000000000, 0.000000000000000000, 0.000000000000000000 ) ) ;
#4177 = CARTESIAN_POINT ( 'NONE',  ( -1.039230484540999866, 0.1499999999999999944, 10.56499999999999950 ) ) ;
#4178 = ORIENTED_EDGE ( 'NONE', *, *, #4050, .T. ) ;
#4179 = CARTESIAN_POINT ( 'NONE',  ( 0.000000000000000000, 0.000000000000000000, 14.05999999999999872 ) ) ;
#4180 = PRESENTATION_LAYER_ASSIGNMENT (  '', '', ( #146 ) ) ;
#4181 = CARTESIAN_POINT ( 'NONE',  ( -4.575000000000000178, 0.9617718548854485849, 14.08119502923824484 ) ) ;
#4182 = ADVANCED_FACE ( 'NONE', ( #3387 ), #3406, .F. ) ;
#4183 = EDGE_LOOP ( 'NONE', ( #3755, #2713, #2359, #1109, #2719, #3274 ) ) ;
#4185 = EDGE_LOOP ( 'NONE', ( #459, #3678, #2 ) ) ;
#4184 = FACE_OUTER_BOUND ( 'NONE', #740, .T. ) ;
#4186 = ORIENTED_EDGE ( 'NONE', *, *, #2660, .T. ) ;
#4187 = CARTESIAN_POINT ( 'NONE',  ( -1.049999912548859937, 0.1571817430533823667, -5.400000109626351019 ) ) ;
#4188 = EDGE_CURVE ( 'NONE', #792, #2634, #2173, .T. ) ;
#4189 = DIRECTION ( 'NONE',  ( -1.000000000000000000, 0.000000000000000000, 0.000000000000000000 ) ) ;
#4190 = CARTESIAN_POINT ( 'NONE',  ( -4.575000000000000178, 0.9819404818972000681, 14.35275381727000088 ) ) ;
#4191 = EDGE_LOOP ( 'NONE', ( #1212, #3943, #3850, #745, #292 ) ) ;
#4192 = PRESENTATION_STYLE_ASSIGNMENT (( #1717 ) ) ;
#4193 = CARTESIAN_POINT ( 'NONE',  ( -6.349999999999999645, 4.750000000000000000, 0.1999724664463000123 ) ) ;
#4194 = ADVANCED_FACE ( 'NONE', ( #1296 ), #1953, .F. ) ;
#4195 =( NAMED_UNIT ( * ) SI_UNIT ( $, .STERADIAN. ) SOLID_ANGLE_UNIT ( ) );
#4196 = ORIENTED_EDGE ( 'NONE', *, *, #153, .F. ) ;
#4197 = DIRECTION ( 'NONE',  ( 0.000000000000000000, 0.000000000000000000, -1.000000000000000000 ) ) ;
#4198 = VERTEX_POINT ( 'NONE', #2736 ) ;
#4199 = DIRECTION ( 'NONE',  ( 0.000000000000000000, 0.000000000000000000, 1.000000000000000000 ) ) ;
#4200 = CARTESIAN_POINT ( 'NONE',  ( -1.905824131322174993E-18, -0.7099999999999997424, -8.154330551423628393 ) ) ;
#4201 = CARTESIAN_POINT ( 'NONE',  ( -4.137499999999999289, 5.066976131472173460E-16, 13.84499999999999886 ) ) ;
#4202 = ORIENTED_EDGE ( 'NONE', *, *, #452, .F. ) ;
#4203 = DIRECTION ( 'NONE',  ( 0.000000000000000000, 0.000000000000000000, 1.000000000000000000 ) ) ;
#4204 = CARTESIAN_POINT ( 'NONE',  ( 6.349999999999999645, -6.349999999999999645, 0.000000000000000000 ) ) ;
#4205 = UNCERTAINTY_MEASURE_WITH_UNIT (LENGTH_MEASURE( 1.000000000000000082E-05 ), #2899, 'distance_accuracy_value', 'NONE');
#4206 = CIRCLE ( 'NONE', #2014, 1.599999999999999867 ) ;
#4207 = ORIENTED_EDGE ( 'NONE', *, *, #2904, .F. ) ;
#4209 = ORIENTED_EDGE ( 'NONE', *, *, #1256, .T. ) ;
#4208 = DIRECTION ( 'NONE',  ( -1.000000000000000000, 0.000000000000000000, 0.000000000000000000 ) ) ;
#4210 = AXIS2_PLACEMENT_3D ( 'NONE', #2079, #2795, #716 ) ;
#4211 = DIRECTION ( 'NONE',  ( 0.000000000000000000, 0.000000000000000000, 1.000000000000000000 ) ) ;
#4212 = CARTESIAN_POINT ( 'NONE',  ( 4.575000000000000178, -0.9672111856584999501, 13.91182306161000071 ) ) ;
#4213 = CONICAL_SURFACE ( 'NONE', #3414, 0.3659831962560999852, 1.047197551196400456 ) ;
#4214 = CARTESIAN_POINT ( 'NONE',  ( 1.434238423672000051, 0.1499999999999999944, 14.86500000000000021 ) ) ;
#4215 =( LENGTH_UNIT ( ) NAMED_UNIT ( * ) SI_UNIT ( .MILLI., .METRE. ) );
#4216 = ORIENTED_EDGE ( 'NONE', *, *, #2224, .F. ) ;
#4217 = CARTESIAN_POINT ( 'NONE',  ( 4.575000000000000178, 0.9715146960295999445, 13.86958152558000101 ) ) ;
#4218 = ADVANCED_FACE ( 'NONE', ( #3722 ), #2416, .F. ) ;
#4219 = CARTESIAN_POINT ( 'NONE',  ( -4.575000000000000178, -0.9715146960295999445, 13.86958152558000101 ) ) ;
#4220 = CARTESIAN_POINT ( 'NONE',  ( 0.000000000000000000, 0.000000000000000000, 0.000000000000000000 ) ) ;
#4221 = EDGE_LOOP ( 'NONE', ( #3322, #2765, #2666, #522, #965 ) ) ;
#4222 = CARTESIAN_POINT ( 'NONE',  ( -0.1499999999999999944, 0.6939740629158999141, 14.56499999999999950 ) ) ;
#4223 = EDGE_CURVE ( 'NONE', #2979, #3184, #2046, .T. ) ;
#4224 = DIRECTION ( 'NONE',  ( 0.000000000000000000, 0.000000000000000000, 1.000000000000000000 ) ) ;
#4225 =( LENGTH_UNIT ( ) NAMED_UNIT ( * ) SI_UNIT ( .MILLI., .METRE. ) );
#4226 = ORIENTED_EDGE ( 'NONE', *, *, #729, .F. ) ;
#4227 = CARTESIAN_POINT ( 'NONE',  ( 4.749999999999999112, -6.349999999999999645, 0.1999724664463000123 ) ) ;
#4228 = DIRECTION ( 'NONE',  ( 0.000000000000000000, 0.000000000000000000, 1.000000000000000000 ) ) ;
#4229 = DIRECTION ( 'NONE',  ( -1.000000000000000000, 0.000000000000000000, 0.000000000000000000 ) ) ;
#4230 = CIRCLE ( 'NONE', #2032, 5.500000000000000000 ) ;
#4231 = ORIENTED_EDGE ( 'NONE', *, *, #3538, .T. ) ;
#4232 = CIRCLE ( 'NONE', #783, 1.799969025285000024 ) ;
#4233 = VERTEX_POINT ( 'NONE', #2758 ) ;
#4234 = VECTOR ( 'NONE', #332, 1000.000000000000000 ) ;
#4235 = FACE_OUTER_BOUND ( 'NONE', #1937, .T. ) ;
#4236 =( NAMED_UNIT ( * ) SI_UNIT ( $, .STERADIAN. ) SOLID_ANGLE_UNIT ( ) );
#4237 = CARTESIAN_POINT ( 'NONE',  ( 6.349999999999999645, -6.349999999999999645, 2.100027533553999959 ) ) ;
#4238 = EDGE_LOOP ( 'NONE', ( #1608, #3123, #1021, #930, #3117, #696, #4013, #3033 ) ) ;
#4239 = CARTESIAN_POINT ( 'NONE',  ( -4.825000000000000178, 0.000000000000000000, 11.55999999999999872 ) ) ;
#4240 = VECTOR ( 'NONE', #682, 1000.000000000000000 ) ;
#4241 = DIRECTION ( 'NONE',  ( 0.000000000000000000, 0.000000000000000000, 1.000000000000000000 ) ) ;
#4242 = AXIS2_PLACEMENT_3D ( 'NONE', #801, #449, #1871 ) ;
#4243 = AXIS2_PLACEMENT_3D ( 'NONE', #1137, #3598, #4278 ) ;
#4244 = ADVANCED_FACE ( 'NONE', ( #996, #3361 ), #1274, .T. ) ;
#4245 = CARTESIAN_POINT ( 'NONE',  ( 5.472996033608000133, 0.5525526725696999764, 13.23078702727000078 ) ) ;
#4246 = ORIENTED_EDGE ( 'NONE', *, *, #2395, .T. ) ;
#4247 = CARTESIAN_POINT ( 'NONE',  ( -0.1499999999999999944, -1.039230484540999866, 14.86500000000000021 ) ) ;
#4248 = SURFACE_STYLE_USAGE ( .BOTH. , #110 ) ;
#4249 = AXIS2_PLACEMENT_3D ( 'NONE', #4019, #3997, #2683 ) ;
#4250 = CARTESIAN_POINT ( 'NONE',  ( 0.000000000000000000, 0.000000000000000000, -1.199999999999999956 ) ) ;
#4251 = DIRECTION ( 'NONE',  ( -1.000000000000000000, 0.000000000000000000, 0.000000000000000000 ) ) ;
#4252 = EDGE_CURVE ( 'NONE', #306, #939, #1811, .T. ) ;
#4253 = CIRCLE ( 'NONE', #71, 4.825000000000000178 ) ;
#4254 = VERTEX_POINT ( 'NONE', #2166 ) ;
#4255 = CARTESIAN_POINT ( 'NONE',  ( 4.647072058422298646, 1.317879053189220162, 11.91819312691081123 ) ) ;
#4256 = LINE ( 'NONE', #2171, #3824 ) ;
#4257 = LINE ( 'NONE', #757, #1123 ) ;
#4258 = UNCERTAINTY_MEASURE_WITH_UNIT (LENGTH_MEASURE( 1.000000000000000082E-05 ), #4352, 'distance_accuracy_value', 'NONE');
#4259 = EDGE_CURVE ( 'NONE', #2754, #1329, #751, .T. ) ;
#4260 = SURFACE_STYLE_FILL_AREA ( #2150 ) ;
#4261 = AXIS2_PLACEMENT_3D ( 'NONE', #1994, #4228, #2377 ) ;
#4263 = EDGE_LOOP ( 'NONE', ( #3842, #4488, #3786, #1723, #4365, #2426 ) ) ;
#4262 = FILL_AREA_STYLE ('',( #2075 ) ) ;
#4264 = SURFACE_SIDE_STYLE ('',( #3513 ) ) ;
#4265 = CARTESIAN_POINT ( 'NONE',  ( -5.500000000000000000, 6.735557395310442023E-16, 2.299999999999999822 ) ) ;
#4266 = CARTESIAN_POINT ( 'NONE',  ( 0.000000000000000000, 0.000000000000000000, 14.05999999999999872 ) ) ;
#4267 = CARTESIAN_POINT ( 'NONE',  ( 4.575000000000000178, 0.9617718549370595227, 14.06000000450239362 ) ) ;
#4268 = ORIENTED_EDGE ( 'NONE', *, *, #2006, .F. ) ;
#4269 = CARTESIAN_POINT ( 'NONE',  ( 6.349999999999999645, -6.349999999999999645, 2.299999999999999822 ) ) ;
#4270 = CARTESIAN_POINT ( 'NONE',  ( 5.422465737348000303, -0.9212467565702999739, 14.43957817003999899 ) ) ;
#4271 = CARTESIAN_POINT ( 'NONE',  ( -1.039230484540999866, -0.1499999999999999944, 10.56499999999999950 ) ) ;
#4272 = VERTEX_POINT ( 'NONE', #311 ) ;
#4273 = CARTESIAN_POINT ( 'NONE',  ( -0.1474725353612652001, 0.6987688352396822511, -7.192986056871738754 ) ) ;
#4274 = FILL_AREA_STYLE_COLOUR ( '', #52 ) ;
#4275 = CARTESIAN_POINT ( 'NONE',  ( -0.7099999999999999645, -0.06282107932337689660, -5.884624424521486041 ) ) ;
#4276 = CARTESIAN_POINT ( 'NONE',  ( -4.574999999999721290, -1.532970971676627325, 16.03484176581234522 ) ) ;
#4277 = EDGE_LOOP ( 'NONE', ( #4504, #4032, #3547, #4542 ) ) ;
#4278 = DIRECTION ( 'NONE',  ( 0.000000000000000000, 1.000000000000000000, 0.000000000000000000 ) ) ;
#4279 = FACE_OUTER_BOUND ( 'NONE', #80, .T. ) ;
#4280 = CARTESIAN_POINT ( 'NONE',  ( 6.349999999999999645, -8.049985370263998519, 2.200014624412999886 ) ) ;
#4281 = EDGE_CURVE ( 'NONE', #3690, #3162, #4505, .T. ) ;
#4282 = FACE_OUTER_BOUND ( 'NONE', #3732, .T. ) ;
#4284 = ORIENTED_EDGE ( 'NONE', *, *, #1642, .T. ) ;
#4283 = FACE_OUTER_BOUND ( 'NONE', #3223, .T. ) ;
#4285 = CIRCLE ( 'NONE', #901, 3.550000000000000266 ) ;
#4286 = APPLICATION_PROTOCOL_DEFINITION ( 'draft international standard', 'automotive_design', 1998, #1635 ) ;
#4287 = EDGE_CURVE ( 'NONE', #3208, #3952, #2099, .T. ) ;
#4288 = FACE_OUTER_BOUND ( 'NONE', #2216, .T. ) ;
#4289 = CARTESIAN_POINT ( 'NONE',  ( 0.7099999999999999645, -8.694992273946208239E-17, -9.563250000000000028 ) ) ;
#4290 = CONICAL_SURFACE ( 'NONE', #2748, 0.7966025403783999481, 0.5235987755981996727 ) ;
#4291 = CARTESIAN_POINT ( 'NONE',  ( 4.575000000000000178, 0.9628597210497695791, 13.97521986400258243 ) ) ;
#4292 = DIRECTION ( 'NONE',  ( 0.000000000000000000, -1.000000000000000000, 0.000000000000000000 ) ) ;
#4293 = ORIENTED_EDGE ( 'NONE', *, *, #3661, .F. ) ;
#4294 = PLANE ( 'NONE',  #1304 ) ;
#4295 = AXIS2_PLACEMENT_3D ( 'NONE', #1414, #2804, #4176 ) ;
#4296 = DIRECTION ( 'NONE',  ( -1.000000000000000000, 0.000000000000000000, 0.000000000000000000 ) ) ;
#4297 = DIRECTION ( 'NONE',  ( 0.000000000000000000, 0.000000000000000000, 1.000000000000000000 ) ) ;
#4298 = ORIENTED_EDGE ( 'NONE', *, *, #1816, .T. ) ;
#4299 = ORIENTED_EDGE ( 'NONE', *, *, #1031, .T. ) ;
#4300 =( NAMED_UNIT ( * ) SI_UNIT ( $, .STERADIAN. ) SOLID_ANGLE_UNIT ( ) );
#4301 = VERTEX_POINT ( 'NONE', #1805 ) ;
#4302 = PRESENTATION_STYLE_ASSIGNMENT (( #3325 ) ) ;
#4303 = UNCERTAINTY_MEASURE_WITH_UNIT (LENGTH_MEASURE( 1.000000000000000082E-05 ), #2661, 'distance_accuracy_value', 'NONE');
#4304 = CARTESIAN_POINT ( 'NONE',  ( -1.039230484540999866, -0.1499999999999999944, 10.56499999999999950 ) ) ;
#4305 = EDGE_CURVE ( 'NONE', #64, #1551, #277, .T. ) ;
#4306 = ORIENTED_EDGE ( 'NONE', *, *, #1399, .T. ) ;
#4307 = CARTESIAN_POINT ( 'NONE',  ( -5.472996513920999284, -0.5525478471670000058, 13.23078393996000024 ) ) ;
#4308 = PRESENTATION_STYLE_ASSIGNMENT (( #765 ) ) ;
#4309 = AXIS2_PLACEMENT_3D ( 'NONE', #3700, #2978, #3724 ) ;
#4310 = ADVANCED_FACE ( 'NONE', ( #3199 ), #3113, .T. ) ;
#4311 = CARTESIAN_POINT ( 'NONE',  ( -4.575000000000000178, -1.136826662985000125, 14.91724305139000073 ) ) ;
#4312 = ORIENTED_EDGE ( 'NONE', *, *, #2551, .T. ) ;
#4313 = CARTESIAN_POINT ( 'NONE',  ( -1.050000000000000044, 0.000000000000000000, 10.56499999999999950 ) ) ;
#4314 = VECTOR ( 'NONE', #229, 1000.000000000000000 ) ;
#4315 = CARTESIAN_POINT ( 'NONE',  ( 5.487878057556999423, -0.3796533163960000290, 14.98121192820999958 ) ) ;
#4316 = AXIS2_PLACEMENT_3D ( 'NONE', #4266, #3491, #1846 ) ;
#4317 = VECTOR ( 'NONE', #913, 1000.000000000000000 ) ;
#4318 = CARTESIAN_POINT ( 'NONE',  ( -1.050000000000000044, -7.715944918797495202E-32, -5.400000000000098943 ) ) ;
#4319 = ORIENTED_EDGE ( 'NONE', *, *, #2460, .F. ) ;
#4320 = CARTESIAN_POINT ( 'NONE',  ( -0.2979251975430796673, 0.6464515890934499076, -6.729065467998703198 ) ) ;
#4321 = SURFACE_SIDE_STYLE ('',( #3256 ) ) ;
#4322 = CARTESIAN_POINT ( 'NONE',  ( 3.550000000000000266, -4.347496136973103873E-16, -1.000000000000000000 ) ) ;
#4323 = AXIS2_PLACEMENT_3D ( 'NONE', #556, #2714, #182 ) ;
#4324 = CIRCLE ( 'NONE', #1758, 1.599999999999999867 ) ;
#4325 = VERTEX_POINT ( 'NONE', #3815 ) ;
#4326 = CYLINDRICAL_SURFACE ( 'NONE', #4243, 1.269999999999999352 ) ;
#4327 = PRESENTATION_LAYER_ASSIGNMENT (  '', '', ( #4034 ) ) ;
#4328 = DIRECTION ( 'NONE',  ( 0.000000000000000000, 0.000000000000000000, -1.000000000000000000 ) ) ;
#4329 = STYLED_ITEM ( 'NONE', ( #3423 ), #1388 ) ;
#4330 = CARTESIAN_POINT ( 'NONE',  ( 4.575000000000000178, 1.020430439695000135, 13.55321981296999923 ) ) ;
#4331 = AXIS2_PLACEMENT_3D ( 'NONE', #2712, #695, #2113 ) ;
#4332 = CARTESIAN_POINT ( 'NONE',  ( 0.000000000000000000, -0.7099999999999999645, -8.400000000000000355 ) ) ;
#4334 = VERTEX_POINT ( 'NONE', #3882 ) ;
#4333 = CARTESIAN_POINT ( 'NONE',  ( 0.1499999999999999944, 0.7515266461379999097, 14.66255223760000170 ) ) ;
#4335 = ADVANCED_FACE ( 'NONE', ( #4515, #677 ), #1041, .T. ) ;
#4336 = DIRECTION ( 'NONE',  ( 0.000000000000000000, 1.000000000000000000, 0.000000000000000000 ) ) ;
#4337 = CARTESIAN_POINT ( 'NONE',  ( -4.575000000000000178, -0.9617718549370564141, 14.06000000450248422 ) ) ;
#4338 = VECTOR ( 'NONE', #3372, 1000.000000000000000 ) ;
#4339 = DIRECTION ( 'NONE',  ( 0.000000000000000000, 0.000000000000000000, 1.000000000000000000 ) ) ;
#4340 = DIRECTION ( 'NONE',  ( 0.000000000000000000, 0.000000000000000000, 1.000000000000000000 ) ) ;
#4341 = ORIENTED_EDGE ( 'NONE', *, *, #2429, .F. ) ;
#4342 = FACE_OUTER_BOUND ( 'NONE', #4523, .T. ) ;
#4343 = EDGE_CURVE ( 'NONE', #3507, #4410, #3857, .T. ) ;
#4344 = DIRECTION ( 'NONE',  ( 0.000000000000000000, 0.000000000000000000, 1.000000000000000000 ) ) ;
#4345 = STYLED_ITEM ( 'NONE', ( #474 ), #3416 ) ;
#4346 = VERTEX_POINT ( 'NONE', #2507 ) ;
#4347 = CARTESIAN_POINT ( 'NONE',  ( -0.6939740629158999141, 0.1499999999999999944, 14.56499999999999950 ) ) ;
#4348 = EDGE_CURVE ( 'NONE', #3797, #3872, #389, .T. ) ;
#4349 = ORIENTED_EDGE ( 'NONE', *, *, #1980, .F. ) ;
#4350 = DIRECTION ( 'NONE',  ( 0.000000000000000000, 0.000000000000000000, 1.000000000000000000 ) ) ;
#4351 = LINE ( 'NONE', #454, #888 ) ;
#4352 =( LENGTH_UNIT ( ) NAMED_UNIT ( * ) SI_UNIT ( .MILLI., .METRE. ) );
#4353 = CARTESIAN_POINT ( 'NONE',  ( 4.575000000000000178, 0.9819403386885001694, 13.76724758840999918 ) ) ;
#4354 = FACE_BOUND ( 'NONE', #1377, .T. ) ;
#4355 = ORIENTED_EDGE ( 'NONE', *, *, #430, .F. ) ;
#4356 = DIRECTION ( 'NONE',  ( 1.000000000000000000, 0.000000000000000000, 0.000000000000000000 ) ) ;
#4357 = SURFACE_SIDE_STYLE ('',( #1591 ) ) ;
#4358 = DIRECTION ( 'NONE',  ( 0.000000000000000000, 0.000000000000000000, 1.000000000000000000 ) ) ;
#4359 = ORIENTED_EDGE ( 'NONE', *, *, #1371, .F. ) ;
#4360 = CARTESIAN_POINT ( 'NONE',  ( -4.575000000000000178, 0.000000000000000000, 18.30000000000000071 ) ) ;
#4361 = STYLED_ITEM ( 'NONE', ( #2900 ), #4468 ) ;
#4362 = DIRECTION ( 'NONE',  ( -1.000000000000000000, 0.000000000000000000, 0.000000000000000000 ) ) ;
#4363 = AXIS2_PLACEMENT_3D ( 'NONE', #2235, #106, #2894 ) ;
#4364 = CARTESIAN_POINT ( 'NONE',  ( 0.000000000000000000, 0.000000000000000000, -8.400000000000000355 ) ) ;
#4365 = ORIENTED_EDGE ( 'NONE', *, *, #3127, .F. ) ;
#4366 = ADVANCED_FACE ( 'NONE', ( #660 ), #1883, .F. ) ;
#4367 = DIRECTION ( 'NONE',  ( 1.000000000000000000, 0.000000000000000000, 0.000000000000000000 ) ) ;
#4368 = FILL_AREA_STYLE ('',( #2536 ) ) ;
#4369 = VECTOR ( 'NONE', #2117, 1000.000000000000000 ) ;
#4370 = ORIENTED_EDGE ( 'NONE', *, *, #4305, .F. ) ;
#4371 = CARTESIAN_POINT ( 'NONE',  ( 0.6939740629158999141, 0.1499999999999999944, 14.56499999999999950 ) ) ;
#4372 = EDGE_CURVE ( 'NONE', #2028, #1966, #3226, .T. ) ;
#4373 = CARTESIAN_POINT ( 'NONE',  ( -0.1499999999999999944, 0.8703741808410999647, 14.86500000000000021 ) ) ;
#4374 =( NAMED_UNIT ( * ) SI_UNIT ( $, .STERADIAN. ) SOLID_ANGLE_UNIT ( ) );
#4375 = ORIENTED_EDGE ( 'NONE', *, *, #2915, .F. ) ;
#4376 = CARTESIAN_POINT ( 'NONE',  ( 0.000000000000000000, 0.000000000000000000, 0.000000000000000000 ) ) ;
#4377 = CARTESIAN_POINT ( 'NONE',  ( -4.575000000000000178, 0.000000000000000000, 14.05999999999999872 ) ) ;
#4378 = EDGE_LOOP ( 'NONE', ( #193, #533, #2101, #4299 ) ) ;
#4379 = DIRECTION ( 'NONE',  ( 0.000000000000000000, 0.000000000000000000, -1.000000000000000000 ) ) ;
#4380 = COLOUR_RGB ( '',1.000000000000000000, 0.8705882352941176627, 0.5294117647058823595 ) ;
#4381 = FACE_OUTER_BOUND ( 'NONE', #2138, .T. ) ;
#4382 = VERTEX_POINT ( 'NONE', #3834 ) ;
#4383 = CYLINDRICAL_SURFACE ( 'NONE', #2861, 2.350000000000000089 ) ;
#4384 = FACE_BOUND ( 'NONE', #387, .T. ) ;
#4385 = CARTESIAN_POINT ( 'NONE',  ( 7.950000000000000178, -6.349999999999999645, 2.100027533553999959 ) ) ;
#4386 = EDGE_CURVE ( 'NONE', #2865, #3497, #2314, .T. ) ;
#4387 = MECHANICAL_DESIGN_GEOMETRIC_PRESENTATION_REPRESENTATION (  '', ( #560 ), #2710 ) ;
#4388 = ORIENTED_EDGE ( 'NONE', *, *, #3916, .T. ) ;
#4389 = CARTESIAN_POINT ( 'NONE',  ( 4.825000000000000178, 0.000000000000000000, 11.55999999999999872 ) ) ;
#4390 = DIRECTION ( 'NONE',  ( 0.000000000000000000, 0.000000000000000000, 1.000000000000000000 ) ) ;
#4391 = VECTOR ( 'NONE', #2498, 1000.000000000000000 ) ;
#4392 = DIRECTION ( 'NONE',  ( 0.000000000000000000, 0.000000000000000000, -1.000000000000000000 ) ) ;
#4393 = CIRCLE ( 'NONE', #711, 0.7099999999999999645 ) ;
#4394 = EDGE_CURVE ( 'NONE', #3597, #2375, #3043, .T. ) ;
#4395 = CIRCLE ( 'NONE', #1147, 1.799969025285000024 ) ;
#4396 = CIRCLE ( 'NONE', #2417, 4.074999999999999289 ) ;
#4397 = FACE_OUTER_BOUND ( 'NONE', #732, .T. ) ;
#4399 = VERTEX_POINT ( 'NONE', #2952 ) ;
#4398 = LINE ( 'NONE', #2654, #1968 ) ;
#4400 = AXIS2_PLACEMENT_3D ( 'NONE', #3254, #1921, #2985 ) ;
#4401 = EDGE_CURVE ( 'NONE', #4440, #343, #4070, .T. ) ;
#4402 = CARTESIAN_POINT ( 'NONE',  ( -0.8502755931665999523, -0.1499999999999999944, 14.83069395849000038 ) ) ;
#4403 = ORIENTED_EDGE ( 'NONE', *, *, #1130, .T. ) ;
#4404 = VECTOR ( 'NONE', #2576, 1000.000000000000000 ) ;
#4405 = CARTESIAN_POINT ( 'NONE',  ( -6.349999999999999645, -4.550030974715193466, 0.000000000000000000 ) ) ;
#4406 = EDGE_LOOP ( 'NONE', ( #186, #2973, #1139, #3214, #4060 ) ) ;
#4407 = CIRCLE ( 'NONE', #2792, 1.600000000000000755 ) ;
#4408 = FACE_OUTER_BOUND ( 'NONE', #2480, .T. ) ;
#4409 = CARTESIAN_POINT ( 'NONE',  ( 3.550000000000000266, -4.347496136973103873E-16, -1.199999999999999956 ) ) ;
#4410 = VERTEX_POINT ( 'NONE', #1540 ) ;
#4411 = AXIS2_PLACEMENT_3D ( 'NONE', #1659, #362, #2722 ) ;
#4412 = LINE ( 'NONE', #3650, #3238 ) ;
#4413 = VERTEX_POINT ( 'NONE', #2262 ) ;
#4414 = DIRECTION ( 'NONE',  ( 0.000000000000000000, 0.000000000000000000, 1.000000000000000000 ) ) ;
#4415 = CARTESIAN_POINT ( 'NONE',  ( 0.1499999999999999944, 1.039230484540999866, 14.86500000000000021 ) ) ;
#4416 = DIRECTION ( 'NONE',  ( -1.000000000000000000, 0.000000000000000000, 0.000000000000000000 ) ) ;
#4418 = ORIENTED_EDGE ( 'NONE', *, *, #169, .T. ) ;
#4417 = CARTESIAN_POINT ( 'NONE',  ( -0.1499999999999999944, -0.6939740629158999141, 14.56499999999999950 ) ) ;
#4419 = EDGE_CURVE ( 'NONE', #3952, #3348, #2086, .T. ) ;
#4420 = SURFACE_STYLE_USAGE ( .BOTH. , #4357 ) ;
#4421 = DIRECTION ( 'NONE',  ( 1.000000000000000000, 0.000000000000000000, 0.000000000000000000 ) ) ;
#4422 = VERTEX_POINT ( 'NONE', #4385 ) ;
#4423 = CARTESIAN_POINT ( 'NONE',  ( -0.6088457592988278932, -0.8592430450975639955, -6.052698470656649121 ) ) ;
#4424 = EDGE_LOOP ( 'NONE', ( #2739, #97 ) ) ;
#4425 = ADVANCED_FACE ( 'NONE', ( #1201 ), #3278, .T. ) ;
#4426 = PRESENTATION_STYLE_ASSIGNMENT (( #3090 ) ) ;
#4427 = FILL_AREA_STYLE_COLOUR ( '', #2054 ) ;
#4428 = VERTEX_POINT ( 'NONE', #2583 ) ;
#4429 = LINE ( 'NONE', #885, #3662 ) ;
#4430 = DIRECTION ( 'NONE',  ( 0.000000000000000000, 0.000000000000000000, 1.000000000000000000 ) ) ;
#4431 = PRODUCT_DEFINITION_FORMATION_WITH_SPECIFIED_SOURCE ( 'ANY', '', #3694, .NOT_KNOWN. ) ;
#4432 = CIRCLE ( 'NONE', #4363, 1.600000000000000755 ) ;
#4433 = FACE_OUTER_BOUND ( 'NONE', #1154, .T. ) ;
#4434 = MECHANICAL_DESIGN_GEOMETRIC_PRESENTATION_REPRESENTATION (  '', ( #2311 ), #1195 ) ;
#4435 = ORIENTED_EDGE ( 'NONE', *, *, #4527, .F. ) ;
#4436 = CARTESIAN_POINT ( 'NONE',  ( -7.479999999999999538, -8.750000000000000000, 0.000000000000000000 ) ) ;
#4437 = DIRECTION ( 'NONE',  ( 0.000000000000000000, 0.000000000000000000, 1.000000000000000000 ) ) ;
#4438 = AXIS2_PLACEMENT_3D ( 'NONE', #2289, #2987, #471 ) ;
#4439 = CARTESIAN_POINT ( 'NONE',  ( -1.039230484540999866, 0.1499999999999999944, 14.86500000000000021 ) ) ;
#4440 = VERTEX_POINT ( 'NONE', #4347 ) ;
#4441 = CARTESIAN_POINT ( 'NONE',  ( 2.700000000000000178, -3.306546357697853733E-16, -4.530000000000000249 ) ) ;
#4442 = ADVANCED_FACE ( 'NONE', ( #496 ), #91, .T. ) ;
#4443 = VERTEX_POINT ( 'NONE', #1486 ) ;
#4444 = DIRECTION ( 'NONE',  ( 0.000000000000000000, 0.000000000000000000, 1.000000000000000000 ) ) ;
#4445 = B_SPLINE_CURVE_WITH_KNOTS ( 'NONE', 3,
 ( #1789, #1813, #2469, #1422, #1049, #7 ),
 .UNSPECIFIED., .F., .F.,
 ( 4, 2, 4 ),
 ( 8.275127607381742318E-16, 0.0008341530912361271814, 0.001668306182471426900 ),
 .UNSPECIFIED. ) ;
#4446 = CARTESIAN_POINT ( 'NONE',  ( -6.349999999999999645, 6.349999999999999645, 2.299999999999999822 ) ) ;
#4447 = EDGE_CURVE ( 'NONE', #246, #103, #517, .T. ) ;
#4448 = CARTESIAN_POINT ( 'NONE',  ( -4.575000000000000178, -0.9715146960295999445, 13.86958152558000101 ) ) ;
#4449 = FILL_AREA_STYLE ('',( #3401 ) ) ;
#4450 = ORIENTED_EDGE ( 'NONE', *, *, #3947, .T. ) ;
#4451 = SURFACE_STYLE_USAGE ( .BOTH. , #923 ) ;
#4452 = CARTESIAN_POINT ( 'NONE',  ( 1.050000000000000044, -1.285879139104720732E-16, -3.600000000000000089 ) ) ;
#4453 = PRESENTATION_LAYER_ASSIGNMENT (  '', '', ( #2110 ) ) ;
#4454 =( NAMED_UNIT ( * ) SI_UNIT ( $, .STERADIAN. ) SOLID_ANGLE_UNIT ( ) );
#4455 = ORIENTED_EDGE ( 'NONE', *, *, #1578, .F. ) ;
#4456 = CARTESIAN_POINT ( 'NONE',  ( 0.000000000000000000, 0.000000000000000000, 14.05999999999999872 ) ) ;
#4457 = DIRECTION ( 'NONE',  ( -0.1428571428570990787, -0.9897433186107934544, 0.000000000000000000 ) ) ;
#4458 = AXIS2_PLACEMENT_3D ( 'NONE', #1806, #1091, #1112 ) ;
#4459 = ORIENTED_EDGE ( 'NONE', *, *, #307, .T. ) ;
#4460 = AXIS2_PLACEMENT_3D ( 'NONE', #3948, #976, #631 ) ;
#4461 = DIRECTION ( 'NONE',  ( -0.1428571428570990787, 0.9897433186107934544, 0.000000000000000000 ) ) ;
#4462 = ORIENTED_EDGE ( 'NONE', *, *, #3655, .F. ) ;
#4463 = LINE ( 'NONE', #734, #1691 ) ;
#4464 = VERTEX_POINT ( 'NONE', #4322 ) ;
#4465 = AXIS2_PLACEMENT_3D ( 'NONE', #2432, #596, #670 ) ;
#4466 = PRESENTATION_LAYER_ASSIGNMENT (  '', '', ( #488 ) ) ;
#4467 = CARTESIAN_POINT ( 'NONE',  ( -0.2406470814730409247, 1.023014809051114637, -6.889653198919376109 ) ) ;
#4468 = ADVANCED_FACE ( 'NONE', ( #3593 ), #1181, .F. ) ;
#4469 = PRESENTATION_STYLE_ASSIGNMENT (( #3070 ) ) ;
#4470 = MECHANICAL_DESIGN_GEOMETRIC_PRESENTATION_REPRESENTATION (  '', ( #803 ), #4037 ) ;
#4471 = CARTESIAN_POINT ( 'NONE',  ( 0.000000000000000000, 0.000000000000000000, -3.600000000000000089 ) ) ;
#4472 = CARTESIAN_POINT ( 'NONE',  ( -4.575000000000000178, 1.020431245281000043, 14.56678259949999976 ) ) ;
#4473 = ORIENTED_EDGE ( 'NONE', *, *, #2250, .F. ) ;
#4474 = DIRECTION ( 'NONE',  ( 1.000000000000000000, 0.000000000000000000, 0.000000000000000000 ) ) ;
#4475 = ADVANCED_FACE ( 'NONE', ( #2242 ), #3626, .F. ) ;
#4476 = MECHANICAL_DESIGN_GEOMETRIC_PRESENTATION_REPRESENTATION (  '', ( #1925 ), #2425 ) ;
#4477 = ORIENTED_EDGE ( 'NONE', *, *, #1607, .F. ) ;
#4478 = CARTESIAN_POINT ( 'NONE',  ( -4.575000000000000178, 0.000000000000000000, 14.05999999999999872 ) ) ;
#4479 = ADVANCED_FACE ( 'NONE', ( #2398 ), #298, .T. ) ;
#4480 = SURFACE_STYLE_USAGE ( .BOTH. , #3429 ) ;
#4481 = ORIENTED_EDGE ( 'NONE', *, *, #3014, .T. ) ;
#4482 = DIRECTION ( 'NONE',  ( 0.000000000000000000, -0.6131883886701940956, -0.7899367063252922261 ) ) ;
#4483 = ORIENTED_EDGE ( 'NONE', *, *, #960, .T. ) ;
#4484 = VERTEX_POINT ( 'NONE', #2015 ) ;
#4485 = DIRECTION ( 'NONE',  ( -1.000000000000000000, 0.000000000000000000, 0.000000000000000000 ) ) ;
#4486 = DIRECTION ( 'NONE',  ( 0.000000000000000000, 0.000000000000000000, 1.000000000000000000 ) ) ;
#4487 = CARTESIAN_POINT ( 'NONE',  ( -4.344337567296999936, 5.320279096205869651E-16, 18.05000000000000071 ) ) ;
#4488 = ORIENTED_EDGE ( 'NONE', *, *, #2660, .F. ) ;
#4489 = DIRECTION ( 'NONE',  ( -1.000000000000000000, 0.000000000000000000, 0.000000000000000000 ) ) ;
#4490 = CARTESIAN_POINT ( 'NONE',  ( 4.575000000000000178, 1.532970971676000049, 15.69630681720000176 ) ) ;
#4491 = ADVANCED_FACE ( 'NONE', ( #320 ), #898, .F. ) ;
#4492 = DIRECTION ( 'NONE',  ( 0.000000000000000000, 0.000000000000000000, 1.000000000000000000 ) ) ;
#4493 = ORIENTED_EDGE ( 'NONE', *, *, #3069, .T. ) ;
#4494 = LINE ( 'NONE', #1316, #135 ) ;
#4495 = ORIENTED_EDGE ( 'NONE', *, *, #41, .T. ) ;
#4496 = FACE_OUTER_BOUND ( 'NONE', #2396, .T. ) ;
#4497 = CARTESIAN_POINT ( 'NONE',  ( 1.050000000000000044, -1.285879139104720978E-16, 10.56499999999999950 ) ) ;
#4498 = ADVANCED_FACE ( 'NONE', ( #2766, #1713 ), #2362, .T. ) ;
#4499 = ORIENTED_EDGE ( 'NONE', *, *, #1788, .F. ) ;
#4500 = LINE ( 'NONE', #3202, #421 ) ;
#4501 = CARTESIAN_POINT ( 'NONE',  ( -6.349999999999999645, 6.349999999999999645, 0.1999724664463000123 ) ) ;
#4502 = AXIS2_PLACEMENT_3D ( 'NONE', #2489, #735, #2513 ) ;
#4503 = EDGE_CURVE ( 'NONE', #1333, #3255, #1009, .T. ) ;
#4504 = ORIENTED_EDGE ( 'NONE', *, *, #1180, .F. ) ;
#4505 = CIRCLE ( 'NONE', #1727, 1.600000000000000755 ) ;
#4506 = ORIENTED_EDGE ( 'NONE', *, *, #2372, .T. ) ;
#4507 = PLANE ( 'NONE',  #3041 ) ;
#4508 = PLANE ( 'NONE',  #3671 ) ;
#4509 = VERTEX_POINT ( 'NONE', #4526 ) ;
#4510 = DIRECTION ( 'NONE',  ( 0.9481865284974227981, 0.3177141910208074460, 0.000000000000000000 ) ) ;
#4511 = CARTESIAN_POINT ( 'NONE',  ( -5.487878066542998923, 0.3796531748388999872, 14.98121198020000122 ) ) ;
#4512 = VERTEX_POINT ( 'NONE', #275 ) ;
#4513 = DIRECTION ( 'NONE',  ( 1.000000000000000000, 0.000000000000000000, 0.000000000000000000 ) ) ;
#4514 = ORIENTED_EDGE ( 'NONE', *, *, #820, .T. ) ;
#4515 = FACE_BOUND ( 'NONE', #4424, .T. ) ;
#4516 = EDGE_CURVE ( 'NONE', #401, #578, #4136, .T. ) ;
#4517 = CIRCLE ( 'NONE', #1900, 0.7099999999999999645 ) ;
#4518 = CARTESIAN_POINT ( 'NONE',  ( -6.349999999999999645, 4.650014629735999883, 2.200014624412999886 ) ) ;
#4519 = ORIENTED_EDGE ( 'NONE', *, *, #2994, .T. ) ;
#4520 = DIRECTION ( 'NONE',  ( 0.000000000000000000, 0.000000000000000000, 1.000000000000000000 ) ) ;
#4521 = EDGE_CURVE ( 'NONE', #3636, #2793, #1774, .T. ) ;
#4522 = VECTOR ( 'NONE', #1656, 1000.000000000000000 ) ;
#4523 = EDGE_LOOP ( 'NONE', ( #2316, #2682, #444 ) ) ;
#4525 = ORIENTED_EDGE ( 'NONE', *, *, #702, .F. ) ;
#4524 = FACE_OUTER_BOUND ( 'NONE', #922, .T. ) ;
#4526 = CARTESIAN_POINT ( 'NONE',  ( -7.950000000000000178, 6.349999999999999645, 2.100027533553999959 ) ) ;
#4527 = EDGE_CURVE ( 'NONE', #4422, #4198, #909, .T. ) ;
#4528 = AXIS2_PLACEMENT_3D ( 'NONE', #1778, #1702, #4197 ) ;
#4529 = AXIS2_PLACEMENT_3D ( 'NONE', #3462, #1064, #1756 ) ;
#4530 = FACE_OUTER_BOUND ( 'NONE', #1361, .T. ) ;
#4531 = CARTESIAN_POINT ( 'NONE',  ( -4.575000000000000178, -1.532970971676000049, 12.42369318280000101 ) ) ;
#4532 = CARTESIAN_POINT ( 'NONE',  ( 0.000000000000000000, 0.000000000000000000, 14.86500000000000021 ) ) ;
#4533 = VECTOR ( 'NONE', #1603, 1000.000000000000114 ) ;
#4534 = AXIS2_PLACEMENT_3D ( 'NONE', #335, #3155, #3 ) ;
#4535 = CARTESIAN_POINT ( 'NONE',  ( -0.1499999999999999944, 1.039230484540999866, 14.86500000000000021 ) ) ;
#4536 = VERTEX_POINT ( 'NONE', #3164 ) ;
#4537 = COLOUR_RGB ( '',1.000000000000000000, 0.8705882352941176627, 0.5294117647058823595 ) ;
#4538 = SURFACE_STYLE_USAGE ( .BOTH. , #3078 ) ;
#4539 = EDGE_LOOP ( 'NONE', ( #3100, #595, #165, #1959, #2919 ) ) ;
#4540 = AXIS2_PLACEMENT_3D ( 'NONE', #468, #131, #1936 ) ;
#4541 = CARTESIAN_POINT ( 'NONE',  ( -4.575000000000000178, 0.9715146960295999445, 13.86958152559000013 ) ) ;
#4542 = ORIENTED_EDGE ( 'NONE', *, *, #2953, .F. ) ;
#4543 = DIRECTION ( 'NONE',  ( 0.000000000000000000, 0.000000000000000000, 1.000000000000000000 ) ) ;
#4544 = DIRECTION ( 'NONE',  ( 0.000000000000000000, -1.000000000000000000, 0.000000000000000000 ) ) ;
#4545 = AXIS2_PLACEMENT_3D ( 'NONE', #4038, #4055, #3643 ) ;
#4546 = CARTESIAN_POINT ( 'NONE',  ( -4.575000000000000178, 1.532970971676000049, 12.42369318280000101 ) ) ;
ENDSEC;
END-ISO-10303-21;
